Customer/Merchant ID,Lead Source,Lead Status,Follow-up Date,Remarks
YESB96864286,Referral,In Progress,2024-04-10 00:00:00,Called for FD
YESB51651946,Walk-in,In Progress,2024-08-17 00:00:00,Called for FD
YESB78134529,Walk-in,Lost,2024-10-20 00:00:00,Wait for salary credit
YESB51856379,Digital Campaign,Converted,2024-09-23 00:00:00,Called for FD
YESB20353631,Walk-in,Converted,2024-05-15 00:00:00,KYC Pending
YESB51910434,Walk-in,Converted,2024-04-27 00:00:00,Interested in HL
YESB46617163,Referral,In Progress,2024-07-03 00:00:00,Interested in HL
YESB18557926,Digital Campaign,In Progress,2024-12-12 00:00:00,Wait for salary credit
YESB54289669,Walk-in,Converted,2024-11-14 00:00:00,Wait for salary credit
YESB71351264,Referral,Lost,2024-08-28 00:00:00,KYC Pending
YESB15242181,Walk-in,In Progress,2024-02-02 00:00:00,Interested in HL
YESB80177337,Digital Campaign,Converted,2024-04-05 00:00:00,Wait for salary credit
YESB38739714,Walk-in,Lost,2024-07-29 00:00:00,KYC Pending
YESB61521076,Referral,Converted,2024-07-22 00:00:00,Interested in HL
YESB23478730,Walk-in,In Progress,2024-03-22 00:00:00,Called for FD
YESB64817903,Referral,Converted,2024-04-11 00:00:00,Called for FD
YESB45782682,Walk-in,Converted,2024-04-04 00:00:00,KYC Pending
YESB53656679,Referral,Converted,2024-12-05 00:00:00,Called for FD
YESB89884493,Referral,Lost,2024-12-15 00:00:00,KYC Pending
YESB64420410,Walk-in,In Progress,2024-06-04 00:00:00,KYC Pending
YESB75435656,Walk-in,Converted,2024-12-21 00:00:00,Wait for salary credit
YESB37434542,Walk-in,Converted,2024-07-01 00:00:00,Interested in HL
YESB78431075,Walk-in,In Progress,2024-02-29 00:00:00,Interested in HL
YESB16027869,Referral,Lost,2024-10-15 00:00:00,Interested in HL
YESB85030258,Referral,Converted,2024-07-11 00:00:00,Interested in HL
YESB21069263,Digital Campaign,Converted,2024-03-30 00:00:00,KYC Pending
YESB92669609,Referral,Converted,2024-12-01 00:00:00,Wait for salary credit
YESB58341366,Referral,Lost,2024-03-27 00:00:00,Wait for salary credit
YESB10275180,Digital Campaign,Converted,2024-03-04 00:00:00,KYC Pending
YESB44996928,Digital Campaign,Converted,2024-02-06 00:00:00,KYC Pending
YESB82297404,Walk-in,In Progress,2024-08-13 00:00:00,KYC Pending
YESB74479240,Walk-in,In Progress,2024-01-01 00:00:00,Interested in HL
YESB13745241,Digital Campaign,In Progress,2024-06-03 00:00:00,Interested in HL
YESB10894908,Walk-in,Converted,2024-10-24 00:00:00,Interested in HL
YESB67260040,Referral,Converted,2024-05-08 00:00:00,Called for FD
YESB31388009,Referral,In Progress,2024-10-16 00:00:00,KYC Pending
YESB64149921,Digital Campaign,Lost,2024-06-20 00:00:00,KYC Pending
YESB88893275,Walk-in,Lost,2024-10-01 00:00:00,Called for FD
YESB20494962,Referral,Converted,2024-12-05 00:00:00,Called for FD
YESB64058747,Digital Campaign,Converted,2024-06-21 00:00:00,Wait for salary credit
YESB41501727,Walk-in,Converted,2024-05-05 00:00:00,Wait for salary credit
YESB35766938,Referral,Lost,2024-09-26 00:00:00,Wait for salary credit
YESB97222334,Walk-in,Lost,2024-02-21 00:00:00,Wait for salary credit
YESB85820304,Walk-in,Converted,2024-10-10 00:00:00,KYC Pending
YESB22981219,Digital Campaign,Lost,2024-11-03 00:00:00,KYC Pending
YESB27959766,Referral,Lost,2024-05-09 00:00:00,Wait for salary credit
YESB14833379,Referral,Lost,2024-06-09 00:00:00,Interested in HL
YESB25753397,Digital Campaign,Converted,2024-03-16 00:00:00,Called for FD
YESB99758997,Walk-in,In Progress,2024-10-15 00:00:00,KYC Pending
YESB72582566,Walk-in,Converted,2024-09-20 00:00:00,Interested in HL
YESB50007155,Digital Campaign,Lost,2024-11-29 00:00:00,Interested in HL
YESB78727216,Digital Campaign,In Progress,2024-04-18 00:00:00,Called for FD
YESB14758594,Digital Campaign,Converted,2024-11-05 00:00:00,Wait for salary credit
YESB95505573,Digital Campaign,In Progress,2024-07-04 00:00:00,Wait for salary credit
YESB95025289,Walk-in,In Progress,2024-04-29 00:00:00,Called for FD
YESB47899678,Digital Campaign,Converted,2024-03-06 00:00:00,Interested in HL
YESB16428289,Referral,Converted,2024-11-21 00:00:00,Wait for salary credit
YESB67165125,Walk-in,Lost,2024-05-28 00:00:00,Wait for salary credit
YESB14478069,Referral,In Progress,2024-11-11 00:00:00,Called for FD
YESB42117733,Digital Campaign,Converted,2024-05-10 00:00:00,Wait for salary credit
YESB77439430,Digital Campaign,Lost,2024-06-10 00:00:00,Called for FD
YESB63695027,Referral,Lost,2024-06-14 00:00:00,Wait for salary credit
YESB64464265,Referral,In Progress,2024-02-06 00:00:00,KYC Pending
YESB91560816,Digital Campaign,Lost,2024-08-24 00:00:00,Wait for salary credit
YESB12833128,Referral,Converted,2024-05-08 00:00:00,Interested in HL
YESB74314091,Referral,Converted,2024-05-25 00:00:00,KYC Pending
YESB81857384,Referral,Lost,2024-02-15 00:00:00,Interested in HL
YESB11600752,Walk-in,Lost,2024-04-21 00:00:00,Interested in HL
YESB62400202,Referral,In Progress,2024-05-09 00:00:00,Called for FD
YESB71201793,Digital Campaign,Converted,2024-01-11 00:00:00,Interested in HL
YESB76567945,Referral,In Progress,2024-07-12 00:00:00,KYC Pending
YESB23135454,Walk-in,In Progress,2024-07-16 00:00:00,KYC Pending
YESB63200212,Referral,Lost,2024-06-06 00:00:00,Wait for salary credit
YESB24177444,Referral,Lost,2024-02-03 00:00:00,KYC Pending
YESB40861718,Digital Campaign,Converted,2024-12-27 00:00:00,Called for FD
YESB82293103,Digital Campaign,Lost,2024-05-18 00:00:00,Interested in HL
YESB70806728,Walk-in,In Progress,2024-07-29 00:00:00,Called for FD
YESB53174709,Walk-in,Converted,2024-09-19 00:00:00,KYC Pending
YESB61919949,Referral,In Progress,2024-02-13 00:00:00,Wait for salary credit
YESB30731719,Digital Campaign,Lost,2024-09-01 00:00:00,KYC Pending
YESB95456646,Digital Campaign,Lost,2024-10-10 00:00:00,KYC Pending
YESB24148833,Digital Campaign,In Progress,2024-10-11 00:00:00,Called for FD
YESB95298689,Referral,Lost,2024-06-21 00:00:00,Interested in HL
YESB93353801,Digital Campaign,Converted,2024-03-13 00:00:00,Wait for salary credit
YESB29244356,Referral,Lost,2024-01-10 00:00:00,Called for FD
YESB24743515,Walk-in,In Progress,2024-09-05 00:00:00,Wait for salary credit
YESB26285454,Referral,Converted,2024-12-22 00:00:00,Wait for salary credit
YESB82139076,Referral,Lost,2024-01-19 00:00:00,Interested in HL
YESB91197149,Walk-in,Lost,2024-12-13 00:00:00,Wait for salary credit
YESB73626774,Digital Campaign,In Progress,2024-06-05 00:00:00,Called for FD
YESB74675689,Digital Campaign,In Progress,2024-06-17 00:00:00,Interested in HL
YESB93657534,Digital Campaign,Converted,2024-03-14 00:00:00,Called for FD
YESB88704782,Digital Campaign,Lost,2024-03-08 00:00:00,Interested in HL
YESB86714252,Walk-in,In Progress,2024-01-10 00:00:00,Wait for salary credit
YESB18136601,Referral,In Progress,2024-05-14 00:00:00,KYC Pending
YESB75756026,Referral,In Progress,2024-01-15 00:00:00,Wait for salary credit
YESB11191512,Referral,In Progress,2024-05-27 00:00:00,Called for FD
YESB69291463,Digital Campaign,In Progress,2024-08-14 00:00:00,Wait for salary credit
YESB59398962,Referral,Converted,2024-12-07 00:00:00,Wait for salary credit
YESB91203992,Referral,In Progress,2024-11-23 00:00:00,Interested in HL
YESB82446035,Referral,In Progress,2024-07-31 00:00:00,Wait for salary credit
YESB65659370,Digital Campaign,Converted,2024-09-20 00:00:00,Interested in HL
YESB35081135,Digital Campaign,Lost,2024-01-21 00:00:00,Called for FD
YESB15719458,Referral,In Progress,2024-07-06 00:00:00,Wait for salary credit
YESB31888146,Walk-in,Lost,2024-04-24 00:00:00,Wait for salary credit
YESB23401071,Referral,Lost,2024-08-12 00:00:00,Interested in HL
YESB14443603,Walk-in,Lost,2024-10-30 00:00:00,KYC Pending
YESB67204656,Walk-in,In Progress,2024-02-10 00:00:00,Interested in HL
YESB48305443,Walk-in,Lost,2024-12-14 00:00:00,Interested in HL
YESB78203579,Walk-in,Converted,2024-09-27 00:00:00,Interested in HL
YESB47641420,Walk-in,Converted,2024-10-09 00:00:00,Wait for salary credit
YESB24675629,Digital Campaign,In Progress,2024-03-01 00:00:00,Wait for salary credit
YESB95404830,Digital Campaign,In Progress,2024-06-15 00:00:00,Interested in HL
YESB80957665,Walk-in,Lost,2024-11-28 00:00:00,Wait for salary credit
YESB44736423,Referral,Lost,2024-10-10 00:00:00,KYC Pending
YESB13431024,Referral,In Progress,2024-12-04 00:00:00,Wait for salary credit
YESB28046155,Referral,Lost,2024-10-24 00:00:00,Interested in HL
YESB58081579,Walk-in,In Progress,2024-07-15 00:00:00,Interested in HL
YESB55212259,Digital Campaign,Converted,2024-05-27 00:00:00,Interested in HL
YESB89995800,Referral,Converted,2024-08-23 00:00:00,Called for FD
YESB13098909,Referral,In Progress,2024-01-25 00:00:00,Wait for salary credit
YESB83852592,Referral,In Progress,2024-03-08 00:00:00,Called for FD
YESB97061857,Digital Campaign,Converted,2024-10-19 00:00:00,Wait for salary credit
YESB84684732,Digital Campaign,Converted,2024-07-06 00:00:00,KYC Pending
YESB31712726,Referral,In Progress,2024-06-25 00:00:00,Wait for salary credit
YESB25323306,Digital Campaign,Converted,2024-10-09 00:00:00,Interested in HL
YESB67374703,Walk-in,In Progress,2024-01-28 00:00:00,Called for FD
YESB66985840,Digital Campaign,In Progress,2024-05-04 00:00:00,KYC Pending
YESB65437997,Digital Campaign,In Progress,2024-07-02 00:00:00,Called for FD
YESB45800942,Walk-in,Lost,2024-05-28 00:00:00,Called for FD
YESB21763787,Walk-in,In Progress,2024-06-24 00:00:00,Interested in HL
YESB53668067,Digital Campaign,Converted,2024-11-19 00:00:00,Wait for salary credit
YESB52186215,Referral,Converted,2024-05-24 00:00:00,Interested in HL
YESB41029559,Digital Campaign,Lost,2024-12-02 00:00:00,Interested in HL
YESB92489536,Digital Campaign,Lost,2024-05-16 00:00:00,Called for FD
YESB25531032,Referral,Converted,2024-04-11 00:00:00,KYC Pending
YESB67782130,Walk-in,Converted,2024-09-05 00:00:00,Interested in HL
YESB11440315,Walk-in,In Progress,2024-09-22 00:00:00,Wait for salary credit
YESB78315058,Digital Campaign,Lost,2024-06-15 00:00:00,Interested in HL
YESB32199885,Digital Campaign,Lost,2024-12-19 00:00:00,Interested in HL
YESB48489520,Digital Campaign,Lost,2024-10-14 00:00:00,Wait for salary credit
YESB87341901,Digital Campaign,Lost,2024-05-31 00:00:00,KYC Pending
YESB62607099,Referral,Converted,2024-04-26 00:00:00,Called for FD
YESB10309220,Digital Campaign,Lost,2024-02-26 00:00:00,KYC Pending
YESB60380772,Walk-in,In Progress,2024-04-15 00:00:00,Wait for salary credit
YESB85498550,Referral,Lost,2024-11-27 00:00:00,Wait for salary credit
YESB49610738,Referral,Converted,2024-11-27 00:00:00,Called for FD
YESB85310303,Digital Campaign,Converted,2024-09-28 00:00:00,Wait for salary credit
YESB73116504,Walk-in,In Progress,2024-07-18 00:00:00,Called for FD
YESB29268054,Referral,Lost,2024-08-17 00:00:00,KYC Pending
YESB10165220,Digital Campaign,Lost,2024-06-03 00:00:00,KYC Pending
YESB58298413,Digital Campaign,Lost,2024-09-18 00:00:00,Called for FD
YESB54842995,Referral,In Progress,2024-04-20 00:00:00,Interested in HL
YESB80708907,Digital Campaign,Lost,2024-11-05 00:00:00,Called for FD
YESB81171481,Referral,Converted,2024-07-25 00:00:00,Called for FD
YESB70805718,Digital Campaign,Converted,2024-02-10 00:00:00,Wait for salary credit
YESB11689764,Referral,Converted,2024-04-21 00:00:00,KYC Pending
YESB97052961,Referral,Lost,2024-08-24 00:00:00,Interested in HL
YESB65258305,Referral,Lost,2024-11-18 00:00:00,Interested in HL
YESB79933359,Walk-in,Converted,2024-08-10 00:00:00,Wait for salary credit
YESB84390155,Walk-in,In Progress,2024-09-07 00:00:00,KYC Pending
YESB31410538,Walk-in,Converted,2024-01-28 00:00:00,KYC Pending
YESB64435317,Referral,Converted,2024-07-20 00:00:00,Wait for salary credit
YESB30527051,Referral,Converted,2024-08-19 00:00:00,KYC Pending
YESB61521076,Digital Campaign,Lost,2024-02-14 00:00:00,Wait for salary credit
YESB94940398,Referral,In Progress,2024-12-07 00:00:00,Called for FD
YESB16010301,Digital Campaign,In Progress,2024-12-22 00:00:00,KYC Pending
YESB96141670,Digital Campaign,Converted,2024-07-18 00:00:00,Wait for salary credit
YESB19704054,Referral,Lost,2024-05-12 00:00:00,KYC Pending
YESB36101197,Walk-in,Lost,2024-08-30 00:00:00,KYC Pending
YESB89830416,Digital Campaign,Converted,2024-12-27 00:00:00,Interested in HL
YESB49208526,Walk-in,Converted,2024-08-04 00:00:00,KYC Pending
YESB37179235,Referral,Converted,2024-05-17 00:00:00,KYC Pending
YESB33412656,Digital Campaign,Lost,2024-08-14 00:00:00,Interested in HL
YESB49212749,Walk-in,Lost,2024-11-21 00:00:00,Interested in HL
YESB95456646,Digital Campaign,In Progress,2024-08-03 00:00:00,Called for FD
YESB12947028,Walk-in,In Progress,2024-02-03 00:00:00,Wait for salary credit
YESB84516831,Digital Campaign,Lost,2024-05-28 00:00:00,KYC Pending
YESB53002049,Referral,Converted,2024-09-26 00:00:00,KYC Pending
YESB23073685,Referral,Converted,2024-09-01 00:00:00,KYC Pending
YESB60339333,Walk-in,Converted,2024-06-25 00:00:00,Wait for salary credit
YESB10998684,Digital Campaign,In Progress,2024-08-14 00:00:00,KYC Pending
YESB16728972,Referral,In Progress,2024-05-19 00:00:00,KYC Pending
YESB22637777,Walk-in,In Progress,2024-04-04 00:00:00,Interested in HL
YESB45020758,Referral,Lost,2024-10-25 00:00:00,Called for FD
YESB77450315,Digital Campaign,Converted,2024-08-28 00:00:00,Wait for salary credit
YESB20065663,Digital Campaign,Converted,2024-11-11 00:00:00,Interested in HL
YESB22822822,Digital Campaign,Converted,2024-12-09 00:00:00,Called for FD
YESB73706670,Digital Campaign,Converted,2024-01-07 00:00:00,Called for FD
YESB34367356,Digital Campaign,Converted,2024-03-27 00:00:00,Called for FD
YESB61283438,Referral,Converted,2024-04-13 00:00:00,Wait for salary credit
YESB26863530,Digital Campaign,Lost,2024-06-14 00:00:00,KYC Pending
YESB66349108,Referral,In Progress,2024-02-04 00:00:00,Wait for salary credit
YESB36306934,Referral,In Progress,2024-04-24 00:00:00,Wait for salary credit
YESB10037025,Referral,In Progress,2024-12-22 00:00:00,Called for FD
YESB58079358,Referral,In Progress,2024-04-26 00:00:00,KYC Pending
YESB40841226,Walk-in,Converted,2024-08-16 00:00:00,KYC Pending
YESB60688713,Referral,In Progress,2024-11-13 00:00:00,Wait for salary credit
YESB63264506,Walk-in,Converted,2024-02-12 00:00:00,Interested in HL
YESB17931222,Digital Campaign,Converted,2024-01-30 00:00:00,KYC Pending
YESB96842245,Referral,Lost,2024-11-18 00:00:00,Wait for salary credit
YESB66399081,Walk-in,Lost,2024-07-03 00:00:00,KYC Pending
YESB16747532,Walk-in,Converted,2024-05-10 00:00:00,Wait for salary credit
YESB32653907,Referral,Lost,2024-10-21 00:00:00,Interested in HL
YESB11042520,Walk-in,Lost,2024-04-04 00:00:00,Called for FD
YESB99139866,Walk-in,In Progress,2024-02-13 00:00:00,Wait for salary credit
YESB15061021,Digital Campaign,Converted,2024-09-10 00:00:00,Wait for salary credit
YESB21735854,Walk-in,In Progress,2024-05-09 00:00:00,Wait for salary credit
YESB58633293,Walk-in,In Progress,2024-12-18 00:00:00,Called for FD
YESB28647476,Referral,In Progress,2024-06-08 00:00:00,Interested in HL
YESB40223259,Digital Campaign,In Progress,2024-06-27 00:00:00,Called for FD
YESB97378520,Referral,Lost,2024-04-27 00:00:00,Wait for salary credit
YESB46783065,Referral,Converted,2024-05-21 00:00:00,Wait for salary credit
YESB22124098,Digital Campaign,Converted,2024-01-26 00:00:00,Wait for salary credit
YESB22901871,Walk-in,In Progress,2024-07-18 00:00:00,KYC Pending
YESB66573984,Walk-in,In Progress,2024-03-21 00:00:00,KYC Pending
YESB67910993,Digital Campaign,Lost,2024-11-11 00:00:00,Interested in HL
YESB83557208,Digital Campaign,Converted,2024-01-21 00:00:00,Wait for salary credit
YESB22981219,Walk-in,Lost,2024-12-30 00:00:00,KYC Pending
YESB57228791,Referral,Lost,2024-01-15 00:00:00,Interested in HL
YESB61502972,Digital Campaign,Lost,2024-10-16 00:00:00,Called for FD
YESB19745764,Referral,Lost,2024-10-29 00:00:00,Interested in HL
YESB10049737,Digital Campaign,In Progress,2024-08-30 00:00:00,Interested in HL
YESB51952573,Referral,Converted,2024-11-25 00:00:00,Called for FD
YESB79214545,Referral,Converted,2024-10-09 00:00:00,Interested in HL
YESB21966413,Referral,In Progress,2024-10-28 00:00:00,Called for FD
YESB44214993,Digital Campaign,In Progress,2024-04-02 00:00:00,KYC Pending
YESB93272664,Walk-in,Converted,2024-02-06 00:00:00,Called for FD
YESB25991973,Digital Campaign,In Progress,2024-06-22 00:00:00,KYC Pending
YESB11047572,Referral,Converted,2024-10-06 00:00:00,Wait for salary credit
YESB93708946,Walk-in,Converted,2024-02-05 00:00:00,Wait for salary credit
YESB52247808,Referral,Converted,2024-01-30 00:00:00,Interested in HL
YESB96515588,Walk-in,In Progress,2024-05-01 00:00:00,Interested in HL
YESB92350329,Digital Campaign,Converted,2024-04-06 00:00:00,KYC Pending
YESB47177627,Walk-in,Converted,2024-07-11 00:00:00,Called for FD
YESB20423825,Digital Campaign,Lost,2024-03-10 00:00:00,Interested in HL
YESB29371622,Referral,Converted,2024-10-31 00:00:00,KYC Pending
YESB36152606,Digital Campaign,Lost,2024-07-11 00:00:00,KYC Pending
YESB38756300,Digital Campaign,Lost,2024-06-24 00:00:00,Interested in HL
YESB49579838,Walk-in,Lost,2024-05-17 00:00:00,Interested in HL
YESB74660979,Walk-in,In Progress,2024-05-30 00:00:00,Wait for salary credit
YESB34040656,Referral,Lost,2024-07-02 00:00:00,Called for FD
YESB59749097,Referral,In Progress,2024-06-19 00:00:00,Wait for salary credit
YESB59589597,Referral,Lost,2024-10-06 00:00:00,Called for FD
YESB24299110,Digital Campaign,Lost,2024-10-18 00:00:00,Called for FD
YESB76896068,Referral,Lost,2024-06-21 00:00:00,KYC Pending
YESB14064596,Walk-in,In Progress,2024-06-15 00:00:00,Wait for salary credit
YESB92492363,Digital Campaign,Converted,2024-10-03 00:00:00,Interested in HL
YESB23388241,Referral,In Progress,2024-06-02 00:00:00,Called for FD
YESB99797570,Digital Campaign,In Progress,2024-01-16 00:00:00,Called for FD
YESB83962607,Referral,Lost,2024-11-03 00:00:00,KYC Pending
YESB86176738,Referral,Converted,2024-09-26 00:00:00,KYC Pending
YESB45905981,Referral,Converted,2024-04-01 00:00:00,Called for FD
YESB66117332,Walk-in,Converted,2024-10-18 00:00:00,KYC Pending
YESB33213723,Referral,Lost,2024-08-18 00:00:00,Wait for salary credit
YESB92105425,Digital Campaign,In Progress,2024-04-10 00:00:00,Called for FD
YESB83438623,Digital Campaign,Lost,2024-12-13 00:00:00,KYC Pending
YESB26492177,Referral,In Progress,2024-05-18 00:00:00,Called for FD
YESB69738337,Walk-in,In Progress,2024-10-29 00:00:00,KYC Pending
YESB63576726,Walk-in,Lost,2024-05-23 00:00:00,Wait for salary credit
YESB91005429,Digital Campaign,In Progress,2024-06-21 00:00:00,Called for FD
YESB61837700,Walk-in,Converted,2024-07-22 00:00:00,Wait for salary credit
YESB55761836,Walk-in,In Progress,2024-01-18 00:00:00,KYC Pending
YESB65615751,Digital Campaign,Lost,2024-03-03 00:00:00,Interested in HL
YESB29746632,Referral,In Progress,2024-12-19 00:00:00,Interested in HL
YESB35395301,Walk-in,Converted,2024-12-01 00:00:00,Wait for salary credit
YESB58020900,Walk-in,Converted,2024-07-23 00:00:00,Interested in HL
YESB60573225,Referral,In Progress,2024-04-30 00:00:00,Interested in HL
YESB35651608,Digital Campaign,Lost,2024-05-18 00:00:00,Called for FD
YESB95469925,Digital Campaign,Converted,2024-12-09 00:00:00,Called for FD
YESB92134350,Referral,In Progress,2024-08-18 00:00:00,Called for FD
YESB95308486,Digital Campaign,In Progress,2024-07-09 00:00:00,KYC Pending
YESB13029279,Walk-in,Lost,2024-11-06 00:00:00,Interested in HL
YESB13265594,Referral,Converted,2024-03-17 00:00:00,Wait for salary credit
YESB88132894,Referral,In Progress,2024-03-19 00:00:00,Wait for salary credit
YESB91417186,Digital Campaign,Converted,2024-02-28 00:00:00,Interested in HL
YESB12984816,Digital Campaign,Converted,2024-05-29 00:00:00,Interested in HL
YESB32752407,Referral,Lost,2024-11-26 00:00:00,KYC Pending
YESB59058863,Digital Campaign,In Progress,2024-12-09 00:00:00,Called for FD
YESB63301882,Walk-in,Converted,2024-08-28 00:00:00,Interested in HL
YESB60512268,Digital Campaign,In Progress,2024-10-11 00:00:00,Interested in HL
YESB12260616,Digital Campaign,In Progress,2024-10-05 00:00:00,Wait for salary credit
YESB72301114,Digital Campaign,Converted,2024-07-27 00:00:00,KYC Pending
YESB60328807,Digital Campaign,In Progress,2024-03-04 00:00:00,Interested in HL
YESB23884331,Referral,In Progress,2024-04-10 00:00:00,Wait for salary credit
YESB33246891,Walk-in,Converted,2024-11-07 00:00:00,KYC Pending
YESB85346643,Referral,Lost,2024-05-29 00:00:00,Wait for salary credit
YESB12926577,Digital Campaign,Lost,2024-07-29 00:00:00,KYC Pending
YESB26483594,Walk-in,Converted,2024-11-22 00:00:00,Wait for salary credit
YESB80498569,Walk-in,Lost,2024-07-09 00:00:00,Called for FD
YESB78345912,Walk-in,Lost,2024-09-21 00:00:00,Called for FD
YESB42865108,Walk-in,Lost,2024-07-30 00:00:00,Wait for salary credit
YESB15643610,Walk-in,Lost,2024-04-09 00:00:00,Interested in HL
YESB83849605,Digital Campaign,Lost,2024-02-05 00:00:00,Wait for salary credit
YESB39840035,Digital Campaign,Converted,2024-01-20 00:00:00,Interested in HL
YESB21356562,Digital Campaign,In Progress,2024-01-11 00:00:00,Called for FD
YESB97606595,Referral,In Progress,2024-05-11 00:00:00,Wait for salary credit
YESB84142356,Walk-in,Lost,2024-12-21 00:00:00,Called for FD
YESB88748788,Walk-in,In Progress,2024-12-31 00:00:00,Wait for salary credit
YESB86552739,Referral,Converted,2024-06-23 00:00:00,Called for FD
YESB43824700,Walk-in,Converted,2024-07-19 00:00:00,KYC Pending
YESB11736742,Walk-in,Converted,2024-04-05 00:00:00,Called for FD
YESB96004607,Walk-in,In Progress,2024-03-23 00:00:00,Wait for salary credit
YESB84568441,Referral,Converted,2024-10-19 00:00:00,Called for FD
YESB35325178,Walk-in,In Progress,2024-06-23 00:00:00,Wait for salary credit
YESB29959702,Referral,Converted,2024-10-20 00:00:00,KYC Pending
YESB43835776,Digital Campaign,Lost,2024-03-18 00:00:00,Wait for salary credit
YESB34971353,Referral,Converted,2024-09-18 00:00:00,Interested in HL
YESB80327096,Referral,Lost,2024-04-30 00:00:00,KYC Pending
YESB61019902,Digital Campaign,In Progress,2024-06-25 00:00:00,Called for FD
YESB86817909,Referral,Converted,2024-08-03 00:00:00,Wait for salary credit
YESB69361843,Referral,In Progress,2024-11-05 00:00:00,Called for FD
YESB43262072,Digital Campaign,Lost,2024-01-03 00:00:00,KYC Pending
YESB43560975,Digital Campaign,In Progress,2024-01-16 00:00:00,Wait for salary credit
YESB32172183,Digital Campaign,Lost,2024-05-18 00:00:00,Called for FD
YESB67450711,Referral,Lost,2024-10-09 00:00:00,Wait for salary credit
YESB92226217,Walk-in,Converted,2024-04-12 00:00:00,Interested in HL
YESB57178742,Walk-in,Converted,2024-04-16 00:00:00,KYC Pending
YESB47547889,Digital Campaign,Lost,2024-01-31 00:00:00,KYC Pending
YESB77637734,Walk-in,Converted,2024-08-13 00:00:00,KYC Pending
YESB96783808,Digital Campaign,Converted,2024-03-18 00:00:00,Called for FD
YESB17676062,Walk-in,Converted,2024-11-16 00:00:00,Interested in HL
YESB98176104,Walk-in,Lost,2024-01-09 00:00:00,Wait for salary credit
YESB66401022,Digital Campaign,In Progress,2024-06-17 00:00:00,KYC Pending
YESB62076987,Walk-in,Lost,2024-03-01 00:00:00,Called for FD
YESB72206117,Digital Campaign,In Progress,2024-02-03 00:00:00,Wait for salary credit
YESB45193141,Walk-in,In Progress,2024-10-16 00:00:00,Wait for salary credit
YESB96710766,Digital Campaign,Lost,2024-09-01 00:00:00,Wait for salary credit
YESB75695788,Digital Campaign,Converted,2024-11-25 00:00:00,Called for FD
YESB39725496,Walk-in,Lost,2024-05-12 00:00:00,KYC Pending
YESB66157943,Digital Campaign,Lost,2024-05-26 00:00:00,Called for FD
YESB73802557,Digital Campaign,Lost,2024-04-14 00:00:00,KYC Pending
YESB42587039,Walk-in,Lost,2024-10-20 00:00:00,Interested in HL
YESB97088770,Walk-in,In Progress,2024-03-31 00:00:00,Called for FD
YESB30171990,Referral,In Progress,2024-08-03 00:00:00,Wait for salary credit
YESB85803836,Walk-in,Lost,2024-01-03 00:00:00,Interested in HL
YESB32179972,Digital Campaign,Lost,2024-05-30 00:00:00,Interested in HL
YESB76762269,Digital Campaign,Converted,2024-09-18 00:00:00,Called for FD
YESB22365916,Referral,Lost,2024-06-10 00:00:00,Called for FD
YESB91675408,Walk-in,Converted,2024-04-27 00:00:00,Called for FD
YESB20739979,Referral,Lost,2024-09-29 00:00:00,Called for FD
YESB62837972,Walk-in,Converted,2024-11-22 00:00:00,Interested in HL
YESB98687629,Walk-in,In Progress,2024-09-15 00:00:00,Wait for salary credit
YESB63862414,Walk-in,Converted,2024-04-09 00:00:00,Wait for salary credit
YESB68381021,Referral,Converted,2024-05-20 00:00:00,KYC Pending
YESB95935556,Referral,Lost,2024-02-14 00:00:00,Interested in HL
YESB73049001,Digital Campaign,In Progress,2024-11-22 00:00:00,Called for FD
YESB71592388,Referral,Lost,2024-03-30 00:00:00,Called for FD
YESB49273198,Walk-in,Lost,2024-01-14 00:00:00,Interested in HL
YESB31297386,Walk-in,Converted,2024-10-21 00:00:00,Called for FD
YESB37412557,Referral,Lost,2024-01-22 00:00:00,Wait for salary credit
YESB45533237,Referral,Lost,2024-03-16 00:00:00,Interested in HL
YESB80079689,Digital Campaign,Converted,2024-01-09 00:00:00,KYC Pending
YESB73858789,Digital Campaign,Converted,2024-05-28 00:00:00,Wait for salary credit
YESB52811181,Referral,In Progress,2024-12-08 00:00:00,KYC Pending
YESB41628597,Referral,Lost,2024-01-15 00:00:00,KYC Pending
YESB92387676,Walk-in,In Progress,2024-06-20 00:00:00,Interested in HL
YESB94168626,Walk-in,Lost,2024-06-05 00:00:00,Called for FD
YESB19178168,Walk-in,Converted,2024-12-03 00:00:00,KYC Pending
YESB49301868,Walk-in,Converted,2024-11-18 00:00:00,KYC Pending
YESB88966308,Digital Campaign,Lost,2024-06-25 00:00:00,KYC Pending
YESB91169991,Digital Campaign,Lost,2024-11-14 00:00:00,KYC Pending
YESB15510213,Walk-in,Lost,2024-08-27 00:00:00,Interested in HL
YESB59888742,Referral,Converted,2024-10-17 00:00:00,KYC Pending
YESB26520273,Referral,Converted,2024-12-11 00:00:00,Wait for salary credit
YESB13512715,Referral,Lost,2024-04-23 00:00:00,Wait for salary credit
YESB39520030,Walk-in,Converted,2024-01-11 00:00:00,Wait for salary credit
YESB85283459,Walk-in,In Progress,2024-10-08 00:00:00,Called for FD
YESB81480518,Digital Campaign,In Progress,2024-03-10 00:00:00,Wait for salary credit
YESB23867303,Walk-in,Lost,2024-06-12 00:00:00,Called for FD
YESB91652392,Walk-in,In Progress,2024-08-07 00:00:00,Wait for salary credit
YESB29646983,Referral,Lost,2024-05-24 00:00:00,Wait for salary credit
YESB76342501,Walk-in,In Progress,2024-04-02 00:00:00,KYC Pending
YESB95883020,Referral,In Progress,2024-12-05 00:00:00,KYC Pending
YESB38103850,Digital Campaign,In Progress,2024-12-03 00:00:00,Wait for salary credit
YESB23453333,Digital Campaign,Converted,2024-09-12 00:00:00,KYC Pending
YESB87607744,Digital Campaign,Converted,2024-10-26 00:00:00,Wait for salary credit
YESB91401072,Referral,In Progress,2024-11-12 00:00:00,KYC Pending
YESB60576944,Digital Campaign,Converted,2024-11-28 00:00:00,Wait for salary credit
YESB30969982,Referral,Converted,2024-03-21 00:00:00,Wait for salary credit
YESB34921879,Referral,Converted,2024-02-10 00:00:00,Called for FD
YESB10666457,Walk-in,Lost,2024-10-27 00:00:00,Wait for salary credit
YESB29514503,Digital Campaign,Converted,2024-07-29 00:00:00,Interested in HL
YESB17560079,Referral,Lost,2024-03-29 00:00:00,Wait for salary credit
YESB85030300,Referral,Lost,2024-12-23 00:00:00,Interested in HL
YESB34949704,Walk-in,In Progress,2024-12-08 00:00:00,Called for FD
YESB62570004,Referral,Converted,2024-03-03 00:00:00,Wait for salary credit
YESB70462128,Referral,Lost,2024-05-15 00:00:00,Called for FD
YESB17121554,Digital Campaign,Converted,2024-09-09 00:00:00,Wait for salary credit
YESB34571576,Referral,In Progress,2024-04-11 00:00:00,Interested in HL
YESB88686594,Referral,Lost,2024-09-02 00:00:00,Interested in HL
YESB47093720,Digital Campaign,Converted,2024-07-26 00:00:00,Interested in HL
YESB90218342,Referral,Converted,2024-02-11 00:00:00,Wait for salary credit
YESB18334355,Walk-in,Lost,2024-12-12 00:00:00,Called for FD
YESB32639014,Digital Campaign,Converted,2024-09-18 00:00:00,KYC Pending
YESB23289134,Referral,Converted,2024-07-16 00:00:00,KYC Pending
YESB89511878,Digital Campaign,Lost,2024-01-01 00:00:00,Interested in HL
YESB28489735,Walk-in,Converted,2024-06-12 00:00:00,Wait for salary credit
YESB26344879,Digital Campaign,In Progress,2024-07-09 00:00:00,Wait for salary credit
YESB99821884,Digital Campaign,Converted,2024-05-14 00:00:00,Wait for salary credit
YESB47293357,Digital Campaign,Lost,2024-10-16 00:00:00,Interested in HL
YESB90991562,Referral,Lost,2024-01-11 00:00:00,Called for FD
YESB94085086,Walk-in,Converted,2024-10-27 00:00:00,Called for FD
YESB99651521,Walk-in,In Progress,2024-02-16 00:00:00,Wait for salary credit
YESB57762757,Digital Campaign,In Progress,2024-07-08 00:00:00,KYC Pending
YESB12726906,Walk-in,In Progress,2024-02-13 00:00:00,KYC Pending
YESB60518273,Digital Campaign,Converted,2024-04-23 00:00:00,Wait for salary credit
YESB18199501,Referral,Converted,2024-06-05 00:00:00,KYC Pending
YESB32704122,Digital Campaign,Converted,2024-09-08 00:00:00,KYC Pending
YESB14047333,Walk-in,In Progress,2024-05-03 00:00:00,KYC Pending
YESB67271844,Referral,Lost,2024-07-15 00:00:00,Called for FD
YESB30673455,Digital Campaign,Lost,2024-09-07 00:00:00,Interested in HL
YESB70577610,Walk-in,Lost,2024-09-01 00:00:00,KYC Pending
YESB37407857,Referral,Converted,2024-05-23 00:00:00,Wait for salary credit
YESB90320324,Digital Campaign,Lost,2024-11-15 00:00:00,Wait for salary credit
YESB44526767,Referral,In Progress,2024-10-22 00:00:00,KYC Pending
YESB77795030,Walk-in,Converted,2024-10-23 00:00:00,Called for FD
YESB98354697,Walk-in,Lost,2024-06-19 00:00:00,KYC Pending
YESB27245474,Digital Campaign,In Progress,2024-01-21 00:00:00,Interested in HL
YESB86148446,Digital Campaign,In Progress,2024-02-08 00:00:00,Wait for salary credit
YESB26767628,Digital Campaign,Converted,2024-06-02 00:00:00,KYC Pending
YESB24952571,Referral,Lost,2024-05-03 00:00:00,Called for FD
YESB95116096,Digital Campaign,Converted,2024-08-09 00:00:00,Interested in HL
YESB81829380,Digital Campaign,In Progress,2024-09-17 00:00:00,Wait for salary credit
YESB26957434,Walk-in,In Progress,2024-07-24 00:00:00,Called for FD
YESB21663546,Referral,Lost,2024-06-11 00:00:00,KYC Pending
YESB75470007,Digital Campaign,In Progress,2024-09-24 00:00:00,Wait for salary credit
YESB84966522,Referral,Converted,2024-07-19 00:00:00,Wait for salary credit
YESB24042150,Referral,In Progress,2024-10-13 00:00:00,Wait for salary credit
YESB14689118,Digital Campaign,Lost,2024-07-20 00:00:00,Wait for salary credit
YESB42467117,Referral,In Progress,2024-12-20 00:00:00,Wait for salary credit
YESB31911605,Walk-in,Converted,2024-06-10 00:00:00,Called for FD
YESB14114142,Digital Campaign,Lost,2024-03-19 00:00:00,KYC Pending
YESB27471486,Digital Campaign,In Progress,2024-10-31 00:00:00,KYC Pending
YESB80656423,Referral,Converted,2024-05-09 00:00:00,Wait for salary credit
YESB55575600,Digital Campaign,In Progress,2024-04-23 00:00:00,Interested in HL
YESB70674640,Referral,Lost,2024-11-20 00:00:00,Called for FD
YESB31545653,Referral,Converted,2024-09-09 00:00:00,KYC Pending
YESB56459174,Walk-in,Lost,2024-12-06 00:00:00,Called for FD
YESB77263291,Walk-in,In Progress,2024-02-15 00:00:00,KYC Pending
YESB21356562,Digital Campaign,Lost,2024-10-18 00:00:00,KYC Pending
YESB72970563,Digital Campaign,Lost,2024-08-09 00:00:00,KYC Pending
YESB54301436,Digital Campaign,In Progress,2024-07-11 00:00:00,Interested in HL
YESB44625209,Walk-in,In Progress,2024-06-03 00:00:00,Wait for salary credit
YESB98497877,Digital Campaign,Converted,2024-05-27 00:00:00,KYC Pending
YESB30702115,Referral,Converted,2024-05-14 00:00:00,Called for FD
YESB44221657,Digital Campaign,Converted,2024-10-07 00:00:00,Wait for salary credit
YESB99804886,Digital Campaign,Converted,2024-07-23 00:00:00,Called for FD
YESB63174852,Digital Campaign,In Progress,2024-05-03 00:00:00,Interested in HL
YESB96837197,Walk-in,Converted,2024-03-03 00:00:00,Interested in HL
YESB52691648,Digital Campaign,In Progress,2024-10-05 00:00:00,Wait for salary credit
YESB66063205,Digital Campaign,In Progress,2024-03-17 00:00:00,Wait for salary credit
YESB16456055,Digital Campaign,In Progress,2024-03-15 00:00:00,Interested in HL
YESB36639539,Digital Campaign,Lost,2024-09-20 00:00:00,Wait for salary credit
YESB29641165,Digital Campaign,In Progress,2024-12-30 00:00:00,Called for FD
YESB53141558,Referral,In Progress,2024-10-08 00:00:00,KYC Pending
YESB58341124,Walk-in,Converted,2024-11-12 00:00:00,Interested in HL
YESB49635800,Referral,Lost,2024-04-16 00:00:00,Called for FD
YESB23313452,Walk-in,In Progress,2024-04-30 00:00:00,KYC Pending
YESB37637316,Walk-in,Converted,2024-12-24 00:00:00,Called for FD
YESB45465053,Walk-in,In Progress,2024-01-06 00:00:00,KYC Pending
YESB76342575,Digital Campaign,Lost,2024-12-31 00:00:00,KYC Pending
YESB76118205,Walk-in,In Progress,2024-08-17 00:00:00,KYC Pending
YESB82894895,Referral,In Progress,2024-04-27 00:00:00,Called for FD
YESB12168014,Digital Campaign,Lost,2024-07-25 00:00:00,KYC Pending
YESB19809013,Digital Campaign,Lost,2024-09-05 00:00:00,Interested in HL
YESB95338729,Walk-in,In Progress,2024-04-21 00:00:00,KYC Pending
YESB25326227,Referral,In Progress,2024-11-15 00:00:00,Called for FD
YESB16700669,Referral,Converted,2024-03-03 00:00:00,Called for FD
YESB21974167,Digital Campaign,In Progress,2024-04-19 00:00:00,KYC Pending
YESB92816154,Walk-in,In Progress,2024-06-06 00:00:00,KYC Pending
YESB34635904,Walk-in,Lost,2024-05-20 00:00:00,Interested in HL
YESB72150518,Digital Campaign,Converted,2024-04-22 00:00:00,Wait for salary credit
YESB18021881,Walk-in,Converted,2024-05-02 00:00:00,KYC Pending
YESB57215541,Walk-in,Converted,2024-10-13 00:00:00,Interested in HL
YESB27724940,Digital Campaign,Lost,2024-07-22 00:00:00,KYC Pending
YESB78584368,Walk-in,Lost,2024-02-10 00:00:00,Interested in HL
YESB94611200,Walk-in,In Progress,2024-01-14 00:00:00,Interested in HL
YESB63395208,Referral,Converted,2024-08-04 00:00:00,KYC Pending
YESB71647714,Referral,In Progress,2024-08-02 00:00:00,Called for FD
YESB64283559,Digital Campaign,Converted,2024-05-14 00:00:00,Called for FD
YESB53496598,Digital Campaign,In Progress,2024-05-26 00:00:00,Interested in HL
YESB58925721,Referral,Converted,2024-11-29 00:00:00,Interested in HL
YESB50874452,Referral,Converted,2024-05-27 00:00:00,Interested in HL
YESB88496419,Digital Campaign,Converted,2024-07-05 00:00:00,Wait for salary credit
YESB97346346,Walk-in,Lost,2024-12-11 00:00:00,Wait for salary credit
YESB93592575,Referral,Converted,2024-04-11 00:00:00,Interested in HL
YESB69278734,Digital Campaign,Converted,2024-07-29 00:00:00,Interested in HL
YESB23983801,Walk-in,Lost,2024-04-04 00:00:00,KYC Pending
YESB65061891,Referral,Lost,2024-06-07 00:00:00,KYC Pending
YESB48720289,Referral,In Progress,2024-06-08 00:00:00,Interested in HL
YESB48091647,Referral,In Progress,2024-02-24 00:00:00,Interested in HL
YESB23926725,Walk-in,Lost,2024-08-24 00:00:00,Called for FD
YESB62104013,Digital Campaign,In Progress,2024-04-14 00:00:00,KYC Pending
YESB30517110,Walk-in,Converted,2024-12-03 00:00:00,Wait for salary credit
YESB52029632,Digital Campaign,In Progress,2024-09-25 00:00:00,Called for FD
YESB36268478,Referral,Converted,2024-02-15 00:00:00,Interested in HL
YESB77275854,Walk-in,Lost,2024-07-26 00:00:00,Interested in HL
YESB98378899,Walk-in,Converted,2024-05-10 00:00:00,Wait for salary credit
YESB27609273,Referral,In Progress,2024-11-14 00:00:00,KYC Pending
YESB33557458,Digital Campaign,In Progress,2024-09-09 00:00:00,Called for FD
YESB21933447,Walk-in,Converted,2024-06-12 00:00:00,Wait for salary credit
YESB22319937,Digital Campaign,Converted,2024-01-21 00:00:00,Called for FD
YESB17855177,Walk-in,Lost,2024-10-21 00:00:00,KYC Pending
YESB77670879,Walk-in,Lost,2024-10-01 00:00:00,Interested in HL
YESB88906649,Walk-in,Lost,2024-11-23 00:00:00,Called for FD
YESB49285980,Referral,In Progress,2024-08-22 00:00:00,KYC Pending
YESB27981811,Walk-in,Lost,2024-01-02 00:00:00,KYC Pending
YESB89743946,Referral,Converted,2024-01-28 00:00:00,KYC Pending
YESB55194184,Referral,In Progress,2024-11-10 00:00:00,Interested in HL
YESB24188689,Walk-in,Converted,2024-04-25 00:00:00,KYC Pending
YESB35308584,Digital Campaign,Lost,2024-10-16 00:00:00,Wait for salary credit
YESB40308908,Walk-in,Converted,2024-03-16 00:00:00,Wait for salary credit
YESB20683075,Referral,Converted,2024-09-22 00:00:00,KYC Pending
YESB59930614,Walk-in,Lost,2024-08-17 00:00:00,Wait for salary credit
YESB15477435,Walk-in,Lost,2024-12-23 00:00:00,KYC Pending
YESB26048595,Digital Campaign,Lost,2024-01-28 00:00:00,Called for FD
YESB24420106,Referral,In Progress,2024-02-07 00:00:00,Called for FD
YESB82781648,Referral,In Progress,2024-04-14 00:00:00,Interested in HL
YESB30033463,Digital Campaign,Lost,2024-12-30 00:00:00,Interested in HL
YESB23279321,Walk-in,Lost,2024-11-03 00:00:00,Interested in HL
YESB68274368,Digital Campaign,Converted,2024-10-27 00:00:00,Called for FD
YESB66679037,Digital Campaign,Lost,2024-07-06 00:00:00,Called for FD
YESB28612295,Digital Campaign,Converted,2024-10-31 00:00:00,Interested in HL
YESB85471249,Referral,Lost,2024-03-15 00:00:00,Called for FD
YESB43037513,Referral,Lost,2024-07-23 00:00:00,Wait for salary credit
YESB99453098,Referral,In Progress,2024-08-08 00:00:00,KYC Pending
YESB18863146,Digital Campaign,Lost,2024-06-22 00:00:00,Called for FD
YESB77266872,Digital Campaign,In Progress,2024-05-07 00:00:00,Called for FD
YESB83580163,Walk-in,Converted,2024-08-10 00:00:00,Wait for salary credit
YESB55161883,Digital Campaign,Lost,2024-09-05 00:00:00,KYC Pending
YESB99696210,Walk-in,Converted,2024-09-05 00:00:00,Called for FD
YESB28229049,Walk-in,Lost,2024-03-12 00:00:00,Wait for salary credit
YESB48774741,Walk-in,Lost,2024-07-17 00:00:00,Called for FD
YESB61340951,Referral,Converted,2024-05-19 00:00:00,KYC Pending
YESB39988417,Referral,In Progress,2024-10-11 00:00:00,Wait for salary credit
YESB35778421,Digital Campaign,In Progress,2024-06-28 00:00:00,Called for FD
YESB38739941,Referral,In Progress,2024-07-08 00:00:00,Called for FD
YESB89682988,Digital Campaign,Converted,2024-09-19 00:00:00,Called for FD
YESB62713310,Digital Campaign,Lost,2024-08-06 00:00:00,Wait for salary credit
YESB23860604,Walk-in,In Progress,2024-10-26 00:00:00,KYC Pending
YESB79948256,Walk-in,Converted,2024-08-01 00:00:00,KYC Pending
YESB10252674,Walk-in,In Progress,2024-03-04 00:00:00,Wait for salary credit
YESB47677273,Referral,Converted,2024-11-05 00:00:00,Interested in HL
YESB88652704,Walk-in,In Progress,2024-10-16 00:00:00,KYC Pending
YESB31152055,Digital Campaign,Lost,2024-05-13 00:00:00,Interested in HL
YESB14012773,Digital Campaign,Lost,2024-05-22 00:00:00,Called for FD
YESB97590829,Digital Campaign,Lost,2024-04-25 00:00:00,Called for FD
YESB79825360,Digital Campaign,Converted,2024-05-15 00:00:00,Wait for salary credit
YESB54225037,Referral,Converted,2024-04-26 00:00:00,Called for FD
YESB79686944,Walk-in,Lost,2024-02-01 00:00:00,KYC Pending
YESB60351205,Walk-in,In Progress,2024-04-24 00:00:00,KYC Pending
YESB53818272,Referral,In Progress,2024-04-22 00:00:00,Interested in HL
YESB94985709,Referral,Lost,2024-10-11 00:00:00,Called for FD
YESB39482420,Digital Campaign,In Progress,2024-05-28 00:00:00,Called for FD
YESB58793057,Walk-in,In Progress,2024-06-14 00:00:00,Wait for salary credit
YESB94104410,Referral,Converted,2024-06-05 00:00:00,Interested in HL
YESB29830890,Digital Campaign,In Progress,2024-05-10 00:00:00,KYC Pending
YESB65946280,Walk-in,Converted,2024-03-04 00:00:00,Interested in HL
YESB26320901,Referral,Lost,2024-08-06 00:00:00,KYC Pending
YESB37482663,Walk-in,Lost,2024-01-28 00:00:00,Called for FD
YESB72628830,Digital Campaign,Converted,2024-07-23 00:00:00,Wait for salary credit
YESB46279536,Walk-in,In Progress,2024-05-11 00:00:00,Interested in HL
YESB78542489,Digital Campaign,Converted,2024-02-12 00:00:00,Called for FD
YESB86814203,Referral,Lost,2024-03-09 00:00:00,Called for FD
YESB63766644,Walk-in,Lost,2024-05-15 00:00:00,Called for FD
YESB57746698,Referral,Converted,2024-05-18 00:00:00,Interested in HL
YESB29640006,Digital Campaign,In Progress,2024-11-15 00:00:00,KYC Pending
YESB51705300,Walk-in,In Progress,2024-07-24 00:00:00,Interested in HL
YESB70579543,Referral,Converted,2024-06-12 00:00:00,Wait for salary credit
YESB98667627,Digital Campaign,Converted,2024-12-28 00:00:00,KYC Pending
YESB60009532,Referral,Lost,2024-10-28 00:00:00,Interested in HL
YESB66069295,Referral,In Progress,2024-08-13 00:00:00,Interested in HL
YESB60576647,Digital Campaign,Lost,2024-05-30 00:00:00,Called for FD
YESB25885032,Digital Campaign,Lost,2024-05-15 00:00:00,Wait for salary credit
YESB36674826,Walk-in,Converted,2024-07-08 00:00:00,Called for FD
YESB81978347,Referral,Lost,2024-03-02 00:00:00,KYC Pending
YESB21452081,Digital Campaign,Lost,2024-09-14 00:00:00,Wait for salary credit
YESB75331535,Walk-in,In Progress,2024-12-18 00:00:00,Interested in HL
YESB75069397,Referral,In Progress,2024-09-24 00:00:00,KYC Pending
YESB98796771,Digital Campaign,Lost,2024-06-30 00:00:00,Called for FD
YESB40961360,Digital Campaign,Converted,2024-10-25 00:00:00,Interested in HL
YESB12284801,Digital Campaign,In Progress,2024-06-07 00:00:00,KYC Pending
YESB68836828,Digital Campaign,Lost,2024-07-01 00:00:00,Interested in HL
YESB93891600,Referral,Lost,2024-09-02 00:00:00,Interested in HL
YESB99916935,Referral,Converted,2024-12-31 00:00:00,KYC Pending
YESB25174181,Walk-in,Lost,2024-06-25 00:00:00,Interested in HL
YESB27763592,Referral,In Progress,2024-10-03 00:00:00,Called for FD
YESB14392071,Referral,Converted,2024-02-17 00:00:00,Wait for salary credit
YESB91085009,Digital Campaign,In Progress,2024-01-03 00:00:00,Interested in HL
YESB93087408,Walk-in,In Progress,2024-06-17 00:00:00,KYC Pending
YESB28361535,Digital Campaign,Converted,2024-02-26 00:00:00,Interested in HL
YESB78029123,Walk-in,In Progress,2024-09-04 00:00:00,Interested in HL
YESB71935352,Walk-in,In Progress,2024-06-24 00:00:00,KYC Pending
YESB43845498,Referral,In Progress,2024-06-09 00:00:00,Wait for salary credit
YESB86198752,Referral,Converted,2024-11-28 00:00:00,Interested in HL
YESB23919767,Digital Campaign,In Progress,2024-07-19 00:00:00,Wait for salary credit
YESB47966883,Digital Campaign,Converted,2024-07-19 00:00:00,KYC Pending
YESB15079395,Digital Campaign,In Progress,2024-02-20 00:00:00,KYC Pending
YESB25701196,Referral,In Progress,2024-07-26 00:00:00,Called for FD
YESB69216167,Digital Campaign,Lost,2024-02-26 00:00:00,Wait for salary credit
YESB20946324,Walk-in,In Progress,2024-01-25 00:00:00,Interested in HL
YESB80535401,Walk-in,In Progress,2024-09-05 00:00:00,Wait for salary credit
YESB94475174,Referral,Converted,2024-07-15 00:00:00,Wait for salary credit
YESB31230093,Referral,Lost,2024-10-02 00:00:00,KYC Pending
YESB29693170,Digital Campaign,In Progress,2024-02-26 00:00:00,Called for FD
YESB25001027,Walk-in,Lost,2024-04-30 00:00:00,Interested in HL
YESB77869807,Walk-in,Lost,2024-07-18 00:00:00,Wait for salary credit
YESB36373680,Referral,Lost,2024-08-29 00:00:00,KYC Pending
YESB27034036,Referral,Lost,2024-10-20 00:00:00,Wait for salary credit
YESB94627465,Walk-in,Converted,2024-10-05 00:00:00,Interested in HL
YESB79025893,Digital Campaign,Converted,2024-02-28 00:00:00,Wait for salary credit
YESB18551597,Walk-in,Lost,2024-02-23 00:00:00,Wait for salary credit
YESB32713921,Digital Campaign,Lost,2024-06-23 00:00:00,Wait for salary credit
YESB34992726,Walk-in,In Progress,2024-07-02 00:00:00,Wait for salary credit
YESB92691287,Referral,Converted,2024-06-07 00:00:00,KYC Pending
YESB79117081,Walk-in,In Progress,2024-11-03 00:00:00,Wait for salary credit
YESB51336898,Referral,Lost,2024-04-08 00:00:00,Wait for salary credit
YESB92633452,Referral,In Progress,2024-06-17 00:00:00,Called for FD
YESB62735445,Walk-in,In Progress,2024-01-15 00:00:00,Interested in HL
YESB85139252,Walk-in,Lost,2024-09-15 00:00:00,Wait for salary credit
YESB21639244,Walk-in,In Progress,2024-11-23 00:00:00,Called for FD
YESB38232724,Walk-in,Converted,2024-10-04 00:00:00,Interested in HL
YESB33398926,Walk-in,Lost,2024-04-06 00:00:00,Wait for salary credit
YESB28806267,Walk-in,Lost,2024-03-01 00:00:00,Called for FD
YESB42156840,Digital Campaign,Converted,2024-11-02 00:00:00,Called for FD
YESB87078778,Walk-in,Lost,2024-01-30 00:00:00,Wait for salary credit
YESB60435249,Referral,Converted,2024-05-11 00:00:00,Wait for salary credit
YESB46155731,Walk-in,Lost,2024-02-19 00:00:00,Wait for salary credit
YESB39412734,Referral,In Progress,2024-01-26 00:00:00,Wait for salary credit
YESB34457409,Walk-in,In Progress,2024-04-01 00:00:00,KYC Pending
YESB56172010,Digital Campaign,Lost,2024-05-10 00:00:00,KYC Pending
YESB84488704,Walk-in,In Progress,2024-06-15 00:00:00,Wait for salary credit
YESB44492536,Digital Campaign,In Progress,2024-11-08 00:00:00,KYC Pending
YESB19092716,Referral,Lost,2024-11-15 00:00:00,Interested in HL
YESB60800547,Digital Campaign,Converted,2024-06-15 00:00:00,KYC Pending
YESB11589234,Digital Campaign,Lost,2024-09-12 00:00:00,Called for FD
YESB32069511,Walk-in,In Progress,2024-02-23 00:00:00,Interested in HL
YESB11715456,Walk-in,Lost,2024-12-18 00:00:00,Interested in HL
YESB18909078,Referral,Lost,2024-05-15 00:00:00,Wait for salary credit
YESB52918379,Walk-in,Lost,2024-11-13 00:00:00,Interested in HL
YESB52686238,Referral,In Progress,2024-02-25 00:00:00,Interested in HL
YESB60896790,Digital Campaign,Converted,2024-10-25 00:00:00,Interested in HL
YESB26093126,Digital Campaign,Lost,2024-04-15 00:00:00,Called for FD
YESB57365914,Digital Campaign,Lost,2024-04-11 00:00:00,Wait for salary credit
YESB35396223,Digital Campaign,Lost,2024-11-10 00:00:00,Called for FD
YESB76970686,Digital Campaign,Converted,2024-08-13 00:00:00,Interested in HL
YESB21530463,Digital Campaign,Converted,2024-11-24 00:00:00,Called for FD
YESB35043740,Referral,Lost,2024-08-22 00:00:00,Wait for salary credit
YESB44500825,Digital Campaign,In Progress,2024-06-18 00:00:00,Wait for salary credit
YESB14431705,Digital Campaign,Converted,2024-05-11 00:00:00,Interested in HL
YESB75892730,Digital Campaign,Converted,2024-08-18 00:00:00,Interested in HL
YESB58269262,Referral,In Progress,2024-09-28 00:00:00,Called for FD
YESB89577099,Walk-in,Converted,2024-07-25 00:00:00,Interested in HL
YESB78418350,Referral,In Progress,2024-09-22 00:00:00,Called for FD
YESB38643175,Referral,Converted,2024-12-19 00:00:00,Interested in HL
YESB67128077,Walk-in,Lost,2024-08-10 00:00:00,Interested in HL
YESB53635827,Digital Campaign,Converted,2024-02-29 00:00:00,Called for FD
YESB91433356,Walk-in,Lost,2024-10-31 00:00:00,Interested in HL
YESB40267505,Walk-in,In Progress,2024-06-02 00:00:00,Called for FD
YESB70212871,Referral,Converted,2024-06-03 00:00:00,Interested in HL
YESB69731464,Digital Campaign,Converted,2024-11-21 00:00:00,KYC Pending
YESB92305937,Walk-in,Converted,2024-10-08 00:00:00,Called for FD
YESB38082887,Digital Campaign,Converted,2024-05-16 00:00:00,Called for FD
YESB76926841,Referral,In Progress,2024-02-19 00:00:00,Wait for salary credit
YESB94206129,Walk-in,Lost,2024-10-18 00:00:00,Interested in HL
YESB41782284,Referral,Lost,2024-05-30 00:00:00,KYC Pending
YESB91197149,Walk-in,In Progress,2024-02-07 00:00:00,Interested in HL
YESB36053614,Referral,In Progress,2024-03-11 00:00:00,KYC Pending
YESB11949598,Walk-in,Converted,2024-11-16 00:00:00,KYC Pending
YESB18745308,Referral,Lost,2024-07-16 00:00:00,KYC Pending
YESB35882621,Referral,In Progress,2024-10-13 00:00:00,Interested in HL
YESB29371622,Walk-in,Converted,2024-10-05 00:00:00,Wait for salary credit
YESB88961291,Walk-in,In Progress,2024-07-26 00:00:00,KYC Pending
YESB40842777,Walk-in,Converted,2024-11-13 00:00:00,Called for FD
YESB63956346,Walk-in,Lost,2024-07-04 00:00:00,KYC Pending
YESB37839302,Digital Campaign,Lost,2024-10-06 00:00:00,Interested in HL
YESB50825010,Walk-in,In Progress,2024-12-26 00:00:00,Interested in HL
YESB22444512,Digital Campaign,Lost,2024-01-02 00:00:00,Wait for salary credit
YESB65241290,Walk-in,In Progress,2024-04-23 00:00:00,Wait for salary credit
YESB39786538,Walk-in,Converted,2024-10-13 00:00:00,Wait for salary credit
YESB37533473,Referral,Lost,2024-03-05 00:00:00,Interested in HL
YESB28650429,Digital Campaign,In Progress,2024-12-07 00:00:00,KYC Pending
YESB90863920,Digital Campaign,Converted,2024-11-16 00:00:00,KYC Pending
YESB22742434,Referral,Lost,2024-06-17 00:00:00,Wait for salary credit
YESB55578046,Referral,In Progress,2024-01-31 00:00:00,KYC Pending
YESB33828983,Referral,In Progress,2024-08-20 00:00:00,Called for FD
YESB19201918,Digital Campaign,In Progress,2024-05-29 00:00:00,Interested in HL
YESB98241418,Digital Campaign,In Progress,2024-11-16 00:00:00,Interested in HL
YESB56610603,Referral,Lost,2024-02-11 00:00:00,Called for FD
YESB83873622,Referral,Converted,2024-03-15 00:00:00,Interested in HL
YESB54973921,Digital Campaign,Lost,2024-10-01 00:00:00,KYC Pending
YESB33141350,Referral,Lost,2024-08-12 00:00:00,KYC Pending
YESB48144712,Digital Campaign,Converted,2024-07-08 00:00:00,Called for FD
YESB25081054,Digital Campaign,In Progress,2024-06-11 00:00:00,Wait for salary credit
YESB77428006,Digital Campaign,In Progress,2024-09-18 00:00:00,Wait for salary credit
YESB73319401,Digital Campaign,Lost,2024-06-12 00:00:00,KYC Pending
YESB12464051,Referral,Converted,2024-05-28 00:00:00,Called for FD
YESB82771182,Digital Campaign,In Progress,2024-06-25 00:00:00,KYC Pending
YESB99826376,Digital Campaign,Converted,2024-02-04 00:00:00,KYC Pending
YESB40474321,Digital Campaign,In Progress,2024-06-12 00:00:00,Called for FD
YESB29309923,Referral,Converted,2024-03-23 00:00:00,Interested in HL
YESB28248196,Digital Campaign,In Progress,2024-07-15 00:00:00,KYC Pending
YESB79455873,Digital Campaign,Lost,2024-08-18 00:00:00,Wait for salary credit
YESB40966365,Digital Campaign,Converted,2024-09-21 00:00:00,KYC Pending
YESB81306957,Referral,In Progress,2024-02-15 00:00:00,Called for FD
YESB10713006,Walk-in,In Progress,2024-09-02 00:00:00,Interested in HL
YESB46405334,Walk-in,Lost,2024-11-06 00:00:00,KYC Pending
YESB78049053,Walk-in,Converted,2024-10-12 00:00:00,Called for FD
YESB25456726,Referral,Lost,2024-04-12 00:00:00,KYC Pending
YESB83622617,Referral,In Progress,2024-08-09 00:00:00,Called for FD
YESB74062774,Digital Campaign,Converted,2024-08-22 00:00:00,Wait for salary credit
YESB95521167,Digital Campaign,Lost,2024-01-31 00:00:00,Interested in HL
YESB53690661,Referral,Lost,2024-04-03 00:00:00,Called for FD
YESB12477594,Walk-in,In Progress,2024-07-16 00:00:00,KYC Pending
YESB86999007,Walk-in,Lost,2024-04-22 00:00:00,KYC Pending
YESB36974251,Digital Campaign,Lost,2024-03-18 00:00:00,KYC Pending
YESB37007724,Walk-in,Lost,2024-06-12 00:00:00,Wait for salary credit
YESB64885822,Walk-in,Converted,2024-10-01 00:00:00,KYC Pending
YESB22279379,Referral,In Progress,2024-11-12 00:00:00,Called for FD
YESB81674305,Referral,Lost,2024-06-15 00:00:00,Called for FD
YESB65641170,Referral,In Progress,2024-08-01 00:00:00,Called for FD
YESB51395595,Referral,In Progress,2024-08-20 00:00:00,KYC Pending
YESB42590192,Digital Campaign,In Progress,2024-07-21 00:00:00,Interested in HL
YESB68579903,Walk-in,Converted,2024-07-02 00:00:00,Wait for salary credit
YESB36315273,Referral,In Progress,2024-04-10 00:00:00,Wait for salary credit
YESB31207204,Digital Campaign,Lost,2024-11-04 00:00:00,Interested in HL
YESB77357734,Digital Campaign,Converted,2024-11-08 00:00:00,Wait for salary credit
YESB99355067,Digital Campaign,In Progress,2024-09-21 00:00:00,Wait for salary credit
YESB81933238,Digital Campaign,In Progress,2024-01-01 00:00:00,Wait for salary credit
YESB47695603,Referral,Converted,2024-01-22 00:00:00,Wait for salary credit
YESB20174194,Digital Campaign,Lost,2024-02-19 00:00:00,Wait for salary credit
YESB51242963,Digital Campaign,Converted,2024-12-09 00:00:00,Called for FD
YESB46744394,Digital Campaign,In Progress,2024-01-17 00:00:00,Wait for salary credit
YESB10915851,Walk-in,Lost,2024-06-21 00:00:00,Called for FD
YESB47904412,Walk-in,Converted,2024-12-24 00:00:00,Called for FD
YESB16991393,Referral,Lost,2024-08-12 00:00:00,Called for FD
YESB67850433,Referral,Lost,2024-05-12 00:00:00,Wait for salary credit
YESB49965775,Digital Campaign,In Progress,2024-11-05 00:00:00,Called for FD
YESB65061322,Referral,In Progress,2024-09-28 00:00:00,Called for FD
YESB70414730,Walk-in,Lost,2024-05-28 00:00:00,KYC Pending
YESB64411600,Digital Campaign,Converted,2024-07-29 00:00:00,Wait for salary credit
YESB37205668,Walk-in,Converted,2024-04-16 00:00:00,KYC Pending
YESB80386689,Referral,Lost,2024-09-29 00:00:00,Interested in HL
YESB73882219,Digital Campaign,Lost,2024-06-08 00:00:00,KYC Pending
YESB74239454,Walk-in,In Progress,2024-11-14 00:00:00,Interested in HL
YESB20245693,Walk-in,Lost,2024-03-13 00:00:00,Interested in HL
YESB66553483,Walk-in,In Progress,2024-02-10 00:00:00,Interested in HL
YESB18305019,Digital Campaign,Lost,2024-03-29 00:00:00,KYC Pending
YESB54802867,Digital Campaign,Lost,2024-09-07 00:00:00,Called for FD
YESB97087409,Digital Campaign,In Progress,2024-10-01 00:00:00,KYC Pending
YESB32406466,Digital Campaign,In Progress,2024-05-27 00:00:00,Called for FD
YESB91186295,Digital Campaign,In Progress,2024-02-21 00:00:00,Wait for salary credit
YESB34562346,Referral,Lost,2024-06-16 00:00:00,KYC Pending
YESB27338747,Digital Campaign,Converted,2024-11-17 00:00:00,Called for FD
YESB66553726,Walk-in,Converted,2024-04-07 00:00:00,Interested in HL
YESB80071145,Digital Campaign,Lost,2024-07-31 00:00:00,Wait for salary credit
YESB94265529,Walk-in,Converted,2024-04-13 00:00:00,Interested in HL
YESB86366329,Referral,Lost,2024-01-04 00:00:00,KYC Pending
YESB65808448,Referral,In Progress,2024-10-28 00:00:00,Wait for salary credit
YESB96271981,Referral,In Progress,2024-08-17 00:00:00,Called for FD
YESB98146399,Digital Campaign,Converted,2024-09-04 00:00:00,Called for FD
YESB13922720,Referral,Converted,2024-08-18 00:00:00,Wait for salary credit
YESB76020177,Digital Campaign,Lost,2024-01-03 00:00:00,Wait for salary credit
YESB38734904,Referral,Converted,2024-01-13 00:00:00,Called for FD
YESB67021195,Walk-in,Converted,2024-02-13 00:00:00,KYC Pending
YESB32430929,Walk-in,In Progress,2024-02-15 00:00:00,Called for FD
YESB79168216,Walk-in,In Progress,2024-11-21 00:00:00,KYC Pending
YESB26700386,Referral,Lost,2024-12-21 00:00:00,Wait for salary credit
YESB68589348,Referral,Converted,2024-08-08 00:00:00,Called for FD
YESB62921212,Referral,In Progress,2024-11-21 00:00:00,KYC Pending
YESB49131573,Referral,In Progress,2024-02-01 00:00:00,Wait for salary credit
YESB17991277,Walk-in,Converted,2024-03-30 00:00:00,Interested in HL
YESB83772467,Referral,In Progress,2024-05-21 00:00:00,Wait for salary credit
YESB24336018,Walk-in,In Progress,2024-08-29 00:00:00,Interested in HL
YESB35391637,Walk-in,Lost,2024-12-08 00:00:00,Called for FD
YESB30684803,Walk-in,Lost,2024-11-12 00:00:00,KYC Pending
YESB61892607,Referral,Lost,2024-10-11 00:00:00,Interested in HL
YESB68712268,Walk-in,Converted,2024-07-17 00:00:00,Wait for salary credit
YESB38644806,Digital Campaign,In Progress,2024-10-11 00:00:00,KYC Pending
YESB76813540,Digital Campaign,In Progress,2024-01-27 00:00:00,KYC Pending
YESB54141510,Referral,Lost,2024-05-10 00:00:00,Wait for salary credit
YESB91916314,Walk-in,In Progress,2024-03-08 00:00:00,Interested in HL
YESB42240597,Digital Campaign,In Progress,2024-08-03 00:00:00,KYC Pending
YESB78146020,Referral,Lost,2024-12-13 00:00:00,KYC Pending
YESB88240429,Walk-in,Converted,2024-10-24 00:00:00,KYC Pending
YESB73177627,Referral,Lost,2024-03-13 00:00:00,Called for FD
YESB38192455,Referral,In Progress,2024-07-26 00:00:00,KYC Pending
YESB36385159,Digital Campaign,Lost,2024-11-26 00:00:00,Interested in HL
YESB40068531,Digital Campaign,In Progress,2024-09-23 00:00:00,Called for FD
YESB81630502,Walk-in,Lost,2024-12-21 00:00:00,Wait for salary credit
YESB91315980,Referral,Lost,2024-03-29 00:00:00,Called for FD
YESB65793082,Digital Campaign,Converted,2024-11-29 00:00:00,Called for FD
YESB99950234,Digital Campaign,Converted,2024-10-28 00:00:00,Called for FD
YESB78850674,Referral,Lost,2024-12-14 00:00:00,Called for FD
YESB37074021,Referral,In Progress,2024-06-21 00:00:00,Interested in HL
YESB91514603,Walk-in,Lost,2024-05-31 00:00:00,KYC Pending
YESB73294023,Referral,In Progress,2024-12-25 00:00:00,Wait for salary credit
YESB23112494,Digital Campaign,In Progress,2024-02-03 00:00:00,Called for FD
YESB79902505,Digital Campaign,Converted,2024-01-08 00:00:00,Interested in HL
YESB25668018,Digital Campaign,Lost,2024-06-10 00:00:00,Wait for salary credit
YESB55221130,Referral,Lost,2024-09-21 00:00:00,KYC Pending
YESB70628088,Digital Campaign,In Progress,2024-08-31 00:00:00,Called for FD
YESB18222624,Digital Campaign,Converted,2024-08-22 00:00:00,Wait for salary credit
YESB24451575,Referral,In Progress,2024-11-14 00:00:00,Interested in HL
YESB17458656,Walk-in,Converted,2024-09-21 00:00:00,KYC Pending
YESB86630016,Walk-in,Lost,2024-04-21 00:00:00,Interested in HL
YESB41927557,Digital Campaign,Lost,2024-05-03 00:00:00,KYC Pending
YESB59749097,Referral,Lost,2024-11-13 00:00:00,Called for FD
YESB29646384,Digital Campaign,Lost,2024-11-14 00:00:00,Called for FD
YESB89742188,Referral,In Progress,2024-02-01 00:00:00,Interested in HL
YESB82761282,Walk-in,Lost,2024-01-14 00:00:00,Called for FD
YESB91636368,Referral,Lost,2024-09-23 00:00:00,Interested in HL
YESB53282346,Walk-in,Lost,2024-09-05 00:00:00,Wait for salary credit
YESB24208807,Digital Campaign,Lost,2024-02-29 00:00:00,KYC Pending
YESB56402961,Walk-in,Converted,2024-07-09 00:00:00,Called for FD
YESB33186887,Walk-in,Converted,2024-03-17 00:00:00,Wait for salary credit
YESB39034938,Referral,Lost,2024-10-10 00:00:00,Called for FD
YESB73294858,Referral,In Progress,2024-03-21 00:00:00,Wait for salary credit
YESB28166022,Digital Campaign,In Progress,2024-12-09 00:00:00,Interested in HL
YESB20800633,Referral,In Progress,2024-12-13 00:00:00,Wait for salary credit
YESB74330160,Walk-in,In Progress,2024-06-13 00:00:00,KYC Pending
YESB83675768,Referral,In Progress,2024-03-09 00:00:00,Interested in HL
YESB69438881,Referral,Converted,2024-06-13 00:00:00,KYC Pending
YESB72379545,Referral,Converted,2024-01-06 00:00:00,Wait for salary credit
YESB75640686,Walk-in,In Progress,2024-05-05 00:00:00,Wait for salary credit
YESB49438705,Referral,Converted,2024-03-15 00:00:00,Interested in HL
YESB26269532,Walk-in,Converted,2024-12-21 00:00:00,Wait for salary credit
YESB63996936,Walk-in,Converted,2024-04-25 00:00:00,Wait for salary credit
YESB46968802,Referral,Converted,2024-01-26 00:00:00,Called for FD
YESB26733964,Digital Campaign,Lost,2024-07-29 00:00:00,Called for FD
YESB25486929,Digital Campaign,In Progress,2024-06-30 00:00:00,Wait for salary credit
YESB20474321,Walk-in,In Progress,2024-05-12 00:00:00,Called for FD
YESB42535644,Referral,Converted,2024-02-18 00:00:00,KYC Pending
YESB23293763,Referral,Lost,2024-03-31 00:00:00,KYC Pending
YESB62272736,Referral,Converted,2024-05-19 00:00:00,Called for FD
YESB62076465,Referral,In Progress,2024-08-13 00:00:00,Wait for salary credit
YESB27225601,Walk-in,Converted,2024-10-04 00:00:00,Wait for salary credit
YESB61512766,Digital Campaign,Lost,2024-06-10 00:00:00,Interested in HL
YESB59333004,Digital Campaign,Lost,2024-01-17 00:00:00,Wait for salary credit
YESB84475076,Digital Campaign,In Progress,2024-08-03 00:00:00,Wait for salary credit
YESB68919594,Referral,Converted,2024-01-04 00:00:00,Called for FD
YESB18887452,Referral,Converted,2024-10-03 00:00:00,Wait for salary credit
YESB57020232,Walk-in,Converted,2024-05-03 00:00:00,KYC Pending
YESB23035733,Referral,Converted,2024-12-01 00:00:00,KYC Pending
YESB34499032,Digital Campaign,In Progress,2024-10-31 00:00:00,Called for FD
YESB73618913,Walk-in,Converted,2024-12-21 00:00:00,Interested in HL
YESB73254881,Walk-in,Lost,2024-09-06 00:00:00,Wait for salary credit
YESB33980508,Walk-in,Converted,2024-01-19 00:00:00,Interested in HL
YESB82197931,Walk-in,In Progress,2024-04-14 00:00:00,KYC Pending
YESB93077968,Digital Campaign,Lost,2024-01-20 00:00:00,Wait for salary credit
YESB84684732,Digital Campaign,Converted,2024-09-30 00:00:00,Called for FD
YESB72038215,Digital Campaign,Lost,2024-12-26 00:00:00,Called for FD
YESB60101514,Digital Campaign,Lost,2024-01-11 00:00:00,Interested in HL
YESB88173218,Digital Campaign,Lost,2024-11-09 00:00:00,Called for FD
YESB91482136,Walk-in,Converted,2024-02-29 00:00:00,Called for FD
YESB59928112,Walk-in,In Progress,2024-02-02 00:00:00,Wait for salary credit
YESB20975473,Referral,Lost,2024-05-14 00:00:00,KYC Pending
YESB62395159,Digital Campaign,Lost,2024-07-07 00:00:00,KYC Pending
YESB52473892,Referral,Converted,2024-05-13 00:00:00,Called for FD
YESB89717012,Walk-in,Converted,2024-05-02 00:00:00,Interested in HL
YESB83708185,Referral,In Progress,2024-04-17 00:00:00,Wait for salary credit
YESB54687615,Digital Campaign,Lost,2024-03-25 00:00:00,Called for FD
YESB52043872,Digital Campaign,Converted,2024-04-10 00:00:00,Wait for salary credit
YESB27534055,Digital Campaign,Converted,2024-09-23 00:00:00,Interested in HL
YESB20203413,Referral,Converted,2024-12-20 00:00:00,Called for FD
YESB10057560,Digital Campaign,In Progress,2024-02-09 00:00:00,Interested in HL
YESB70044551,Digital Campaign,Lost,2024-08-28 00:00:00,Interested in HL
YESB54418522,Referral,Converted,2024-07-23 00:00:00,Wait for salary credit
YESB79257416,Digital Campaign,In Progress,2024-09-15 00:00:00,Interested in HL
YESB54955484,Digital Campaign,Lost,2024-11-10 00:00:00,Interested in HL
YESB75523764,Digital Campaign,In Progress,2024-06-23 00:00:00,Called for FD
YESB76020177,Digital Campaign,Lost,2024-01-06 00:00:00,Interested in HL
YESB19967199,Digital Campaign,Lost,2024-06-14 00:00:00,KYC Pending
YESB81748554,Digital Campaign,In Progress,2024-07-23 00:00:00,Wait for salary credit
YESB99212557,Referral,In Progress,2024-03-15 00:00:00,Called for FD
YESB93023122,Digital Campaign,Lost,2024-02-06 00:00:00,Wait for salary credit
YESB91668402,Digital Campaign,Lost,2024-10-29 00:00:00,KYC Pending
YESB31657336,Digital Campaign,Lost,2024-01-04 00:00:00,Wait for salary credit
YESB87344625,Digital Campaign,In Progress,2024-03-13 00:00:00,KYC Pending
YESB69220302,Walk-in,In Progress,2024-06-07 00:00:00,KYC Pending
YESB25883661,Digital Campaign,Converted,2024-09-19 00:00:00,Wait for salary credit
YESB11886011,Referral,Lost,2024-03-29 00:00:00,Wait for salary credit
YESB59434737,Referral,Lost,2024-05-05 00:00:00,Called for FD
YESB54748118,Walk-in,Lost,2024-11-29 00:00:00,Interested in HL
YESB48040985,Walk-in,Converted,2024-12-31 00:00:00,Interested in HL
YESB55647239,Digital Campaign,In Progress,2024-04-12 00:00:00,KYC Pending
YESB71561064,Walk-in,In Progress,2024-02-12 00:00:00,Interested in HL
YESB62678308,Walk-in,Converted,2024-12-30 00:00:00,Wait for salary credit
YESB21231223,Digital Campaign,Converted,2024-06-19 00:00:00,KYC Pending
YESB40992470,Referral,Converted,2024-04-25 00:00:00,Wait for salary credit
YESB78887792,Referral,Converted,2024-07-01 00:00:00,Wait for salary credit
YESB12624226,Digital Campaign,Converted,2024-08-19 00:00:00,KYC Pending
YESB72575790,Digital Campaign,Lost,2024-01-27 00:00:00,Interested in HL
YESB94859663,Digital Campaign,Lost,2024-11-24 00:00:00,Wait for salary credit
YESB75465820,Walk-in,In Progress,2024-06-10 00:00:00,KYC Pending
YESB35745420,Digital Campaign,In Progress,2024-10-12 00:00:00,KYC Pending
YESB44213778,Walk-in,Lost,2024-02-03 00:00:00,Called for FD
YESB18978952,Referral,Lost,2024-03-15 00:00:00,Interested in HL
YESB22958874,Digital Campaign,Converted,2024-07-15 00:00:00,Called for FD
YESB58836951,Referral,Converted,2024-09-06 00:00:00,Interested in HL
YESB89340466,Walk-in,In Progress,2024-03-07 00:00:00,Wait for salary credit
YESB83924850,Referral,Lost,2024-10-17 00:00:00,KYC Pending
YESB47992447,Digital Campaign,In Progress,2024-07-23 00:00:00,KYC Pending
YESB54163282,Digital Campaign,Lost,2024-02-14 00:00:00,Interested in HL
YESB29881229,Digital Campaign,Lost,2024-02-24 00:00:00,Interested in HL
YESB84765804,Digital Campaign,Converted,2024-04-18 00:00:00,Interested in HL
YESB75916930,Referral,Converted,2024-04-03 00:00:00,Interested in HL
YESB52440874,Walk-in,Lost,2024-06-29 00:00:00,KYC Pending
YESB24610504,Walk-in,Lost,2024-01-22 00:00:00,Wait for salary credit
YESB40466362,Referral,Lost,2024-10-06 00:00:00,KYC Pending
YESB36697361,Digital Campaign,Lost,2024-07-17 00:00:00,KYC Pending
YESB42820411,Walk-in,In Progress,2024-11-09 00:00:00,Interested in HL
YESB22034913,Walk-in,In Progress,2024-08-24 00:00:00,Called for FD
YESB72091133,Referral,In Progress,2024-05-29 00:00:00,KYC Pending
YESB86824462,Walk-in,Lost,2024-11-24 00:00:00,Called for FD
YESB43635308,Walk-in,In Progress,2024-02-17 00:00:00,Interested in HL
YESB98883553,Referral,Converted,2024-06-15 00:00:00,Wait for salary credit
YESB45144978,Referral,Lost,2024-10-25 00:00:00,Interested in HL
YESB97327942,Walk-in,Lost,2024-03-04 00:00:00,Interested in HL
YESB27819220,Referral,Converted,2024-07-15 00:00:00,Interested in HL
YESB67322422,Digital Campaign,Converted,2024-02-07 00:00:00,Interested in HL
YESB75083745,Walk-in,Lost,2024-04-07 00:00:00,Wait for salary credit
YESB32556569,Walk-in,Converted,2024-01-25 00:00:00,Interested in HL
YESB94461258,Walk-in,Lost,2024-05-22 00:00:00,Interested in HL
YESB95306164,Referral,Lost,2024-07-02 00:00:00,KYC Pending
YESB38708886,Walk-in,In Progress,2024-12-01 00:00:00,Interested in HL
YESB22989511,Walk-in,In Progress,2024-04-15 00:00:00,KYC Pending
YESB77986176,Referral,Lost,2024-08-22 00:00:00,Called for FD
YESB30703044,Digital Campaign,Converted,2024-09-10 00:00:00,KYC Pending
YESB57212163,Digital Campaign,Lost,2024-06-23 00:00:00,Called for FD
YESB48701512,Walk-in,Lost,2024-06-21 00:00:00,Wait for salary credit
YESB86569484,Referral,Converted,2024-03-15 00:00:00,Called for FD
YESB70383507,Walk-in,In Progress,2024-03-13 00:00:00,KYC Pending
YESB33638444,Referral,Converted,2024-02-20 00:00:00,Interested in HL
YESB42715231,Digital Campaign,Lost,2024-02-19 00:00:00,Interested in HL
YESB85595444,Digital Campaign,Converted,2024-03-26 00:00:00,Interested in HL
YESB74606201,Referral,In Progress,2024-12-17 00:00:00,Interested in HL
YESB11437292,Referral,Converted,2024-08-12 00:00:00,Wait for salary credit
YESB68683681,Referral,Lost,2024-04-26 00:00:00,Wait for salary credit
YESB18666550,Referral,Converted,2024-10-30 00:00:00,Interested in HL
YESB85478448,Digital Campaign,Lost,2024-07-08 00:00:00,KYC Pending
YESB33590403,Walk-in,In Progress,2024-08-08 00:00:00,KYC Pending
YESB34228094,Digital Campaign,Converted,2024-12-04 00:00:00,KYC Pending
YESB82478932,Referral,Lost,2024-04-11 00:00:00,Interested in HL
YESB99842221,Digital Campaign,In Progress,2024-02-11 00:00:00,Interested in HL
YESB78109026,Walk-in,In Progress,2024-01-19 00:00:00,Wait for salary credit
YESB42851369,Digital Campaign,Lost,2024-07-28 00:00:00,Interested in HL
YESB18805503,Walk-in,Converted,2024-12-08 00:00:00,Called for FD
YESB43781491,Walk-in,Converted,2024-05-23 00:00:00,KYC Pending
YESB38353819,Walk-in,In Progress,2024-10-24 00:00:00,KYC Pending
YESB90790924,Referral,In Progress,2024-10-10 00:00:00,Wait for salary credit
YESB18825300,Walk-in,Converted,2024-09-13 00:00:00,Called for FD
YESB81340306,Walk-in,Lost,2024-08-16 00:00:00,KYC Pending
YESB70518632,Digital Campaign,Converted,2024-04-10 00:00:00,KYC Pending
YESB77006322,Digital Campaign,Converted,2024-07-07 00:00:00,KYC Pending
YESB42824501,Walk-in,Converted,2024-06-05 00:00:00,Interested in HL
YESB50391371,Referral,In Progress,2024-10-09 00:00:00,Interested in HL
YESB16146925,Referral,Lost,2024-05-22 00:00:00,Called for FD
YESB85277960,Digital Campaign,In Progress,2024-09-19 00:00:00,Wait for salary credit
YESB99895459,Walk-in,Converted,2024-02-19 00:00:00,Wait for salary credit
YESB95732658,Referral,Converted,2024-05-29 00:00:00,Called for FD
YESB22382296,Walk-in,In Progress,2024-01-11 00:00:00,Interested in HL
YESB77429877,Digital Campaign,Lost,2024-12-04 00:00:00,KYC Pending
YESB26176824,Walk-in,In Progress,2024-08-14 00:00:00,Called for FD
YESB58737943,Walk-in,In Progress,2024-03-12 00:00:00,KYC Pending
YESB86584386,Walk-in,Lost,2024-02-09 00:00:00,KYC Pending
YESB95413799,Walk-in,Converted,2024-08-26 00:00:00,Interested in HL
YESB17580353,Walk-in,In Progress,2024-11-06 00:00:00,Interested in HL
YESB84398660,Digital Campaign,In Progress,2024-12-15 00:00:00,KYC Pending
YESB61848232,Walk-in,Converted,2024-05-26 00:00:00,Interested in HL
YESB71102663,Digital Campaign,Converted,2024-11-17 00:00:00,Wait for salary credit
YESB55637198,Referral,In Progress,2024-02-27 00:00:00,Called for FD
YESB16216192,Referral,Lost,2024-07-30 00:00:00,Interested in HL
YESB89676145,Digital Campaign,In Progress,2024-08-28 00:00:00,Wait for salary credit
YESB39390589,Walk-in,Lost,2024-09-16 00:00:00,KYC Pending
YESB96648135,Walk-in,In Progress,2024-05-12 00:00:00,KYC Pending
YESB75803714,Referral,Converted,2024-04-18 00:00:00,Wait for salary credit
YESB33411679,Digital Campaign,Converted,2024-08-12 00:00:00,Wait for salary credit
YESB60625983,Walk-in,Lost,2024-01-23 00:00:00,Wait for salary credit
YESB96107886,Walk-in,Lost,2024-06-23 00:00:00,Called for FD
YESB27763592,Referral,In Progress,2024-12-06 00:00:00,Wait for salary credit
YESB96420875,Referral,In Progress,2024-06-13 00:00:00,Called for FD
YESB32176580,Referral,In Progress,2024-11-03 00:00:00,KYC Pending
YESB19771601,Digital Campaign,Converted,2024-04-25 00:00:00,Called for FD
YESB97257173,Referral,Converted,2024-04-24 00:00:00,KYC Pending
YESB48229032,Digital Campaign,Lost,2024-07-14 00:00:00,KYC Pending
YESB48694815,Referral,In Progress,2024-03-25 00:00:00,Called for FD
YESB36511937,Referral,Lost,2024-01-29 00:00:00,Interested in HL
YESB60976232,Digital Campaign,Converted,2024-02-08 00:00:00,Wait for salary credit
YESB68960304,Digital Campaign,Lost,2024-11-05 00:00:00,Interested in HL
YESB86044445,Walk-in,In Progress,2024-11-15 00:00:00,Wait for salary credit
YESB39935772,Referral,In Progress,2024-05-13 00:00:00,Interested in HL
YESB99214636,Referral,In Progress,2024-04-06 00:00:00,Called for FD
YESB43315582,Referral,Converted,2024-08-14 00:00:00,Interested in HL
YESB19278811,Digital Campaign,Lost,2024-09-11 00:00:00,Wait for salary credit
YESB17493357,Walk-in,Converted,2024-11-10 00:00:00,Wait for salary credit
YESB26436674,Referral,In Progress,2024-10-23 00:00:00,Interested in HL
YESB91631400,Referral,Converted,2024-02-16 00:00:00,Wait for salary credit
YESB64361053,Digital Campaign,Lost,2024-06-03 00:00:00,KYC Pending
YESB26471354,Digital Campaign,In Progress,2024-03-07 00:00:00,Called for FD
YESB28788144,Digital Campaign,Converted,2024-02-02 00:00:00,Interested in HL
YESB42790467,Digital Campaign,Lost,2024-07-03 00:00:00,KYC Pending
YESB26609572,Referral,Lost,2024-06-22 00:00:00,KYC Pending
YESB70141034,Referral,Converted,2024-12-11 00:00:00,Called for FD
YESB20487936,Digital Campaign,In Progress,2024-03-30 00:00:00,KYC Pending
YESB81050628,Digital Campaign,Lost,2024-06-05 00:00:00,Interested in HL
YESB60188490,Referral,Converted,2024-12-12 00:00:00,Called for FD
YESB36309201,Referral,Converted,2024-06-02 00:00:00,Interested in HL
YESB67140978,Digital Campaign,In Progress,2024-02-25 00:00:00,Wait for salary credit
YESB68845721,Digital Campaign,In Progress,2024-07-15 00:00:00,KYC Pending
YESB80079560,Walk-in,Converted,2024-05-12 00:00:00,Wait for salary credit
YESB12792137,Digital Campaign,Lost,2024-01-11 00:00:00,Called for FD
YESB46413132,Referral,Lost,2024-08-10 00:00:00,Wait for salary credit
YESB39501176,Referral,Lost,2024-06-02 00:00:00,Wait for salary credit
YESB82078520,Referral,Lost,2024-05-07 00:00:00,KYC Pending
YESB87389471,Digital Campaign,Converted,2024-06-06 00:00:00,Called for FD
YESB49783623,Walk-in,In Progress,2024-02-10 00:00:00,Wait for salary credit
YESB44814055,Digital Campaign,Lost,2024-04-07 00:00:00,Wait for salary credit
YESB89898972,Walk-in,In Progress,2024-12-21 00:00:00,Wait for salary credit
YESB79918887,Referral,Lost,2024-10-13 00:00:00,KYC Pending
YESB86103863,Referral,In Progress,2024-04-17 00:00:00,Called for FD
YESB72148027,Digital Campaign,Lost,2024-07-21 00:00:00,Called for FD
YESB35366066,Digital Campaign,Converted,2024-12-30 00:00:00,KYC Pending
YESB11851512,Walk-in,Converted,2024-01-18 00:00:00,Called for FD
YESB21963714,Digital Campaign,Converted,2024-07-16 00:00:00,Interested in HL
YESB18136619,Referral,Lost,2024-07-27 00:00:00,Interested in HL
YESB10126379,Digital Campaign,Lost,2024-08-14 00:00:00,Interested in HL
YESB29231341,Referral,Lost,2024-12-08 00:00:00,Called for FD
YESB88482747,Digital Campaign,Converted,2024-08-10 00:00:00,Interested in HL
YESB73967194,Digital Campaign,Lost,2024-06-17 00:00:00,Wait for salary credit
YESB21824505,Digital Campaign,Converted,2024-08-08 00:00:00,Wait for salary credit
YESB94430579,Walk-in,Converted,2024-07-20 00:00:00,Called for FD
YESB53492276,Referral,In Progress,2024-04-08 00:00:00,Wait for salary credit
YESB50283644,Digital Campaign,Lost,2024-10-12 00:00:00,KYC Pending
YESB64113907,Digital Campaign,Lost,2024-02-07 00:00:00,KYC Pending
YESB64698043,Walk-in,Converted,2024-03-10 00:00:00,Called for FD
YESB22147655,Walk-in,Lost,2024-12-21 00:00:00,Interested in HL
YESB67703569,Referral,Lost,2024-05-18 00:00:00,KYC Pending
YESB96202389,Referral,Converted,2024-09-12 00:00:00,KYC Pending
YESB51432201,Referral,Lost,2024-05-25 00:00:00,Wait for salary credit
YESB86932565,Referral,In Progress,2024-06-09 00:00:00,Interested in HL
YESB44445910,Walk-in,In Progress,2024-12-21 00:00:00,Interested in HL
YESB11420983,Walk-in,Converted,2024-01-02 00:00:00,Called for FD
YESB92945395,Walk-in,In Progress,2024-08-10 00:00:00,Called for FD
YESB91152943,Referral,Lost,2024-01-15 00:00:00,KYC Pending
YESB87557789,Walk-in,Lost,2024-12-28 00:00:00,Interested in HL
YESB95939855,Walk-in,In Progress,2024-08-28 00:00:00,Called for FD
YESB29581670,Referral,Converted,2024-03-01 00:00:00,Called for FD
YESB15820832,Walk-in,Converted,2024-03-21 00:00:00,Wait for salary credit
YESB11292256,Referral,Lost,2024-01-17 00:00:00,Called for FD
YESB18222624,Digital Campaign,In Progress,2024-07-09 00:00:00,Called for FD
YESB93222991,Referral,In Progress,2024-09-07 00:00:00,Wait for salary credit
YESB39376940,Walk-in,Lost,2024-10-06 00:00:00,Wait for salary credit
YESB21657939,Digital Campaign,Converted,2024-01-05 00:00:00,Called for FD
YESB77112097,Digital Campaign,Converted,2024-09-20 00:00:00,KYC Pending
YESB30798264,Walk-in,In Progress,2024-08-16 00:00:00,Called for FD
YESB83724161,Digital Campaign,Converted,2024-12-29 00:00:00,KYC Pending
YESB66302242,Walk-in,Lost,2024-06-02 00:00:00,KYC Pending
YESB73677802,Walk-in,Lost,2024-01-30 00:00:00,KYC Pending
YESB24895791,Digital Campaign,Converted,2024-05-20 00:00:00,Interested in HL
YESB23388241,Walk-in,In Progress,2024-09-29 00:00:00,KYC Pending
YESB90142651,Digital Campaign,Converted,2024-08-20 00:00:00,Interested in HL
YESB15308175,Digital Campaign,Converted,2024-06-29 00:00:00,Interested in HL
YESB33912326,Digital Campaign,Lost,2024-02-22 00:00:00,Called for FD
YESB25043441,Digital Campaign,Converted,2024-07-28 00:00:00,Called for FD
YESB28969716,Walk-in,In Progress,2024-10-12 00:00:00,Wait for salary credit
YESB48843584,Walk-in,Lost,2024-07-29 00:00:00,Interested in HL
YESB48698117,Walk-in,Converted,2024-12-17 00:00:00,Wait for salary credit
YESB49334295,Digital Campaign,Lost,2024-04-20 00:00:00,Wait for salary credit
YESB87951070,Referral,Lost,2024-09-21 00:00:00,Interested in HL
YESB61105868,Digital Campaign,Converted,2024-06-26 00:00:00,Called for FD
YESB44257659,Digital Campaign,Converted,2024-03-25 00:00:00,Interested in HL
YESB57667976,Digital Campaign,Lost,2024-11-14 00:00:00,Interested in HL
YESB38505572,Referral,In Progress,2024-09-17 00:00:00,Wait for salary credit
YESB21069263,Digital Campaign,Lost,2024-03-15 00:00:00,KYC Pending
YESB59058863,Walk-in,Lost,2024-04-19 00:00:00,Interested in HL
YESB18590322,Digital Campaign,Lost,2024-06-25 00:00:00,Called for FD
YESB82899669,Walk-in,Lost,2024-01-15 00:00:00,Interested in HL
YESB28191134,Walk-in,In Progress,2024-06-27 00:00:00,Wait for salary credit
YESB80964742,Walk-in,Lost,2024-12-25 00:00:00,Interested in HL
YESB11590424,Referral,Lost,2024-06-07 00:00:00,Interested in HL
YESB40298227,Digital Campaign,In Progress,2024-02-23 00:00:00,Interested in HL
YESB85599242,Digital Campaign,Lost,2024-06-23 00:00:00,Interested in HL
YESB68229739,Digital Campaign,Lost,2024-09-26 00:00:00,KYC Pending
YESB85965633,Referral,Converted,2024-05-02 00:00:00,KYC Pending
YESB20840515,Digital Campaign,Converted,2024-01-25 00:00:00,Called for FD
YESB73796114,Referral,In Progress,2024-12-22 00:00:00,Called for FD
YESB40438930,Walk-in,In Progress,2024-08-08 00:00:00,Interested in HL
YESB64695649,Digital Campaign,Lost,2024-04-15 00:00:00,Interested in HL
YESB86955349,Walk-in,In Progress,2024-10-29 00:00:00,KYC Pending
YESB52473892,Referral,In Progress,2024-02-15 00:00:00,Called for FD
YESB94880160,Referral,Converted,2024-11-17 00:00:00,Called for FD
YESB94747945,Walk-in,Lost,2024-01-24 00:00:00,Interested in HL
YESB89222798,Digital Campaign,Lost,2024-06-26 00:00:00,KYC Pending
YESB69122726,Digital Campaign,Lost,2024-10-20 00:00:00,KYC Pending
YESB29880708,Walk-in,In Progress,2024-01-13 00:00:00,Called for FD
YESB61760632,Digital Campaign,In Progress,2024-05-22 00:00:00,Interested in HL
YESB42276072,Walk-in,Converted,2024-06-14 00:00:00,Wait for salary credit
YESB35708432,Digital Campaign,Converted,2024-07-20 00:00:00,Called for FD
YESB52312593,Walk-in,Converted,2024-03-14 00:00:00,Wait for salary credit
YESB82972272,Referral,In Progress,2024-01-18 00:00:00,Wait for salary credit
YESB58620567,Referral,In Progress,2024-01-19 00:00:00,Called for FD
YESB20041389,Referral,In Progress,2024-04-11 00:00:00,Wait for salary credit
YESB56786061,Digital Campaign,Lost,2024-10-15 00:00:00,Called for FD
YESB83815780,Digital Campaign,Lost,2024-09-21 00:00:00,Called for FD
YESB52962182,Referral,Converted,2024-11-26 00:00:00,KYC Pending
YESB81542051,Walk-in,In Progress,2024-08-19 00:00:00,Called for FD
YESB32942127,Walk-in,Converted,2024-01-08 00:00:00,KYC Pending
YESB81036750,Digital Campaign,Lost,2024-01-29 00:00:00,KYC Pending
YESB23594732,Digital Campaign,Converted,2024-09-17 00:00:00,KYC Pending
YESB79227788,Digital Campaign,In Progress,2024-12-16 00:00:00,Wait for salary credit
YESB85460486,Referral,In Progress,2024-04-14 00:00:00,Interested in HL
YESB56798268,Referral,Lost,2024-08-22 00:00:00,Called for FD
YESB31274713,Referral,In Progress,2024-08-05 00:00:00,Interested in HL
YESB43092656,Walk-in,Converted,2024-08-28 00:00:00,Called for FD
YESB16240759,Referral,Converted,2024-10-27 00:00:00,KYC Pending
YESB31149627,Digital Campaign,Converted,2024-02-13 00:00:00,KYC Pending
YESB12759923,Walk-in,Converted,2024-11-30 00:00:00,Called for FD
YESB98722315,Digital Campaign,Converted,2024-07-20 00:00:00,KYC Pending
YESB65922122,Digital Campaign,Converted,2024-12-07 00:00:00,Interested in HL
YESB39577460,Walk-in,Converted,2024-05-02 00:00:00,Interested in HL
YESB42190326,Digital Campaign,Lost,2024-03-22 00:00:00,Interested in HL
YESB23301191,Referral,Converted,2024-07-16 00:00:00,Interested in HL
YESB29706159,Referral,Lost,2024-05-17 00:00:00,Wait for salary credit
YESB85209038,Referral,Lost,2024-01-20 00:00:00,Wait for salary credit
YESB44040845,Walk-in,In Progress,2024-06-06 00:00:00,KYC Pending
YESB57035092,Digital Campaign,In Progress,2024-07-09 00:00:00,Wait for salary credit
YESB69886578,Referral,Lost,2024-02-16 00:00:00,KYC Pending
YESB97122511,Digital Campaign,Lost,2024-08-29 00:00:00,KYC Pending
YESB90944746,Digital Campaign,Lost,2024-08-26 00:00:00,Called for FD
YESB32120624,Walk-in,In Progress,2024-05-28 00:00:00,Called for FD
YESB58586932,Referral,Converted,2024-11-12 00:00:00,KYC Pending
YESB14033422,Digital Campaign,Lost,2024-12-09 00:00:00,Called for FD
YESB99184669,Digital Campaign,Converted,2024-06-10 00:00:00,Called for FD
YESB78639148,Walk-in,In Progress,2024-07-06 00:00:00,Interested in HL
YESB13315935,Walk-in,In Progress,2024-10-30 00:00:00,Interested in HL
YESB99967591,Digital Campaign,Lost,2024-11-11 00:00:00,Interested in HL
YESB10048907,Digital Campaign,In Progress,2024-04-09 00:00:00,KYC Pending
YESB79717742,Digital Campaign,Lost,2024-06-07 00:00:00,Interested in HL
YESB23633056,Digital Campaign,In Progress,2024-03-22 00:00:00,Interested in HL
YESB83975588,Digital Campaign,Lost,2024-10-06 00:00:00,Called for FD
YESB99139866,Digital Campaign,Lost,2024-08-17 00:00:00,KYC Pending
YESB75946190,Digital Campaign,In Progress,2024-10-25 00:00:00,Interested in HL
YESB69790399,Referral,Converted,2024-06-07 00:00:00,Called for FD
YESB56865695,Walk-in,Converted,2024-06-05 00:00:00,Wait for salary credit
YESB13768350,Digital Campaign,In Progress,2024-02-03 00:00:00,Wait for salary credit
YESB70523774,Referral,Converted,2024-03-19 00:00:00,KYC Pending
YESB41963092,Walk-in,Converted,2024-06-03 00:00:00,Called for FD
YESB23125893,Walk-in,Converted,2024-02-07 00:00:00,Wait for salary credit
YESB20911233,Referral,Converted,2024-02-09 00:00:00,Wait for salary credit
YESB40730753,Digital Campaign,Converted,2024-05-17 00:00:00,KYC Pending
YESB13683610,Digital Campaign,Lost,2024-01-17 00:00:00,Interested in HL
YESB91217811,Digital Campaign,Lost,2024-01-01 00:00:00,Interested in HL
YESB18078303,Referral,Lost,2024-04-02 00:00:00,Wait for salary credit
YESB48330712,Digital Campaign,In Progress,2024-09-30 00:00:00,KYC Pending
YESB61134475,Digital Campaign,Converted,2024-01-28 00:00:00,Wait for salary credit
YESB40173720,Referral,Converted,2024-09-09 00:00:00,KYC Pending
YESB61971261,Walk-in,In Progress,2024-09-09 00:00:00,Wait for salary credit
YESB54693512,Referral,Lost,2024-12-24 00:00:00,Called for FD
YESB35710142,Digital Campaign,Lost,2024-02-17 00:00:00,Interested in HL
YESB11091504,Walk-in,Converted,2024-07-01 00:00:00,KYC Pending
YESB16842789,Walk-in,In Progress,2024-05-17 00:00:00,KYC Pending
YESB10707622,Referral,Converted,2024-06-09 00:00:00,Called for FD
YESB61876980,Referral,In Progress,2024-08-05 00:00:00,KYC Pending
YESB69273021,Walk-in,Lost,2024-10-08 00:00:00,Wait for salary credit
YESB61105614,Referral,In Progress,2024-11-18 00:00:00,Wait for salary credit
YESB32576305,Walk-in,In Progress,2024-01-27 00:00:00,Wait for salary credit
YESB60832114,Walk-in,Lost,2024-03-01 00:00:00,Interested in HL
YESB36411613,Digital Campaign,Converted,2024-09-19 00:00:00,Wait for salary credit
YESB88893700,Digital Campaign,Lost,2024-07-20 00:00:00,Called for FD
YESB21243673,Referral,Lost,2024-04-13 00:00:00,Wait for salary credit
YESB63308117,Digital Campaign,Converted,2024-11-01 00:00:00,Called for FD
YESB52612712,Digital Campaign,In Progress,2024-11-09 00:00:00,Interested in HL
YESB48827459,Referral,In Progress,2024-02-26 00:00:00,Called for FD
YESB62417555,Walk-in,Lost,2024-06-09 00:00:00,Called for FD
YESB90078624,Digital Campaign,Converted,2024-11-25 00:00:00,Called for FD
YESB47009684,Walk-in,Converted,2024-03-15 00:00:00,Called for FD
YESB39895802,Digital Campaign,In Progress,2024-01-15 00:00:00,Interested in HL
YESB79136261,Walk-in,Lost,2024-02-11 00:00:00,Wait for salary credit
YESB81523195,Digital Campaign,Converted,2024-07-31 00:00:00,Interested in HL
YESB19340366,Referral,Converted,2024-10-03 00:00:00,Wait for salary credit
YESB85738153,Referral,In Progress,2024-05-07 00:00:00,KYC Pending
YESB92625660,Digital Campaign,Converted,2024-03-21 00:00:00,Interested in HL
YESB13259403,Digital Campaign,Converted,2024-06-20 00:00:00,Wait for salary credit
YESB10255529,Walk-in,In Progress,2024-08-21 00:00:00,KYC Pending
YESB93572340,Referral,Converted,2024-05-04 00:00:00,Interested in HL
YESB21653141,Walk-in,Lost,2024-05-18 00:00:00,KYC Pending
YESB21187131,Referral,In Progress,2024-04-15 00:00:00,Wait for salary credit
YESB18886576,Walk-in,Lost,2024-05-23 00:00:00,Wait for salary credit
YESB27582182,Digital Campaign,In Progress,2024-08-02 00:00:00,KYC Pending
YESB97360237,Walk-in,Lost,2024-04-23 00:00:00,Interested in HL
YESB59635389,Digital Campaign,Converted,2024-07-15 00:00:00,Interested in HL
YESB52697461,Referral,Converted,2024-07-26 00:00:00,KYC Pending
YESB38033011,Referral,Converted,2024-12-22 00:00:00,Called for FD
YESB37765958,Referral,Lost,2024-01-26 00:00:00,Interested in HL
YESB18490527,Walk-in,In Progress,2024-10-28 00:00:00,Interested in HL
YESB64555272,Referral,Converted,2024-11-11 00:00:00,Called for FD
YESB73736468,Digital Campaign,Lost,2024-10-18 00:00:00,KYC Pending
YESB50244284,Walk-in,Converted,2024-02-18 00:00:00,KYC Pending
YESB26530428,Digital Campaign,Converted,2024-04-02 00:00:00,Called for FD
YESB34411195,Digital Campaign,Converted,2024-10-31 00:00:00,KYC Pending
YESB14461871,Digital Campaign,Lost,2024-10-03 00:00:00,KYC Pending
YESB55725411,Walk-in,Converted,2024-06-30 00:00:00,KYC Pending
YESB78230410,Walk-in,Converted,2024-11-19 00:00:00,Wait for salary credit
YESB25958485,Walk-in,In Progress,2024-09-05 00:00:00,Interested in HL
YESB88131823,Digital Campaign,Converted,2024-02-04 00:00:00,Called for FD
YESB63074163,Referral,Lost,2024-08-07 00:00:00,Interested in HL
YESB54982371,Walk-in,In Progress,2024-09-11 00:00:00,Interested in HL
YESB78743034,Walk-in,Converted,2024-02-20 00:00:00,Interested in HL
YESB80352764,Walk-in,In Progress,2024-12-24 00:00:00,Wait for salary credit
YESB63825217,Digital Campaign,In Progress,2024-05-23 00:00:00,Wait for salary credit
YESB85455039,Digital Campaign,Lost,2024-03-11 00:00:00,Interested in HL
YESB70373257,Walk-in,Lost,2024-08-24 00:00:00,Interested in HL
YESB78269175,Walk-in,Converted,2024-03-03 00:00:00,Called for FD
YESB61273075,Digital Campaign,Lost,2024-04-19 00:00:00,Called for FD
YESB26573131,Referral,Lost,2024-05-24 00:00:00,Wait for salary credit
YESB18626477,Walk-in,In Progress,2024-04-13 00:00:00,Interested in HL
YESB79197664,Referral,In Progress,2024-10-14 00:00:00,Wait for salary credit
YESB77736162,Walk-in,Converted,2024-09-06 00:00:00,KYC Pending
YESB40184044,Digital Campaign,Lost,2024-08-16 00:00:00,Wait for salary credit
YESB39377510,Walk-in,Converted,2024-10-26 00:00:00,Wait for salary credit
YESB66939526,Digital Campaign,Converted,2024-01-24 00:00:00,Called for FD
YESB59578614,Referral,In Progress,2024-01-07 00:00:00,KYC Pending
YESB64093621,Referral,Lost,2024-08-10 00:00:00,Interested in HL
YESB56828321,Referral,Lost,2024-05-20 00:00:00,Wait for salary credit
YESB64853338,Digital Campaign,Lost,2024-10-19 00:00:00,Wait for salary credit
YESB20870180,Digital Campaign,Converted,2024-12-20 00:00:00,Wait for salary credit
YESB38557736,Walk-in,In Progress,2024-05-05 00:00:00,KYC Pending
YESB80328009,Referral,In Progress,2024-10-11 00:00:00,KYC Pending
YESB21596023,Referral,Lost,2024-07-13 00:00:00,KYC Pending
YESB57134454,Referral,Converted,2024-05-29 00:00:00,Called for FD
YESB53948609,Walk-in,Converted,2024-10-19 00:00:00,Wait for salary credit
YESB83026692,Referral,Lost,2024-08-04 00:00:00,Interested in HL
YESB16907124,Walk-in,Lost,2024-11-01 00:00:00,Called for FD
YESB52672125,Walk-in,In Progress,2024-03-22 00:00:00,Called for FD
YESB32348210,Referral,Converted,2024-05-25 00:00:00,Called for FD
YESB94922967,Walk-in,Converted,2024-02-08 00:00:00,Interested in HL
YESB74328722,Digital Campaign,In Progress,2024-09-11 00:00:00,Called for FD
YESB79405304,Walk-in,In Progress,2024-05-12 00:00:00,KYC Pending
YESB40055567,Digital Campaign,In Progress,2024-11-11 00:00:00,KYC Pending
YESB95191004,Referral,In Progress,2024-12-25 00:00:00,Called for FD
YESB81315463,Walk-in,Lost,2024-07-01 00:00:00,Interested in HL
YESB61791415,Digital Campaign,In Progress,2024-09-07 00:00:00,KYC Pending
YESB64851596,Referral,In Progress,2024-12-31 00:00:00,Called for FD
YESB62816263,Walk-in,In Progress,2024-09-19 00:00:00,KYC Pending
YESB11371908,Walk-in,Lost,2024-10-07 00:00:00,KYC Pending
YESB98849854,Referral,In Progress,2024-05-22 00:00:00,Called for FD
YESB61393841,Walk-in,Converted,2024-08-24 00:00:00,Called for FD
YESB43820037,Digital Campaign,In Progress,2024-05-07 00:00:00,Interested in HL
YESB42510534,Referral,Converted,2024-04-20 00:00:00,Wait for salary credit
YESB51251206,Digital Campaign,In Progress,2024-02-03 00:00:00,KYC Pending
YESB12172432,Referral,In Progress,2024-01-02 00:00:00,KYC Pending
YESB20931752,Digital Campaign,Lost,2024-09-17 00:00:00,Wait for salary credit
YESB52656218,Referral,Converted,2024-02-19 00:00:00,Interested in HL
YESB56718731,Referral,Converted,2024-10-08 00:00:00,Interested in HL
YESB90054107,Digital Campaign,Lost,2024-10-09 00:00:00,KYC Pending
YESB47317187,Referral,Converted,2024-11-30 00:00:00,Wait for salary credit
YESB88387873,Referral,In Progress,2024-05-30 00:00:00,Called for FD
YESB88806732,Referral,In Progress,2024-06-19 00:00:00,Called for FD
YESB25474329,Walk-in,In Progress,2024-08-05 00:00:00,Called for FD
YESB71464329,Digital Campaign,Lost,2024-04-26 00:00:00,Called for FD
YESB21693252,Referral,Lost,2024-05-11 00:00:00,KYC Pending
YESB44921647,Referral,In Progress,2024-01-06 00:00:00,Wait for salary credit
YESB68507483,Referral,In Progress,2024-10-16 00:00:00,Called for FD
YESB27017934,Walk-in,Converted,2024-02-17 00:00:00,KYC Pending
YESB49734858,Referral,Converted,2024-08-30 00:00:00,Interested in HL
YESB79418773,Digital Campaign,Lost,2024-07-16 00:00:00,Wait for salary credit
YESB87839301,Referral,Lost,2024-09-27 00:00:00,Called for FD
YESB65432880,Digital Campaign,Converted,2024-03-17 00:00:00,Called for FD
YESB24834578,Walk-in,Lost,2024-11-05 00:00:00,Called for FD
YESB74350776,Referral,In Progress,2024-08-09 00:00:00,KYC Pending
YESB41552720,Referral,In Progress,2024-03-13 00:00:00,KYC Pending
YESB49783623,Walk-in,In Progress,2024-04-10 00:00:00,Wait for salary credit
YESB53316297,Digital Campaign,Converted,2024-05-14 00:00:00,Interested in HL
YESB10049540,Walk-in,Lost,2024-06-20 00:00:00,KYC Pending
YESB69715987,Referral,In Progress,2024-08-05 00:00:00,Interested in HL
YESB42667385,Walk-in,Converted,2024-11-20 00:00:00,Interested in HL
YESB45884851,Referral,In Progress,2024-04-28 00:00:00,Wait for salary credit
YESB89615319,Digital Campaign,Lost,2024-01-26 00:00:00,Called for FD
YESB60571659,Referral,In Progress,2024-06-11 00:00:00,Wait for salary credit
YESB80552286,Walk-in,In Progress,2024-09-30 00:00:00,KYC Pending
YESB49878408,Digital Campaign,Converted,2024-09-08 00:00:00,Interested in HL
YESB89647924,Digital Campaign,Lost,2024-05-13 00:00:00,KYC Pending
YESB89264872,Digital Campaign,Converted,2024-01-20 00:00:00,KYC Pending
YESB17184578,Walk-in,In Progress,2024-05-23 00:00:00,KYC Pending
YESB97523367,Digital Campaign,In Progress,2024-09-14 00:00:00,Wait for salary credit
YESB17079581,Walk-in,Converted,2024-02-05 00:00:00,Wait for salary credit
YESB46508809,Walk-in,Converted,2024-10-03 00:00:00,KYC Pending
YESB70116502,Digital Campaign,Lost,2024-08-29 00:00:00,Interested in HL
YESB42364407,Walk-in,In Progress,2024-04-19 00:00:00,KYC Pending
YESB70799432,Digital Campaign,In Progress,2024-02-08 00:00:00,Wait for salary credit
YESB94286664,Referral,In Progress,2024-11-06 00:00:00,KYC Pending
YESB37905832,Walk-in,In Progress,2024-03-12 00:00:00,Interested in HL
YESB57836745,Referral,Lost,2024-08-01 00:00:00,Interested in HL
YESB16703383,Walk-in,In Progress,2024-09-29 00:00:00,Called for FD
YESB31610201,Digital Campaign,In Progress,2024-10-14 00:00:00,Wait for salary credit
YESB50062741,Referral,In Progress,2024-05-30 00:00:00,KYC Pending
YESB98092989,Referral,Lost,2024-09-28 00:00:00,KYC Pending
YESB56995003,Referral,Converted,2024-03-20 00:00:00,KYC Pending
YESB51941982,Referral,Converted,2024-02-02 00:00:00,KYC Pending
YESB94090793,Digital Campaign,Converted,2024-03-06 00:00:00,Interested in HL
YESB85043388,Digital Campaign,In Progress,2024-11-04 00:00:00,Interested in HL
YESB13323256,Walk-in,Lost,2024-07-14 00:00:00,KYC Pending
YESB66221561,Referral,Converted,2024-12-15 00:00:00,Called for FD
YESB39449517,Referral,In Progress,2024-01-12 00:00:00,Called for FD
YESB93251592,Referral,In Progress,2024-01-07 00:00:00,Wait for salary credit
YESB52692866,Digital Campaign,In Progress,2024-11-23 00:00:00,Wait for salary credit
YESB35376843,Walk-in,Converted,2024-03-14 00:00:00,KYC Pending
YESB92441472,Referral,Converted,2024-08-22 00:00:00,Called for FD
YESB18690109,Referral,Lost,2024-12-17 00:00:00,Interested in HL
YESB55586618,Digital Campaign,Lost,2024-06-21 00:00:00,Wait for salary credit
YESB17829946,Walk-in,In Progress,2024-08-30 00:00:00,Wait for salary credit
YESB70779548,Digital Campaign,Lost,2024-12-05 00:00:00,Wait for salary credit
YESB13991408,Referral,In Progress,2024-07-30 00:00:00,Called for FD
YESB79221678,Walk-in,In Progress,2024-01-19 00:00:00,Called for FD
YESB99948442,Walk-in,In Progress,2024-10-19 00:00:00,Interested in HL
YESB76731139,Walk-in,In Progress,2024-12-08 00:00:00,Wait for salary credit
YESB76616427,Digital Campaign,Lost,2024-03-19 00:00:00,Wait for salary credit
YESB94958443,Digital Campaign,Converted,2024-10-09 00:00:00,Called for FD
YESB70263788,Digital Campaign,Converted,2024-12-11 00:00:00,Called for FD
YESB52665812,Walk-in,In Progress,2024-02-13 00:00:00,Interested in HL
YESB90816361,Digital Campaign,Converted,2024-05-13 00:00:00,Interested in HL
YESB64127190,Digital Campaign,Lost,2024-09-08 00:00:00,Called for FD
YESB85312620,Walk-in,In Progress,2024-12-29 00:00:00,Interested in HL
YESB45784438,Walk-in,Converted,2024-02-19 00:00:00,Wait for salary credit
YESB91937495,Walk-in,In Progress,2024-03-14 00:00:00,KYC Pending
YESB83932360,Referral,Converted,2024-06-26 00:00:00,Interested in HL
YESB13556766,Walk-in,Converted,2024-01-24 00:00:00,Called for FD
YESB86259811,Walk-in,Converted,2024-08-01 00:00:00,Interested in HL
YESB75353713,Referral,In Progress,2024-11-22 00:00:00,Called for FD
YESB37636728,Walk-in,Converted,2024-02-06 00:00:00,Wait for salary credit
YESB36736636,Digital Campaign,Converted,2024-04-02 00:00:00,KYC Pending
YESB79108572,Digital Campaign,Lost,2024-09-02 00:00:00,Interested in HL
YESB63378492,Digital Campaign,Converted,2024-04-16 00:00:00,Wait for salary credit
YESB79430759,Walk-in,Lost,2024-09-15 00:00:00,Wait for salary credit
YESB85158136,Referral,In Progress,2024-04-26 00:00:00,Wait for salary credit
YESB72502564,Walk-in,Converted,2024-12-27 00:00:00,Interested in HL
YESB96156189,Digital Campaign,Lost,2024-12-06 00:00:00,Wait for salary credit
YESB84126006,Walk-in,In Progress,2024-08-02 00:00:00,Wait for salary credit
YESB50410361,Digital Campaign,Lost,2024-08-09 00:00:00,Called for FD
YESB84551442,Referral,Lost,2024-06-03 00:00:00,Wait for salary credit
YESB28393086,Walk-in,Lost,2024-02-23 00:00:00,KYC Pending
YESB71802920,Walk-in,Lost,2024-04-12 00:00:00,Called for FD
YESB14147103,Referral,Converted,2024-08-21 00:00:00,Called for FD
YESB38681844,Walk-in,Lost,2024-09-16 00:00:00,Interested in HL
YESB97888302,Digital Campaign,Converted,2024-05-07 00:00:00,KYC Pending
YESB47827501,Walk-in,Lost,2024-05-01 00:00:00,KYC Pending
YESB35355962,Walk-in,Lost,2024-01-26 00:00:00,Wait for salary credit
YESB42485523,Referral,In Progress,2024-08-20 00:00:00,Wait for salary credit
YESB61393841,Referral,Lost,2024-08-21 00:00:00,Wait for salary credit
YESB18232568,Walk-in,Converted,2024-05-13 00:00:00,Called for FD
YESB63395228,Walk-in,In Progress,2024-10-12 00:00:00,Called for FD
YESB57122203,Walk-in,Lost,2024-09-20 00:00:00,Wait for salary credit
YESB22601304,Digital Campaign,Converted,2024-11-11 00:00:00,Interested in HL
YESB26961637,Digital Campaign,In Progress,2024-03-11 00:00:00,Called for FD
YESB34481963,Walk-in,In Progress,2024-09-27 00:00:00,Called for FD
YESB83397824,Digital Campaign,Lost,2024-06-26 00:00:00,Interested in HL
YESB74717739,Referral,In Progress,2024-07-01 00:00:00,Interested in HL
YESB89062736,Referral,In Progress,2024-10-31 00:00:00,Wait for salary credit
YESB51589405,Digital Campaign,In Progress,2024-05-02 00:00:00,KYC Pending
YESB91821708,Walk-in,Converted,2024-07-20 00:00:00,KYC Pending
YESB12520152,Digital Campaign,In Progress,2024-10-14 00:00:00,Called for FD
YESB71391504,Walk-in,Lost,2024-07-25 00:00:00,Called for FD
YESB37966348,Digital Campaign,In Progress,2024-09-14 00:00:00,Interested in HL
YESB75704714,Walk-in,Converted,2024-12-19 00:00:00,Wait for salary credit
YESB18713444,Digital Campaign,In Progress,2024-07-23 00:00:00,Wait for salary credit
YESB83479339,Walk-in,Converted,2024-11-02 00:00:00,KYC Pending
YESB27502400,Referral,In Progress,2024-06-19 00:00:00,Called for FD
YESB92552944,Referral,In Progress,2024-01-29 00:00:00,KYC Pending
YESB88389020,Referral,Converted,2024-12-09 00:00:00,KYC Pending
YESB41719491,Walk-in,Converted,2024-11-06 00:00:00,KYC Pending
YESB56597980,Digital Campaign,In Progress,2024-06-06 00:00:00,Called for FD
YESB73869025,Walk-in,In Progress,2024-03-14 00:00:00,Called for FD
YESB63748484,Digital Campaign,Lost,2024-11-06 00:00:00,Wait for salary credit
YESB63535982,Referral,Lost,2024-03-27 00:00:00,Wait for salary credit
YESB51015965,Referral,Lost,2024-10-07 00:00:00,KYC Pending
YESB56611620,Referral,Lost,2024-02-22 00:00:00,Wait for salary credit
YESB64263874,Digital Campaign,Lost,2024-06-03 00:00:00,Interested in HL
YESB94260086,Digital Campaign,Converted,2024-04-15 00:00:00,Interested in HL
YESB50331458,Referral,In Progress,2024-02-23 00:00:00,Called for FD
YESB37055561,Referral,Converted,2024-05-29 00:00:00,Wait for salary credit
YESB51984633,Referral,Lost,2024-02-14 00:00:00,Interested in HL
YESB71561057,Referral,Lost,2024-06-10 00:00:00,KYC Pending
YESB87332432,Referral,Lost,2024-06-23 00:00:00,KYC Pending
YESB98870756,Referral,In Progress,2024-11-26 00:00:00,Wait for salary credit
YESB92054237,Walk-in,Converted,2024-08-19 00:00:00,Wait for salary credit
YESB57484117,Digital Campaign,Lost,2024-01-19 00:00:00,Interested in HL
YESB52312147,Referral,In Progress,2024-02-25 00:00:00,KYC Pending
YESB10482437,Walk-in,In Progress,2024-08-05 00:00:00,Interested in HL
YESB58089449,Referral,In Progress,2024-01-30 00:00:00,KYC Pending
YESB76130510,Referral,Lost,2024-10-06 00:00:00,Called for FD
YESB20814015,Digital Campaign,Lost,2024-11-28 00:00:00,KYC Pending
YESB31628425,Walk-in,Lost,2024-08-19 00:00:00,KYC Pending
YESB75343215,Walk-in,In Progress,2024-01-24 00:00:00,KYC Pending
YESB52254263,Referral,Converted,2024-02-02 00:00:00,Called for FD
YESB51353910,Walk-in,Converted,2024-02-18 00:00:00,Wait for salary credit
YESB97198122,Referral,Lost,2024-01-04 00:00:00,Wait for salary credit
YESB50260884,Referral,Lost,2024-01-17 00:00:00,KYC Pending
YESB66487216,Digital Campaign,Converted,2024-09-27 00:00:00,Interested in HL
YESB79918887,Referral,Converted,2024-06-28 00:00:00,Wait for salary credit
YESB23186374,Walk-in,Converted,2024-01-14 00:00:00,Wait for salary credit
YESB23550063,Digital Campaign,In Progress,2024-10-03 00:00:00,Called for FD
YESB63430525,Walk-in,Lost,2024-03-12 00:00:00,Called for FD
YESB13150735,Referral,In Progress,2024-06-13 00:00:00,Called for FD
YESB10211651,Referral,Lost,2024-09-13 00:00:00,Interested in HL
YESB29228977,Referral,In Progress,2024-05-15 00:00:00,Interested in HL
YESB21980667,Referral,Converted,2024-02-14 00:00:00,Called for FD
YESB68873415,Referral,Converted,2024-08-17 00:00:00,Wait for salary credit
YESB86171849,Walk-in,Lost,2024-05-08 00:00:00,Wait for salary credit
YESB46867017,Referral,Converted,2024-01-23 00:00:00,KYC Pending
YESB36577455,Digital Campaign,Lost,2024-03-12 00:00:00,Called for FD
YESB55543049,Digital Campaign,In Progress,2024-05-03 00:00:00,Interested in HL
YESB68121878,Walk-in,Converted,2024-07-06 00:00:00,KYC Pending
YESB42412820,Digital Campaign,Converted,2024-10-06 00:00:00,Called for FD
YESB19561066,Digital Campaign,In Progress,2024-08-16 00:00:00,Interested in HL
YESB98360725,Walk-in,In Progress,2024-11-24 00:00:00,Interested in HL
YESB60377128,Referral,Lost,2024-08-03 00:00:00,KYC Pending
YESB25851863,Referral,In Progress,2024-12-26 00:00:00,KYC Pending
YESB95112173,Referral,In Progress,2024-05-05 00:00:00,Interested in HL
YESB52838032,Digital Campaign,In Progress,2024-08-13 00:00:00,Called for FD
YESB15779361,Walk-in,Converted,2024-09-23 00:00:00,KYC Pending
YESB49912615,Walk-in,In Progress,2024-10-02 00:00:00,KYC Pending
YESB10256076,Referral,Lost,2024-09-24 00:00:00,Interested in HL
YESB54099326,Digital Campaign,Converted,2024-11-05 00:00:00,Interested in HL
YESB48781731,Walk-in,Lost,2024-11-23 00:00:00,Interested in HL
YESB65847957,Referral,In Progress,2024-06-19 00:00:00,Wait for salary credit
YESB14297298,Walk-in,In Progress,2024-08-24 00:00:00,Wait for salary credit
YESB53577889,Referral,Lost,2024-12-31 00:00:00,KYC Pending
YESB71825029,Walk-in,Lost,2024-12-20 00:00:00,Wait for salary credit
YESB14406689,Referral,In Progress,2024-03-03 00:00:00,Interested in HL
YESB78055827,Referral,Lost,2024-02-01 00:00:00,Wait for salary credit
YESB97283620,Digital Campaign,In Progress,2024-10-30 00:00:00,Called for FD
YESB51364016,Walk-in,In Progress,2024-06-17 00:00:00,KYC Pending
YESB96176791,Walk-in,Lost,2024-05-25 00:00:00,Wait for salary credit
YESB33834711,Walk-in,Lost,2024-04-27 00:00:00,Called for FD
YESB37763385,Referral,In Progress,2024-11-28 00:00:00,Interested in HL
YESB69975252,Digital Campaign,In Progress,2024-04-10 00:00:00,KYC Pending
YESB87229572,Digital Campaign,Lost,2024-11-12 00:00:00,KYC Pending
YESB17246034,Digital Campaign,Converted,2024-02-02 00:00:00,Wait for salary credit
YESB53661807,Referral,In Progress,2024-07-03 00:00:00,Called for FD
YESB54177710,Walk-in,Converted,2024-09-05 00:00:00,Called for FD
YESB84765804,Walk-in,Converted,2024-01-01 00:00:00,Called for FD
YESB34023532,Referral,In Progress,2024-10-15 00:00:00,Called for FD
YESB46866129,Walk-in,Lost,2024-02-05 00:00:00,KYC Pending
YESB10365234,Walk-in,In Progress,2024-01-29 00:00:00,KYC Pending
YESB95560260,Walk-in,Converted,2024-04-12 00:00:00,Wait for salary credit
YESB66138460,Walk-in,Converted,2024-05-20 00:00:00,KYC Pending
YESB73162588,Referral,Lost,2024-10-26 00:00:00,Interested in HL
YESB98115727,Digital Campaign,Converted,2024-01-06 00:00:00,Called for FD
YESB75266147,Walk-in,Lost,2024-10-09 00:00:00,Interested in HL
YESB30425141,Walk-in,In Progress,2024-05-15 00:00:00,Interested in HL
YESB74369790,Referral,Lost,2024-09-29 00:00:00,Wait for salary credit
YESB29630439,Referral,In Progress,2024-02-09 00:00:00,Called for FD
YESB61926463,Referral,In Progress,2024-05-07 00:00:00,Interested in HL
YESB50423789,Walk-in,Lost,2024-01-08 00:00:00,KYC Pending
YESB14736705,Referral,Converted,2024-07-03 00:00:00,Called for FD
YESB51981885,Digital Campaign,Converted,2024-09-09 00:00:00,Called for FD
YESB52571806,Walk-in,Converted,2024-08-01 00:00:00,Interested in HL
YESB20592984,Referral,In Progress,2024-01-03 00:00:00,Called for FD
YESB68794772,Walk-in,Converted,2024-11-02 00:00:00,Wait for salary credit
YESB98380751,Walk-in,In Progress,2024-05-27 00:00:00,Wait for salary credit
YESB49245160,Walk-in,Converted,2024-07-23 00:00:00,Called for FD
YESB16801399,Digital Campaign,Lost,2024-10-01 00:00:00,KYC Pending
YESB21813089,Referral,In Progress,2024-09-23 00:00:00,Wait for salary credit
YESB93835198,Referral,Converted,2024-11-24 00:00:00,KYC Pending
YESB98746734,Digital Campaign,Converted,2024-05-07 00:00:00,Interested in HL
YESB49900340,Walk-in,In Progress,2024-10-06 00:00:00,KYC Pending
YESB71801619,Referral,In Progress,2024-02-02 00:00:00,Wait for salary credit
YESB47073156,Digital Campaign,In Progress,2024-10-06 00:00:00,KYC Pending
YESB76027614,Referral,Converted,2024-12-29 00:00:00,Wait for salary credit
YESB34971762,Walk-in,Converted,2024-07-04 00:00:00,KYC Pending
YESB87960504,Digital Campaign,Lost,2024-03-19 00:00:00,Called for FD
YESB54156845,Walk-in,In Progress,2024-03-21 00:00:00,KYC Pending
YESB41736252,Digital Campaign,Converted,2024-12-15 00:00:00,Interested in HL
YESB55310306,Walk-in,In Progress,2024-11-05 00:00:00,Wait for salary credit
YESB18889603,Digital Campaign,Lost,2024-08-16 00:00:00,Interested in HL
YESB89102109,Digital Campaign,In Progress,2024-01-07 00:00:00,KYC Pending
YESB96685254,Walk-in,In Progress,2024-11-05 00:00:00,KYC Pending
YESB28097073,Digital Campaign,Lost,2024-08-19 00:00:00,Interested in HL
YESB79257416,Walk-in,In Progress,2024-07-18 00:00:00,Wait for salary credit
YESB83294373,Walk-in,In Progress,2024-02-24 00:00:00,KYC Pending
YESB98119349,Digital Campaign,In Progress,2024-10-16 00:00:00,Wait for salary credit
YESB62559717,Referral,Converted,2024-12-07 00:00:00,Interested in HL
YESB29841098,Walk-in,In Progress,2024-09-06 00:00:00,Interested in HL
YESB45271550,Walk-in,Lost,2024-03-16 00:00:00,KYC Pending
YESB21065281,Walk-in,Converted,2024-12-10 00:00:00,Interested in HL
YESB89098211,Walk-in,In Progress,2024-12-15 00:00:00,KYC Pending
YESB35033010,Referral,In Progress,2024-05-10 00:00:00,KYC Pending
YESB13090750,Walk-in,Converted,2024-03-04 00:00:00,Wait for salary credit
YESB53596251,Digital Campaign,Converted,2024-12-10 00:00:00,KYC Pending
YESB70349078,Referral,In Progress,2024-03-05 00:00:00,Called for FD
YESB82598199,Digital Campaign,Lost,2024-08-23 00:00:00,Wait for salary credit
YESB72892366,Walk-in,Lost,2024-04-14 00:00:00,Interested in HL
YESB88327164,Referral,In Progress,2024-02-21 00:00:00,Wait for salary credit
YESB69687821,Referral,In Progress,2024-02-18 00:00:00,Called for FD
YESB40940032,Referral,Lost,2024-03-21 00:00:00,Wait for salary credit
YESB21094396,Digital Campaign,Lost,2024-09-16 00:00:00,Interested in HL
YESB77467626,Referral,Converted,2024-04-11 00:00:00,Called for FD
YESB72165959,Referral,Lost,2024-08-22 00:00:00,KYC Pending
YESB97517899,Referral,Converted,2024-05-21 00:00:00,Wait for salary credit
YESB39531185,Referral,In Progress,2024-11-22 00:00:00,Interested in HL
YESB58515198,Referral,Lost,2024-07-13 00:00:00,Wait for salary credit
YESB29919640,Referral,Lost,2024-06-22 00:00:00,Interested in HL
YESB44604514,Referral,In Progress,2024-04-15 00:00:00,Wait for salary credit
YESB76459619,Walk-in,In Progress,2024-06-02 00:00:00,KYC Pending
YESB58598004,Walk-in,Lost,2024-11-26 00:00:00,Interested in HL
YESB22202810,Referral,Converted,2024-10-06 00:00:00,Called for FD
YESB58848124,Digital Campaign,Lost,2024-09-06 00:00:00,Interested in HL
YESB56870850,Digital Campaign,In Progress,2024-12-20 00:00:00,Called for FD
YESB31180739,Walk-in,In Progress,2024-11-20 00:00:00,Called for FD
YESB26378499,Referral,In Progress,2024-06-02 00:00:00,Interested in HL
YESB71228597,Walk-in,Converted,2024-03-02 00:00:00,Called for FD
YESB27491747,Walk-in,Lost,2024-03-21 00:00:00,Interested in HL
YESB80481120,Walk-in,Converted,2024-11-24 00:00:00,Wait for salary credit
YESB79609437,Walk-in,Lost,2024-12-08 00:00:00,KYC Pending
YESB84599841,Referral,In Progress,2024-01-17 00:00:00,Wait for salary credit
YESB55806428,Walk-in,In Progress,2024-05-21 00:00:00,Interested in HL
YESB63425803,Walk-in,Converted,2024-12-04 00:00:00,Interested in HL
YESB98533223,Walk-in,Converted,2024-01-08 00:00:00,KYC Pending
YESB46111822,Digital Campaign,Converted,2024-04-30 00:00:00,Called for FD
YESB25769641,Walk-in,Lost,2024-02-20 00:00:00,Wait for salary credit
YESB49779670,Digital Campaign,Lost,2024-09-25 00:00:00,KYC Pending
YESB83028913,Referral,In Progress,2024-01-08 00:00:00,Wait for salary credit
YESB30449180,Referral,Lost,2024-10-17 00:00:00,Interested in HL
YESB68487511,Walk-in,In Progress,2024-11-29 00:00:00,KYC Pending
YESB43671302,Walk-in,Converted,2024-04-08 00:00:00,Wait for salary credit
YESB89874117,Walk-in,In Progress,2024-10-18 00:00:00,Called for FD
YESB14701917,Walk-in,In Progress,2024-03-24 00:00:00,Called for FD
YESB26018099,Referral,In Progress,2024-04-05 00:00:00,Wait for salary credit
YESB40025630,Digital Campaign,In Progress,2024-07-11 00:00:00,Wait for salary credit
YESB14642288,Walk-in,In Progress,2024-08-28 00:00:00,Interested in HL
YESB14993843,Walk-in,In Progress,2024-02-24 00:00:00,KYC Pending
YESB55029305,Walk-in,In Progress,2024-03-13 00:00:00,Wait for salary credit
YESB98390218,Referral,Lost,2024-03-10 00:00:00,Called for FD
YESB84282826,Digital Campaign,Lost,2024-05-07 00:00:00,Wait for salary credit
YESB76176848,Referral,Lost,2024-02-04 00:00:00,Interested in HL
YESB80097226,Referral,Converted,2024-05-30 00:00:00,Wait for salary credit
YESB58221368,Referral,Converted,2024-01-30 00:00:00,Called for FD
YESB43517274,Digital Campaign,In Progress,2024-10-18 00:00:00,Wait for salary credit
YESB19743696,Digital Campaign,Lost,2024-04-14 00:00:00,Called for FD
YESB44878986,Walk-in,Lost,2024-10-11 00:00:00,KYC Pending
YESB99216447,Digital Campaign,In Progress,2024-09-21 00:00:00,Called for FD
YESB17391055,Walk-in,Lost,2024-04-14 00:00:00,KYC Pending
YESB47685734,Digital Campaign,Lost,2024-01-17 00:00:00,Interested in HL
YESB29505338,Walk-in,In Progress,2024-12-27 00:00:00,Called for FD
YESB89224803,Walk-in,Lost,2024-05-03 00:00:00,KYC Pending
YESB23767207,Digital Campaign,Lost,2024-04-28 00:00:00,Called for FD
YESB31319107,Digital Campaign,In Progress,2024-03-06 00:00:00,Called for FD
YESB32956850,Digital Campaign,In Progress,2024-03-22 00:00:00,Wait for salary credit
YESB19917735,Digital Campaign,Converted,2024-10-22 00:00:00,KYC Pending
YESB51256205,Walk-in,Converted,2024-09-10 00:00:00,Interested in HL
YESB66131624,Walk-in,Converted,2024-08-25 00:00:00,KYC Pending
YESB69998122,Walk-in,Converted,2024-04-01 00:00:00,Interested in HL
YESB16842352,Digital Campaign,Lost,2024-01-05 00:00:00,Interested in HL
YESB54760323,Walk-in,Lost,2024-10-10 00:00:00,Wait for salary credit
YESB56175223,Digital Campaign,Lost,2024-10-12 00:00:00,Wait for salary credit
YESB86164610,Referral,In Progress,2024-05-11 00:00:00,Wait for salary credit
YESB66016999,Referral,Converted,2024-04-05 00:00:00,Called for FD
YESB51642383,Walk-in,Lost,2024-06-07 00:00:00,Interested in HL
YESB12622816,Walk-in,In Progress,2024-08-29 00:00:00,Wait for salary credit
YESB57898528,Digital Campaign,In Progress,2024-04-16 00:00:00,KYC Pending
YESB63072252,Digital Campaign,In Progress,2024-11-25 00:00:00,Interested in HL
YESB29551741,Digital Campaign,Lost,2024-07-25 00:00:00,Called for FD
YESB81173544,Referral,Lost,2024-06-04 00:00:00,KYC Pending
YESB66143839,Walk-in,In Progress,2024-01-23 00:00:00,Wait for salary credit
YESB20126768,Referral,Converted,2024-07-20 00:00:00,Called for FD
YESB20253254,Walk-in,Converted,2024-10-13 00:00:00,Interested in HL
YESB65111748,Referral,Lost,2024-09-07 00:00:00,KYC Pending
YESB56646993,Digital Campaign,Converted,2024-02-07 00:00:00,Wait for salary credit
YESB29646384,Referral,Lost,2024-02-10 00:00:00,Interested in HL
YESB71416032,Walk-in,Converted,2024-08-23 00:00:00,Interested in HL
YESB52824004,Referral,Lost,2024-04-23 00:00:00,Wait for salary credit
YESB72204345,Referral,Converted,2024-09-01 00:00:00,Wait for salary credit
YESB15984636,Digital Campaign,In Progress,2024-11-17 00:00:00,KYC Pending
YESB31821471,Walk-in,Converted,2024-06-19 00:00:00,Called for FD
YESB47855899,Referral,Converted,2024-12-31 00:00:00,Wait for salary credit
YESB22640003,Walk-in,Lost,2024-02-24 00:00:00,KYC Pending
YESB84567085,Walk-in,Lost,2024-01-21 00:00:00,Called for FD
YESB52155080,Referral,Lost,2024-02-09 00:00:00,KYC Pending
YESB64403569,Walk-in,In Progress,2024-12-03 00:00:00,KYC Pending
YESB99150896,Walk-in,Lost,2024-08-16 00:00:00,Interested in HL
YESB60885636,Digital Campaign,Converted,2024-03-23 00:00:00,Wait for salary credit
YESB10865390,Walk-in,Lost,2024-08-06 00:00:00,KYC Pending
YESB20771116,Digital Campaign,In Progress,2024-06-02 00:00:00,Interested in HL
YESB10865390,Referral,In Progress,2024-09-21 00:00:00,Interested in HL
YESB92923202,Referral,Lost,2024-01-27 00:00:00,Called for FD
YESB79920741,Referral,Converted,2024-03-20 00:00:00,KYC Pending
YESB55027853,Digital Campaign,In Progress,2024-05-08 00:00:00,Wait for salary credit
YESB28391662,Referral,In Progress,2024-11-19 00:00:00,Interested in HL
YESB46441285,Digital Campaign,In Progress,2024-02-09 00:00:00,Wait for salary credit
YESB51054228,Walk-in,Converted,2024-05-10 00:00:00,Called for FD
YESB64164335,Walk-in,Lost,2024-10-28 00:00:00,Called for FD
YESB18458019,Referral,In Progress,2024-09-22 00:00:00,Interested in HL
YESB70874268,Digital Campaign,Lost,2024-12-10 00:00:00,Called for FD
YESB90134288,Referral,In Progress,2024-11-08 00:00:00,Wait for salary credit
YESB62570004,Digital Campaign,Lost,2024-10-18 00:00:00,Wait for salary credit
YESB41363321,Walk-in,Converted,2024-05-16 00:00:00,Interested in HL
YESB81437042,Digital Campaign,Converted,2024-02-27 00:00:00,Interested in HL
YESB84731570,Walk-in,In Progress,2024-03-19 00:00:00,KYC Pending
YESB53971602,Digital Campaign,In Progress,2024-11-04 00:00:00,Wait for salary credit
YESB44915677,Walk-in,Converted,2024-12-14 00:00:00,KYC Pending
YESB68527105,Referral,In Progress,2024-03-29 00:00:00,Wait for salary credit
YESB79012461,Walk-in,Converted,2024-04-29 00:00:00,Wait for salary credit
YESB69116224,Referral,Converted,2024-11-12 00:00:00,Wait for salary credit
YESB58143855,Walk-in,In Progress,2024-12-26 00:00:00,Wait for salary credit
YESB35529837,Referral,Converted,2024-01-14 00:00:00,Interested in HL
YESB83209317,Walk-in,Lost,2024-04-14 00:00:00,Wait for salary credit
YESB83212340,Walk-in,Lost,2024-02-29 00:00:00,Wait for salary credit
YESB56761835,Digital Campaign,Lost,2024-05-06 00:00:00,Interested in HL
YESB86025373,Digital Campaign,Lost,2024-10-09 00:00:00,Interested in HL
YESB25442868,Referral,Converted,2024-06-19 00:00:00,Wait for salary credit
YESB61794019,Digital Campaign,Lost,2024-10-08 00:00:00,Called for FD
YESB45503170,Digital Campaign,Converted,2024-09-13 00:00:00,KYC Pending
YESB66306644,Walk-in,In Progress,2024-01-10 00:00:00,Called for FD
YESB88709113,Digital Campaign,In Progress,2024-03-02 00:00:00,Wait for salary credit
YESB26237403,Referral,Lost,2024-07-28 00:00:00,Wait for salary credit
YESB42972708,Referral,Converted,2024-07-22 00:00:00,KYC Pending
YESB11736742,Referral,Lost,2024-09-15 00:00:00,Interested in HL
YESB49077788,Walk-in,In Progress,2024-07-13 00:00:00,Called for FD
YESB54585990,Digital Campaign,Lost,2024-01-27 00:00:00,KYC Pending
YESB59552379,Digital Campaign,Converted,2024-05-30 00:00:00,Called for FD
YESB70806560,Referral,Lost,2024-05-28 00:00:00,KYC Pending
YESB90717880,Walk-in,Converted,2024-05-12 00:00:00,Wait for salary credit
YESB79184338,Digital Campaign,In Progress,2024-06-12 00:00:00,Interested in HL
YESB67016574,Walk-in,Lost,2024-10-15 00:00:00,KYC Pending
YESB87308456,Referral,Lost,2024-02-25 00:00:00,KYC Pending
YESB77578329,Digital Campaign,In Progress,2024-05-07 00:00:00,KYC Pending
YESB71014390,Digital Campaign,In Progress,2024-02-20 00:00:00,KYC Pending
YESB31145765,Digital Campaign,In Progress,2024-08-11 00:00:00,Wait for salary credit
YESB39357781,Walk-in,Lost,2024-01-20 00:00:00,Called for FD
YESB89742897,Walk-in,Lost,2024-10-30 00:00:00,Wait for salary credit
YESB45361537,Walk-in,In Progress,2024-03-21 00:00:00,Interested in HL
YESB53090337,Digital Campaign,In Progress,2024-08-12 00:00:00,Called for FD
YESB18080365,Digital Campaign,Lost,2024-08-09 00:00:00,Interested in HL
YESB47080265,Digital Campaign,Converted,2024-06-22 00:00:00,Interested in HL
YESB52946199,Digital Campaign,In Progress,2024-03-24 00:00:00,Interested in HL
YESB88102840,Digital Campaign,Converted,2024-02-04 00:00:00,Interested in HL
YESB62258412,Referral,Lost,2024-12-16 00:00:00,Interested in HL
YESB74663291,Referral,Converted,2024-12-19 00:00:00,Wait for salary credit
YESB59101933,Digital Campaign,In Progress,2024-09-07 00:00:00,Called for FD
YESB58500426,Referral,Lost,2024-08-12 00:00:00,Wait for salary credit
YESB76711002,Digital Campaign,Converted,2024-08-06 00:00:00,KYC Pending
YESB89439196,Referral,Lost,2024-09-18 00:00:00,Interested in HL
YESB67382875,Walk-in,Converted,2024-03-01 00:00:00,KYC Pending
YESB56099443,Walk-in,Converted,2024-07-12 00:00:00,KYC Pending
YESB70290430,Digital Campaign,In Progress,2024-02-18 00:00:00,Interested in HL
YESB66867966,Digital Campaign,In Progress,2024-07-21 00:00:00,Interested in HL
YESB47812514,Digital Campaign,In Progress,2024-09-08 00:00:00,Wait for salary credit
YESB99642768,Referral,Converted,2024-09-03 00:00:00,Wait for salary credit
YESB49219994,Digital Campaign,In Progress,2024-03-12 00:00:00,Interested in HL
YESB52115351,Digital Campaign,In Progress,2024-08-04 00:00:00,KYC Pending
YESB46668839,Walk-in,Converted,2024-04-29 00:00:00,KYC Pending
YESB35704559,Referral,Lost,2024-11-04 00:00:00,Interested in HL
YESB82000051,Digital Campaign,In Progress,2024-10-03 00:00:00,KYC Pending
YESB47029327,Walk-in,Lost,2024-12-24 00:00:00,KYC Pending
YESB39523251,Referral,In Progress,2024-12-21 00:00:00,Interested in HL
YESB66525664,Referral,Lost,2024-10-10 00:00:00,KYC Pending
YESB72791639,Referral,Lost,2024-04-29 00:00:00,Wait for salary credit
YESB26066987,Referral,Converted,2024-11-20 00:00:00,Wait for salary credit
YESB43971092,Digital Campaign,In Progress,2024-11-09 00:00:00,Called for FD
YESB15890483,Digital Campaign,Converted,2024-09-09 00:00:00,Called for FD
YESB78345912,Digital Campaign,In Progress,2024-01-11 00:00:00,Interested in HL
YESB52154812,Walk-in,In Progress,2024-01-19 00:00:00,Interested in HL
YESB42333773,Digital Campaign,Converted,2024-11-08 00:00:00,KYC Pending
YESB52731403,Referral,In Progress,2024-04-26 00:00:00,Interested in HL
YESB29853191,Referral,Lost,2024-08-04 00:00:00,KYC Pending
YESB87133923,Digital Campaign,Lost,2024-01-25 00:00:00,Interested in HL
YESB98973759,Referral,Lost,2024-12-20 00:00:00,KYC Pending
YESB50536174,Digital Campaign,In Progress,2024-03-16 00:00:00,Called for FD
YESB97860537,Referral,In Progress,2024-10-10 00:00:00,Interested in HL
YESB63416702,Digital Campaign,Converted,2024-05-18 00:00:00,Wait for salary credit
YESB11061944,Digital Campaign,Lost,2024-03-24 00:00:00,Called for FD
YESB89335875,Digital Campaign,Lost,2024-03-06 00:00:00,Wait for salary credit
YESB65659370,Referral,Lost,2024-02-15 00:00:00,Wait for salary credit
YESB72852363,Digital Campaign,Lost,2024-02-18 00:00:00,Interested in HL
YESB94375087,Digital Campaign,Converted,2024-09-07 00:00:00,Wait for salary credit
YESB22502609,Digital Campaign,Converted,2024-03-15 00:00:00,KYC Pending
YESB82607182,Walk-in,Converted,2024-01-10 00:00:00,Wait for salary credit
YESB64618443,Referral,Converted,2024-11-23 00:00:00,Called for FD
YESB69692634,Digital Campaign,Converted,2024-09-30 00:00:00,KYC Pending
YESB48284772,Digital Campaign,Lost,2024-03-21 00:00:00,Called for FD
YESB78462341,Digital Campaign,Converted,2024-11-20 00:00:00,Wait for salary credit
YESB87850602,Referral,Lost,2024-06-12 00:00:00,KYC Pending
YESB39150577,Referral,Lost,2024-08-29 00:00:00,Interested in HL
YESB33567744,Referral,Lost,2024-07-19 00:00:00,Called for FD
YESB85871243,Referral,Converted,2024-03-17 00:00:00,Wait for salary credit
YESB37387263,Digital Campaign,Converted,2024-08-07 00:00:00,Wait for salary credit
YESB38715505,Referral,In Progress,2024-04-16 00:00:00,Interested in HL
YESB66427502,Referral,Lost,2024-06-01 00:00:00,KYC Pending
YESB98769165,Referral,In Progress,2024-02-27 00:00:00,Called for FD
YESB59101933,Walk-in,Lost,2024-08-16 00:00:00,Interested in HL
YESB49470205,Walk-in,Lost,2024-10-15 00:00:00,Interested in HL
YESB64555272,Digital Campaign,Lost,2024-03-31 00:00:00,Wait for salary credit
YESB65903131,Digital Campaign,Lost,2024-04-21 00:00:00,Called for FD
YESB23375425,Walk-in,Converted,2024-08-13 00:00:00,KYC Pending
YESB44878986,Walk-in,Converted,2024-07-23 00:00:00,Called for FD
YESB56517518,Digital Campaign,Converted,2024-07-19 00:00:00,Wait for salary credit
YESB81781312,Referral,Converted,2024-05-31 00:00:00,Called for FD
YESB50300155,Referral,Lost,2024-09-12 00:00:00,Interested in HL
YESB99580406,Digital Campaign,Converted,2024-06-28 00:00:00,Called for FD
YESB41442229,Referral,In Progress,2024-11-25 00:00:00,KYC Pending
YESB89705139,Referral,In Progress,2024-06-16 00:00:00,Called for FD
YESB38989526,Digital Campaign,Converted,2024-09-19 00:00:00,Interested in HL
YESB37730513,Digital Campaign,Converted,2024-01-31 00:00:00,KYC Pending
YESB97773467,Walk-in,Converted,2024-11-25 00:00:00,Wait for salary credit
YESB82605167,Digital Campaign,Lost,2024-11-08 00:00:00,Wait for salary credit
YESB86237299,Digital Campaign,In Progress,2024-10-29 00:00:00,Wait for salary credit
YESB84202223,Referral,Converted,2024-04-26 00:00:00,Interested in HL
YESB35296928,Referral,Converted,2024-05-24 00:00:00,Called for FD
YESB53254962,Referral,In Progress,2024-06-30 00:00:00,Interested in HL
YESB11690636,Digital Campaign,In Progress,2024-02-27 00:00:00,Wait for salary credit
YESB79995649,Walk-in,Lost,2024-01-10 00:00:00,KYC Pending
YESB18288932,Walk-in,Lost,2024-02-15 00:00:00,KYC Pending
YESB55969451,Referral,Converted,2024-03-17 00:00:00,Interested in HL
YESB75405192,Referral,Converted,2024-04-22 00:00:00,Interested in HL
YESB93317328,Referral,Lost,2024-07-28 00:00:00,Wait for salary credit
YESB18289797,Referral,Lost,2024-08-16 00:00:00,Called for FD
YESB15802723,Digital Campaign,In Progress,2024-09-11 00:00:00,Called for FD
YESB66475532,Digital Campaign,Converted,2024-09-24 00:00:00,Called for FD
YESB18224757,Walk-in,Converted,2024-07-11 00:00:00,KYC Pending
YESB60288635,Digital Campaign,Lost,2024-10-28 00:00:00,Called for FD
YESB74268418,Referral,Lost,2024-05-19 00:00:00,Interested in HL
YESB54008882,Digital Campaign,Lost,2024-08-21 00:00:00,Called for FD
YESB48154640,Digital Campaign,In Progress,2024-04-01 00:00:00,Interested in HL
YESB42486490,Referral,Converted,2024-06-20 00:00:00,KYC Pending
YESB71704325,Walk-in,In Progress,2024-04-07 00:00:00,Called for FD
YESB32390181,Walk-in,Converted,2024-11-13 00:00:00,Called for FD
YESB27290159,Referral,Converted,2024-06-26 00:00:00,Interested in HL
YESB95641364,Digital Campaign,Lost,2024-09-27 00:00:00,Wait for salary credit
YESB14147103,Referral,Converted,2024-01-09 00:00:00,Called for FD
YESB45647246,Referral,Converted,2024-04-08 00:00:00,KYC Pending
YESB56965282,Walk-in,Lost,2024-02-12 00:00:00,Interested in HL
YESB92923202,Walk-in,Converted,2024-04-19 00:00:00,Interested in HL
YESB81639206,Walk-in,In Progress,2024-12-14 00:00:00,Called for FD
YESB36958119,Referral,Lost,2024-04-18 00:00:00,KYC Pending
YESB58563142,Walk-in,Converted,2024-05-26 00:00:00,Interested in HL
YESB61808116,Referral,Converted,2024-12-05 00:00:00,Called for FD
YESB78412205,Referral,In Progress,2024-11-22 00:00:00,Called for FD
YESB44315324,Referral,In Progress,2024-02-25 00:00:00,Called for FD
YESB85577927,Digital Campaign,Lost,2024-04-14 00:00:00,Interested in HL
YESB75847428,Digital Campaign,In Progress,2024-11-17 00:00:00,KYC Pending
YESB56647735,Digital Campaign,Converted,2024-10-03 00:00:00,Called for FD
YESB42997997,Referral,In Progress,2024-12-06 00:00:00,Called for FD
YESB44866580,Walk-in,In Progress,2024-04-19 00:00:00,Interested in HL
YESB11144820,Digital Campaign,Lost,2024-04-02 00:00:00,Wait for salary credit
YESB16742207,Referral,Lost,2024-01-07 00:00:00,KYC Pending
YESB65474009,Referral,Converted,2024-04-26 00:00:00,Wait for salary credit
YESB82018845,Digital Campaign,Lost,2024-01-18 00:00:00,Interested in HL
YESB98142176,Walk-in,In Progress,2024-04-12 00:00:00,Wait for salary credit
YESB83466207,Referral,Lost,2024-06-18 00:00:00,Wait for salary credit
YESB93293309,Referral,Lost,2024-07-13 00:00:00,Interested in HL
YESB63894213,Digital Campaign,Converted,2024-03-22 00:00:00,KYC Pending
YESB31763325,Referral,Lost,2024-03-25 00:00:00,Wait for salary credit
YESB19233586,Referral,In Progress,2024-11-12 00:00:00,Interested in HL
YESB29900942,Walk-in,Converted,2024-03-27 00:00:00,Called for FD
YESB85888202,Digital Campaign,Converted,2024-08-18 00:00:00,Wait for salary credit
YESB69710712,Digital Campaign,Lost,2024-01-30 00:00:00,Called for FD
YESB90123118,Walk-in,Converted,2024-10-03 00:00:00,KYC Pending
YESB53881128,Walk-in,Converted,2024-10-19 00:00:00,Wait for salary credit
YESB96263221,Digital Campaign,Converted,2024-08-03 00:00:00,KYC Pending
YESB13111139,Digital Campaign,In Progress,2024-10-04 00:00:00,KYC Pending
YESB30601354,Digital Campaign,In Progress,2024-02-11 00:00:00,Called for FD
YESB16954802,Walk-in,Converted,2024-12-14 00:00:00,Wait for salary credit
YESB53439050,Walk-in,Lost,2024-01-12 00:00:00,Wait for salary credit
YESB52811181,Digital Campaign,In Progress,2024-10-20 00:00:00,Called for FD
YESB74600082,Walk-in,Lost,2024-04-23 00:00:00,Wait for salary credit
YESB23105590,Referral,Lost,2024-07-04 00:00:00,Called for FD
YESB19073282,Walk-in,In Progress,2024-04-02 00:00:00,Called for FD
YESB98401687,Walk-in,Converted,2024-05-10 00:00:00,KYC Pending
YESB99860891,Walk-in,In Progress,2024-12-03 00:00:00,KYC Pending
YESB73680474,Walk-in,Converted,2024-10-04 00:00:00,Interested in HL
YESB36921018,Referral,Converted,2024-03-21 00:00:00,Interested in HL
YESB74167952,Walk-in,In Progress,2024-07-27 00:00:00,Interested in HL
YESB67300968,Walk-in,Converted,2024-08-11 00:00:00,Interested in HL
YESB43385683,Referral,Lost,2024-11-18 00:00:00,Interested in HL
YESB37169446,Walk-in,In Progress,2024-01-01 00:00:00,Interested in HL
YESB54609704,Referral,Lost,2024-11-28 00:00:00,Interested in HL
YESB60642623,Digital Campaign,Converted,2024-04-08 00:00:00,KYC Pending
YESB99799139,Walk-in,Converted,2024-08-18 00:00:00,Called for FD
YESB97601572,Walk-in,Lost,2024-11-05 00:00:00,Wait for salary credit
YESB38912394,Referral,Lost,2024-08-17 00:00:00,Called for FD
YESB52887109,Walk-in,Lost,2024-09-13 00:00:00,Wait for salary credit
YESB10399919,Walk-in,Lost,2024-09-01 00:00:00,KYC Pending
YESB40754102,Walk-in,In Progress,2024-03-18 00:00:00,Wait for salary credit
YESB38185497,Walk-in,Converted,2024-02-11 00:00:00,KYC Pending
YESB25642266,Digital Campaign,Lost,2024-03-19 00:00:00,Called for FD
YESB22681368,Digital Campaign,In Progress,2024-06-05 00:00:00,KYC Pending
YESB43395220,Referral,In Progress,2024-10-13 00:00:00,Wait for salary credit
YESB16933540,Referral,In Progress,2024-02-09 00:00:00,Interested in HL
YESB89193157,Digital Campaign,In Progress,2024-12-08 00:00:00,Called for FD
YESB44257659,Referral,Converted,2024-10-25 00:00:00,Called for FD
YESB81564327,Digital Campaign,In Progress,2024-03-20 00:00:00,KYC Pending
YESB67048504,Walk-in,Converted,2024-05-23 00:00:00,Called for FD
YESB71449491,Referral,In Progress,2024-05-09 00:00:00,Wait for salary credit
YESB10689585,Digital Campaign,Converted,2024-06-22 00:00:00,KYC Pending
YESB17151243,Digital Campaign,Lost,2024-04-26 00:00:00,Interested in HL
YESB84406756,Walk-in,In Progress,2024-01-07 00:00:00,Interested in HL
YESB52565613,Digital Campaign,In Progress,2024-08-13 00:00:00,Wait for salary credit
YESB60412312,Referral,In Progress,2024-02-09 00:00:00,KYC Pending
YESB97041557,Referral,Lost,2024-11-23 00:00:00,Wait for salary credit
YESB26854264,Digital Campaign,In Progress,2024-07-08 00:00:00,Wait for salary credit
YESB53329596,Digital Campaign,In Progress,2024-04-30 00:00:00,Wait for salary credit
YESB51432201,Walk-in,Converted,2024-01-23 00:00:00,KYC Pending
YESB12290759,Walk-in,In Progress,2024-04-08 00:00:00,Called for FD
YESB85471249,Digital Campaign,Lost,2024-12-27 00:00:00,KYC Pending
YESB23697221,Referral,Lost,2024-02-14 00:00:00,Interested in HL
YESB57651169,Referral,Lost,2024-09-17 00:00:00,Called for FD
YESB55410748,Walk-in,Converted,2024-05-28 00:00:00,Wait for salary credit
YESB72532277,Walk-in,Lost,2024-03-16 00:00:00,Wait for salary credit
YESB45045719,Walk-in,In Progress,2024-05-07 00:00:00,Wait for salary credit
YESB96148441,Walk-in,In Progress,2024-02-02 00:00:00,Wait for salary credit
YESB58761826,Digital Campaign,Converted,2024-05-03 00:00:00,Wait for salary credit
YESB14117314,Digital Campaign,Lost,2024-09-19 00:00:00,Interested in HL
YESB31221437,Walk-in,Converted,2024-11-11 00:00:00,Interested in HL
YESB28187942,Referral,Lost,2024-02-27 00:00:00,Called for FD
YESB99926386,Digital Campaign,Lost,2024-07-29 00:00:00,Called for FD
YESB14668370,Referral,Lost,2024-07-16 00:00:00,Called for FD
YESB96671665,Referral,Converted,2024-02-07 00:00:00,KYC Pending
YESB31002706,Walk-in,In Progress,2024-12-14 00:00:00,Called for FD
YESB58280605,Walk-in,Lost,2024-07-11 00:00:00,KYC Pending
YESB36067109,Referral,Converted,2024-07-13 00:00:00,Wait for salary credit
YESB86455896,Referral,Lost,2024-06-26 00:00:00,KYC Pending
YESB12072601,Referral,In Progress,2024-09-19 00:00:00,KYC Pending
YESB59972800,Digital Campaign,In Progress,2024-03-13 00:00:00,Called for FD
YESB65294843,Digital Campaign,Lost,2024-12-07 00:00:00,Wait for salary credit
YESB41712918,Referral,In Progress,2024-04-12 00:00:00,Interested in HL
YESB30796059,Walk-in,Lost,2024-05-11 00:00:00,Wait for salary credit
YESB71370115,Walk-in,Converted,2024-12-01 00:00:00,Interested in HL
YESB30073211,Referral,Converted,2024-11-16 00:00:00,Interested in HL
YESB93949444,Walk-in,Converted,2024-04-19 00:00:00,Wait for salary credit
YESB36955315,Referral,In Progress,2024-08-10 00:00:00,Wait for salary credit
YESB22870801,Referral,Converted,2024-07-11 00:00:00,Called for FD
YESB19272984,Walk-in,Lost,2024-03-23 00:00:00,KYC Pending
YESB99788847,Referral,Converted,2024-12-29 00:00:00,KYC Pending
YESB65234598,Digital Campaign,In Progress,2024-02-09 00:00:00,KYC Pending
YESB85067491,Walk-in,In Progress,2024-07-03 00:00:00,Called for FD
YESB86935497,Referral,Converted,2024-08-10 00:00:00,KYC Pending
YESB19365921,Referral,Lost,2024-01-06 00:00:00,KYC Pending
YESB84340543,Walk-in,Converted,2024-02-27 00:00:00,Called for FD
YESB33019318,Referral,Converted,2024-12-31 00:00:00,KYC Pending
YESB52182528,Digital Campaign,Lost,2024-01-11 00:00:00,Interested in HL
YESB47825817,Digital Campaign,In Progress,2024-12-09 00:00:00,Called for FD
YESB36057680,Referral,In Progress,2024-08-22 00:00:00,Wait for salary credit
YESB27048800,Digital Campaign,Converted,2024-05-03 00:00:00,Interested in HL
YESB68954345,Digital Campaign,Lost,2024-10-19 00:00:00,Interested in HL
YESB79082827,Digital Campaign,Converted,2024-04-22 00:00:00,Wait for salary credit
YESB34066210,Referral,Converted,2024-06-14 00:00:00,Interested in HL
YESB40497517,Digital Campaign,Converted,2024-12-08 00:00:00,Called for FD
YESB22506364,Referral,Converted,2024-09-21 00:00:00,Interested in HL
YESB86369662,Walk-in,Converted,2024-07-24 00:00:00,Interested in HL
YESB51078079,Digital Campaign,Lost,2024-11-12 00:00:00,Called for FD
YESB55122204,Referral,Lost,2024-02-09 00:00:00,Interested in HL
YESB66123223,Walk-in,Converted,2024-12-18 00:00:00,Called for FD
YESB77432172,Referral,Lost,2024-07-15 00:00:00,Interested in HL
YESB64699647,Digital Campaign,Lost,2024-07-28 00:00:00,Interested in HL
YESB43636031,Digital Campaign,Lost,2024-09-07 00:00:00,KYC Pending
YESB40937453,Walk-in,Lost,2024-12-02 00:00:00,KYC Pending
YESB73056583,Walk-in,In Progress,2024-03-27 00:00:00,Wait for salary credit
YESB98921490,Digital Campaign,In Progress,2024-04-13 00:00:00,Interested in HL
YESB36719142,Digital Campaign,Lost,2024-08-04 00:00:00,Interested in HL
YESB92435014,Referral,Lost,2024-06-27 00:00:00,Called for FD
YESB32113751,Referral,Lost,2024-02-10 00:00:00,Interested in HL
YESB23171942,Walk-in,Lost,2024-02-17 00:00:00,KYC Pending
YESB63886450,Digital Campaign,Converted,2024-03-14 00:00:00,Interested in HL
YESB40482970,Walk-in,Lost,2024-08-28 00:00:00,Wait for salary credit
YESB75207419,Referral,In Progress,2024-11-27 00:00:00,Called for FD
YESB48293106,Digital Campaign,Converted,2024-11-09 00:00:00,KYC Pending
YESB11001227,Referral,Lost,2024-06-24 00:00:00,Wait for salary credit
YESB11955322,Digital Campaign,Lost,2024-02-19 00:00:00,Interested in HL
YESB60851582,Referral,In Progress,2024-09-19 00:00:00,KYC Pending
YESB67033797,Referral,In Progress,2024-02-09 00:00:00,KYC Pending
YESB75286261,Walk-in,Lost,2024-04-13 00:00:00,KYC Pending
YESB13311041,Referral,Lost,2024-03-02 00:00:00,Wait for salary credit
YESB29646983,Walk-in,In Progress,2024-09-10 00:00:00,Interested in HL
YESB45788450,Referral,Lost,2024-10-02 00:00:00,Called for FD
YESB51295724,Digital Campaign,Converted,2024-05-03 00:00:00,Wait for salary credit
YESB90689445,Walk-in,Converted,2024-10-07 00:00:00,Interested in HL
YESB16294487,Digital Campaign,Converted,2024-12-19 00:00:00,KYC Pending
YESB11595398,Referral,Converted,2024-02-17 00:00:00,KYC Pending
YESB73592203,Referral,In Progress,2024-03-18 00:00:00,Wait for salary credit
YESB17903508,Walk-in,Lost,2024-09-12 00:00:00,Interested in HL
YESB39856187,Referral,Converted,2024-10-08 00:00:00,KYC Pending
YESB79244616,Digital Campaign,Lost,2024-03-17 00:00:00,KYC Pending
YESB55310735,Referral,Converted,2024-04-04 00:00:00,Wait for salary credit
YESB26470839,Referral,Converted,2024-11-22 00:00:00,Interested in HL
YESB91116065,Walk-in,In Progress,2024-11-29 00:00:00,Called for FD
YESB99577329,Digital Campaign,In Progress,2024-02-02 00:00:00,Interested in HL
YESB31154229,Walk-in,In Progress,2024-07-04 00:00:00,Interested in HL
YESB74234556,Referral,In Progress,2024-08-30 00:00:00,KYC Pending
YESB87981655,Digital Campaign,In Progress,2024-12-31 00:00:00,KYC Pending
YESB61044524,Digital Campaign,In Progress,2024-03-07 00:00:00,Interested in HL
YESB82899669,Referral,Lost,2024-10-24 00:00:00,KYC Pending
YESB42676161,Walk-in,In Progress,2024-07-10 00:00:00,Wait for salary credit
YESB41900060,Referral,Lost,2024-11-05 00:00:00,Wait for salary credit
YESB40499826,Digital Campaign,In Progress,2024-11-02 00:00:00,Interested in HL
YESB19575503,Digital Campaign,Converted,2024-06-10 00:00:00,Interested in HL
YESB11595398,Referral,Converted,2024-07-21 00:00:00,Wait for salary credit
YESB79174345,Digital Campaign,Lost,2024-12-17 00:00:00,Called for FD
YESB89681829,Referral,In Progress,2024-04-06 00:00:00,Called for FD
YESB38858302,Digital Campaign,Lost,2024-02-24 00:00:00,KYC Pending
YESB17394330,Referral,Converted,2024-12-01 00:00:00,Called for FD
YESB39731089,Walk-in,In Progress,2024-07-04 00:00:00,Wait for salary credit
YESB25836657,Walk-in,Converted,2024-07-22 00:00:00,Interested in HL
YESB80178022,Walk-in,Lost,2024-09-21 00:00:00,Wait for salary credit
YESB59522453,Walk-in,Converted,2024-10-29 00:00:00,KYC Pending
YESB78877620,Referral,Lost,2024-09-22 00:00:00,KYC Pending
YESB82139087,Walk-in,Lost,2024-01-26 00:00:00,Called for FD
YESB12055950,Digital Campaign,In Progress,2024-03-07 00:00:00,KYC Pending
YESB71081706,Digital Campaign,In Progress,2024-11-05 00:00:00,Called for FD
YESB85721177,Digital Campaign,Lost,2024-01-16 00:00:00,Called for FD
YESB57254375,Digital Campaign,Converted,2024-01-22 00:00:00,Interested in HL
YESB57821164,Digital Campaign,Lost,2024-10-04 00:00:00,KYC Pending
YESB62354578,Walk-in,Converted,2024-01-22 00:00:00,Interested in HL
YESB93695607,Referral,In Progress,2024-09-30 00:00:00,KYC Pending
YESB61379428,Digital Campaign,Converted,2024-10-27 00:00:00,Called for FD
YESB72984946,Digital Campaign,Converted,2024-12-22 00:00:00,Interested in HL
YESB58065217,Digital Campaign,In Progress,2024-12-14 00:00:00,KYC Pending
YESB36018130,Referral,Converted,2024-07-02 00:00:00,Interested in HL
YESB92189630,Walk-in,Lost,2024-06-15 00:00:00,KYC Pending
YESB71137834,Walk-in,Converted,2024-12-30 00:00:00,Called for FD
YESB81829380,Digital Campaign,Converted,2024-02-07 00:00:00,Called for FD
YESB38957632,Walk-in,In Progress,2024-06-03 00:00:00,Interested in HL
YESB99062143,Digital Campaign,Converted,2024-09-22 00:00:00,Interested in HL
YESB15303095,Digital Campaign,In Progress,2024-05-14 00:00:00,Called for FD
YESB99127281,Referral,Converted,2024-04-08 00:00:00,Wait for salary credit
YESB53272516,Walk-in,In Progress,2024-02-20 00:00:00,KYC Pending
YESB11288790,Walk-in,Converted,2024-02-28 00:00:00,Called for FD
YESB40360678,Digital Campaign,Converted,2024-03-22 00:00:00,Wait for salary credit
YESB53235998,Walk-in,Converted,2024-06-28 00:00:00,Interested in HL
YESB24890334,Digital Campaign,Lost,2024-06-01 00:00:00,Interested in HL
YESB12594585,Digital Campaign,Lost,2024-04-20 00:00:00,KYC Pending
YESB55832154,Walk-in,Converted,2024-10-14 00:00:00,Interested in HL
YESB95098943,Walk-in,Converted,2024-08-21 00:00:00,Wait for salary credit
YESB87401458,Referral,Lost,2024-09-13 00:00:00,Interested in HL
YESB61203232,Digital Campaign,Lost,2024-07-11 00:00:00,Interested in HL
YESB75862427,Walk-in,Lost,2024-02-24 00:00:00,Interested in HL
YESB30673455,Walk-in,Lost,2024-10-16 00:00:00,Called for FD
YESB13948321,Referral,In Progress,2024-05-04 00:00:00,Called for FD
YESB13268737,Referral,Lost,2024-12-27 00:00:00,Interested in HL
YESB31148459,Referral,Converted,2024-02-23 00:00:00,KYC Pending
YESB58215268,Referral,Lost,2024-06-24 00:00:00,Called for FD
YESB65819304,Referral,Converted,2024-08-14 00:00:00,Interested in HL
YESB94156787,Walk-in,Lost,2024-06-03 00:00:00,KYC Pending
YESB51116017,Digital Campaign,In Progress,2024-06-09 00:00:00,Interested in HL
YESB37531660,Referral,Lost,2024-10-15 00:00:00,Called for FD
YESB31064368,Digital Campaign,Lost,2024-03-26 00:00:00,Called for FD
YESB77905591,Referral,In Progress,2024-06-26 00:00:00,Called for FD
YESB49098015,Walk-in,Converted,2024-12-08 00:00:00,Wait for salary credit
YESB52050564,Walk-in,In Progress,2024-06-28 00:00:00,KYC Pending
YESB81198392,Digital Campaign,Lost,2024-07-18 00:00:00,KYC Pending
YESB42436149,Referral,Lost,2024-04-29 00:00:00,Called for FD
YESB93462202,Referral,Converted,2024-03-13 00:00:00,Interested in HL
YESB79995832,Digital Campaign,In Progress,2024-03-31 00:00:00,Interested in HL
YESB36864211,Referral,Converted,2024-01-17 00:00:00,Interested in HL
YESB10531827,Walk-in,In Progress,2024-04-21 00:00:00,Called for FD
YESB35990062,Digital Campaign,In Progress,2024-07-28 00:00:00,KYC Pending
YESB77390509,Walk-in,Converted,2024-08-30 00:00:00,Called for FD
YESB43648656,Digital Campaign,Lost,2024-08-12 00:00:00,KYC Pending
YESB97192374,Walk-in,Lost,2024-10-08 00:00:00,Wait for salary credit
YESB66954170,Digital Campaign,Lost,2024-06-15 00:00:00,KYC Pending
YESB16736029,Digital Campaign,In Progress,2024-11-30 00:00:00,Wait for salary credit
YESB37759435,Referral,Converted,2024-08-25 00:00:00,Interested in HL
YESB79556734,Walk-in,In Progress,2024-10-17 00:00:00,Called for FD
YESB59608700,Digital Campaign,Lost,2024-08-29 00:00:00,Wait for salary credit
YESB50298619,Walk-in,Lost,2024-06-06 00:00:00,Called for FD
YESB38989744,Digital Campaign,Converted,2024-05-02 00:00:00,Interested in HL
YESB40561550,Walk-in,Lost,2024-04-05 00:00:00,Wait for salary credit
YESB24887899,Digital Campaign,Converted,2024-10-22 00:00:00,KYC Pending
YESB97271424,Digital Campaign,Lost,2024-06-08 00:00:00,KYC Pending
YESB83339434,Digital Campaign,In Progress,2024-01-08 00:00:00,KYC Pending
YESB38605133,Digital Campaign,Converted,2024-07-30 00:00:00,Interested in HL
YESB44722099,Referral,In Progress,2024-10-23 00:00:00,Wait for salary credit
YESB54494106,Referral,Converted,2024-10-24 00:00:00,Called for FD
YESB27139013,Digital Campaign,In Progress,2024-09-14 00:00:00,Called for FD
YESB55305674,Walk-in,Converted,2024-01-06 00:00:00,KYC Pending
YESB29374395,Digital Campaign,Converted,2024-07-01 00:00:00,KYC Pending
YESB41668849,Walk-in,Converted,2024-03-27 00:00:00,Interested in HL
YESB85788934,Digital Campaign,In Progress,2024-05-21 00:00:00,Interested in HL
YESB63509316,Walk-in,Converted,2024-07-09 00:00:00,Wait for salary credit
YESB22852910,Digital Campaign,In Progress,2024-05-10 00:00:00,Wait for salary credit
YESB99926386,Walk-in,In Progress,2024-04-20 00:00:00,Interested in HL
YESB28810721,Referral,Converted,2024-02-10 00:00:00,KYC Pending
YESB17346164,Walk-in,Lost,2024-11-08 00:00:00,Wait for salary credit
YESB60060693,Referral,Lost,2024-08-11 00:00:00,Called for FD
YESB23860148,Referral,Lost,2024-12-03 00:00:00,Called for FD
YESB72662334,Digital Campaign,Lost,2024-04-13 00:00:00,KYC Pending
YESB78092122,Walk-in,In Progress,2024-02-04 00:00:00,Interested in HL
YESB58458422,Walk-in,Converted,2024-11-22 00:00:00,Called for FD
YESB59099833,Referral,In Progress,2024-09-20 00:00:00,Called for FD
YESB34742846,Walk-in,In Progress,2024-11-19 00:00:00,KYC Pending
YESB70715975,Digital Campaign,Lost,2024-04-06 00:00:00,Interested in HL
YESB15593838,Digital Campaign,Converted,2024-05-28 00:00:00,Called for FD
YESB21753287,Referral,In Progress,2024-03-07 00:00:00,Interested in HL
YESB34989048,Walk-in,In Progress,2024-04-13 00:00:00,Called for FD
YESB50227849,Walk-in,Lost,2024-12-11 00:00:00,KYC Pending
YESB28818243,Referral,Converted,2024-01-04 00:00:00,KYC Pending
YESB90035012,Referral,Lost,2024-02-17 00:00:00,Called for FD
YESB52330902,Referral,Lost,2024-05-04 00:00:00,KYC Pending
YESB51181670,Walk-in,Converted,2024-02-15 00:00:00,Interested in HL
YESB78530063,Referral,Converted,2024-03-03 00:00:00,Interested in HL
YESB43724295,Referral,Converted,2024-08-15 00:00:00,KYC Pending
YESB68032182,Digital Campaign,In Progress,2024-06-12 00:00:00,Wait for salary credit
YESB92842898,Referral,In Progress,2024-03-02 00:00:00,Interested in HL
YESB84142356,Referral,Converted,2024-03-21 00:00:00,Called for FD
YESB87206247,Digital Campaign,Converted,2024-10-28 00:00:00,Wait for salary credit
YESB56365577,Referral,Converted,2024-05-03 00:00:00,Called for FD
YESB79570041,Walk-in,In Progress,2024-07-26 00:00:00,KYC Pending
YESB52564533,Walk-in,Converted,2024-12-17 00:00:00,KYC Pending
YESB36870595,Digital Campaign,In Progress,2024-10-08 00:00:00,Wait for salary credit
YESB80110940,Digital Campaign,In Progress,2024-12-17 00:00:00,Wait for salary credit
YESB17155251,Walk-in,Lost,2024-12-15 00:00:00,Called for FD
YESB27562633,Walk-in,In Progress,2024-11-28 00:00:00,Interested in HL
YESB94255807,Referral,Lost,2024-11-22 00:00:00,Wait for salary credit
YESB66411921,Walk-in,Lost,2024-09-29 00:00:00,KYC Pending
YESB45724705,Digital Campaign,In Progress,2024-09-27 00:00:00,KYC Pending
YESB64114510,Referral,Lost,2024-07-27 00:00:00,KYC Pending
YESB33425197,Walk-in,In Progress,2024-08-22 00:00:00,Interested in HL
YESB47076207,Digital Campaign,In Progress,2024-09-14 00:00:00,Called for FD
YESB90105920,Walk-in,Lost,2024-12-03 00:00:00,Called for FD
YESB86487637,Walk-in,Lost,2024-05-02 00:00:00,KYC Pending
YESB61419309,Digital Campaign,Lost,2024-09-22 00:00:00,Called for FD
YESB59315100,Referral,Lost,2024-04-13 00:00:00,Wait for salary credit
YESB91318559,Referral,In Progress,2024-02-24 00:00:00,Interested in HL
YESB74689878,Walk-in,In Progress,2024-04-06 00:00:00,KYC Pending
YESB59058863,Digital Campaign,Lost,2024-07-13 00:00:00,Wait for salary credit
YESB95441171,Walk-in,Converted,2024-10-28 00:00:00,Interested in HL
YESB60506312,Walk-in,Converted,2024-12-10 00:00:00,Interested in HL
YESB81316049,Referral,Lost,2024-07-19 00:00:00,Wait for salary credit
YESB51803686,Referral,Converted,2024-06-09 00:00:00,Called for FD
YESB35706165,Walk-in,Lost,2024-02-15 00:00:00,Interested in HL
YESB44692535,Referral,Lost,2024-10-27 00:00:00,KYC Pending
YESB60759968,Walk-in,In Progress,2024-03-10 00:00:00,KYC Pending
YESB59412334,Referral,Converted,2024-05-13 00:00:00,Called for FD
YESB54787598,Walk-in,In Progress,2024-11-25 00:00:00,KYC Pending
YESB88899988,Referral,Converted,2024-02-01 00:00:00,KYC Pending
YESB55050892,Walk-in,Lost,2024-11-20 00:00:00,Wait for salary credit
YESB23031237,Walk-in,Converted,2024-09-28 00:00:00,Interested in HL
YESB77345070,Walk-in,In Progress,2024-01-05 00:00:00,Called for FD
YESB58118018,Referral,In Progress,2024-06-25 00:00:00,Interested in HL
YESB56601944,Referral,In Progress,2024-07-11 00:00:00,Interested in HL
YESB53796962,Digital Campaign,In Progress,2024-05-02 00:00:00,Called for FD
YESB15534018,Referral,Converted,2024-07-26 00:00:00,Interested in HL
YESB45545831,Referral,In Progress,2024-01-25 00:00:00,Called for FD
YESB47699841,Digital Campaign,In Progress,2024-07-12 00:00:00,Interested in HL
YESB29750330,Referral,In Progress,2024-01-14 00:00:00,Wait for salary credit
YESB64626269,Referral,In Progress,2024-01-05 00:00:00,Wait for salary credit
YESB36321546,Referral,In Progress,2024-09-02 00:00:00,Wait for salary credit
YESB67776250,Digital Campaign,In Progress,2024-06-01 00:00:00,Wait for salary credit
YESB57707432,Walk-in,In Progress,2024-03-07 00:00:00,Wait for salary credit
YESB22514738,Digital Campaign,In Progress,2024-03-30 00:00:00,Called for FD
YESB45365965,Digital Campaign,In Progress,2024-06-12 00:00:00,Interested in HL
YESB86250604,Digital Campaign,Lost,2024-09-07 00:00:00,Called for FD
YESB31373672,Digital Campaign,Converted,2024-03-05 00:00:00,Wait for salary credit
YESB15564709,Walk-in,Converted,2024-06-05 00:00:00,Wait for salary credit
YESB37357421,Digital Campaign,Lost,2024-08-05 00:00:00,Wait for salary credit
YESB85050972,Referral,In Progress,2024-04-13 00:00:00,Called for FD
YESB94464257,Digital Campaign,Converted,2024-10-21 00:00:00,Called for FD
YESB13263572,Digital Campaign,Lost,2024-04-09 00:00:00,KYC Pending
YESB89093953,Referral,Converted,2024-03-22 00:00:00,KYC Pending
YESB47385209,Digital Campaign,Lost,2024-07-12 00:00:00,Called for FD
YESB41031646,Walk-in,In Progress,2024-05-25 00:00:00,Wait for salary credit
YESB29672663,Digital Campaign,Converted,2024-11-24 00:00:00,Called for FD
YESB44066815,Referral,Converted,2024-03-26 00:00:00,KYC Pending
YESB65575345,Walk-in,Lost,2024-09-10 00:00:00,KYC Pending
YESB21331509,Referral,Converted,2024-05-17 00:00:00,Interested in HL
YESB95007161,Walk-in,Lost,2024-02-06 00:00:00,Wait for salary credit
YESB91060940,Referral,Converted,2024-03-12 00:00:00,Interested in HL
YESB37202807,Digital Campaign,Converted,2024-07-11 00:00:00,Interested in HL
YESB31999510,Walk-in,Lost,2024-09-05 00:00:00,Wait for salary credit
YESB47729125,Digital Campaign,In Progress,2024-09-10 00:00:00,KYC Pending
YESB41728063,Referral,Lost,2024-12-15 00:00:00,KYC Pending
YESB41365976,Digital Campaign,Converted,2024-11-20 00:00:00,Wait for salary credit
YESB58124174,Digital Campaign,Lost,2024-02-07 00:00:00,Called for FD
YESB97758074,Digital Campaign,Lost,2024-07-01 00:00:00,Interested in HL
YESB95685259,Walk-in,In Progress,2024-10-10 00:00:00,Called for FD
YESB96873809,Walk-in,Lost,2024-04-04 00:00:00,KYC Pending
YESB79134631,Walk-in,In Progress,2024-12-14 00:00:00,Wait for salary credit
YESB32106909,Referral,In Progress,2024-05-21 00:00:00,KYC Pending
YESB22640003,Walk-in,Lost,2024-10-08 00:00:00,Interested in HL
YESB10340419,Walk-in,Converted,2024-02-28 00:00:00,Interested in HL
YESB79289312,Digital Campaign,Converted,2024-06-07 00:00:00,Interested in HL
YESB12036667,Digital Campaign,In Progress,2024-07-19 00:00:00,KYC Pending
YESB59082491,Referral,In Progress,2024-09-02 00:00:00,Wait for salary credit
YESB79175786,Walk-in,In Progress,2024-02-05 00:00:00,KYC Pending
YESB51453977,Digital Campaign,In Progress,2024-06-22 00:00:00,Wait for salary credit
YESB78530063,Referral,In Progress,2024-02-10 00:00:00,Interested in HL
YESB53443798,Walk-in,In Progress,2024-06-12 00:00:00,Wait for salary credit
YESB67077221,Referral,Converted,2024-08-26 00:00:00,KYC Pending
YESB41891622,Walk-in,Converted,2024-08-11 00:00:00,KYC Pending
YESB66892366,Walk-in,Lost,2024-05-13 00:00:00,KYC Pending
YESB26587392,Digital Campaign,In Progress,2024-07-15 00:00:00,Called for FD
YESB75083745,Walk-in,Lost,2024-05-30 00:00:00,Wait for salary credit
YESB69183407,Walk-in,In Progress,2024-06-08 00:00:00,Interested in HL
YESB48522344,Digital Campaign,In Progress,2024-10-09 00:00:00,KYC Pending
YESB46285478,Walk-in,Converted,2024-06-13 00:00:00,Interested in HL
YESB52599192,Digital Campaign,Converted,2024-12-01 00:00:00,KYC Pending
YESB79418773,Digital Campaign,Lost,2024-12-05 00:00:00,KYC Pending
YESB89780901,Digital Campaign,In Progress,2024-10-20 00:00:00,Wait for salary credit
YESB88652657,Referral,In Progress,2024-10-10 00:00:00,Called for FD
YESB78748327,Digital Campaign,Lost,2024-04-08 00:00:00,KYC Pending
YESB78064932,Walk-in,Converted,2024-08-29 00:00:00,Called for FD
YESB74541109,Walk-in,Lost,2024-06-09 00:00:00,Called for FD
YESB83631024,Referral,Lost,2024-01-30 00:00:00,Wait for salary credit
YESB87608368,Walk-in,In Progress,2024-06-20 00:00:00,Wait for salary credit
YESB95425762,Referral,Lost,2024-08-27 00:00:00,Wait for salary credit
YESB21577586,Digital Campaign,Converted,2024-06-18 00:00:00,Interested in HL
YESB80241693,Walk-in,Lost,2024-07-30 00:00:00,Called for FD
YESB48227325,Referral,In Progress,2024-09-09 00:00:00,Interested in HL
YESB37812596,Walk-in,Lost,2024-04-03 00:00:00,KYC Pending
YESB89984260,Digital Campaign,Lost,2024-01-05 00:00:00,Wait for salary credit
YESB22652617,Digital Campaign,Converted,2024-05-13 00:00:00,Called for FD
YESB15344484,Walk-in,Lost,2024-12-04 00:00:00,Interested in HL
YESB21596023,Walk-in,Converted,2024-08-27 00:00:00,Called for FD
YESB22560804,Digital Campaign,Converted,2024-10-20 00:00:00,Called for FD
YESB56425136,Referral,In Progress,2024-07-28 00:00:00,Wait for salary credit
YESB54766898,Digital Campaign,Converted,2024-12-15 00:00:00,Called for FD
YESB81049652,Referral,Lost,2024-12-04 00:00:00,Interested in HL
YESB91244815,Walk-in,Converted,2024-06-08 00:00:00,Wait for salary credit
YESB75151727,Walk-in,In Progress,2024-12-26 00:00:00,Called for FD
YESB63974805,Walk-in,In Progress,2024-07-08 00:00:00,Interested in HL
YESB85153248,Digital Campaign,In Progress,2024-09-08 00:00:00,Called for FD
YESB30380508,Referral,In Progress,2024-08-12 00:00:00,Wait for salary credit
YESB52655600,Walk-in,In Progress,2024-06-14 00:00:00,Wait for salary credit
YESB87615806,Walk-in,Converted,2024-09-10 00:00:00,Interested in HL
YESB43689187,Walk-in,In Progress,2024-09-08 00:00:00,Interested in HL
YESB99850386,Digital Campaign,Converted,2024-03-19 00:00:00,KYC Pending
YESB72859404,Walk-in,Lost,2024-01-23 00:00:00,Wait for salary credit
YESB86214459,Walk-in,Lost,2024-02-11 00:00:00,Interested in HL
YESB98003658,Digital Campaign,In Progress,2024-09-26 00:00:00,KYC Pending
YESB72530855,Walk-in,Lost,2024-12-16 00:00:00,Interested in HL
YESB53482055,Digital Campaign,In Progress,2024-07-18 00:00:00,Wait for salary credit
YESB16143584,Digital Campaign,Converted,2024-05-06 00:00:00,Wait for salary credit
YESB31996266,Walk-in,In Progress,2024-06-07 00:00:00,Interested in HL
YESB17456932,Digital Campaign,Lost,2024-07-08 00:00:00,Interested in HL
YESB48631379,Walk-in,In Progress,2024-03-29 00:00:00,Interested in HL
YESB17683702,Walk-in,In Progress,2024-07-10 00:00:00,Interested in HL
YESB33192916,Walk-in,Converted,2024-03-14 00:00:00,Called for FD
YESB38734652,Referral,Lost,2024-12-16 00:00:00,KYC Pending
YESB45147850,Walk-in,Converted,2024-10-06 00:00:00,Wait for salary credit
YESB86440788,Digital Campaign,Lost,2024-01-22 00:00:00,Called for FD
YESB19855029,Digital Campaign,In Progress,2024-06-16 00:00:00,Interested in HL
YESB53836694,Digital Campaign,Lost,2024-05-28 00:00:00,Wait for salary credit
YESB27128171,Digital Campaign,Converted,2024-09-28 00:00:00,Interested in HL
YESB67946053,Referral,Lost,2024-05-25 00:00:00,Interested in HL
YESB11706564,Referral,Converted,2024-05-19 00:00:00,KYC Pending
YESB53554487,Walk-in,In Progress,2024-11-01 00:00:00,Interested in HL
YESB46942555,Walk-in,Lost,2024-01-07 00:00:00,Interested in HL
YESB21951940,Referral,Lost,2024-03-21 00:00:00,KYC Pending
YESB93018075,Walk-in,In Progress,2024-06-04 00:00:00,KYC Pending
YESB57693848,Digital Campaign,Converted,2024-07-19 00:00:00,Called for FD
YESB56166528,Walk-in,In Progress,2024-11-30 00:00:00,Interested in HL
YESB59196909,Walk-in,Lost,2024-02-13 00:00:00,KYC Pending
YESB53543279,Walk-in,Converted,2024-02-27 00:00:00,Interested in HL
YESB52757897,Referral,Lost,2024-08-17 00:00:00,Wait for salary credit
YESB99641969,Walk-in,Converted,2024-11-24 00:00:00,Interested in HL
YESB40149687,Referral,In Progress,2024-04-10 00:00:00,Wait for salary credit
YESB51964085,Walk-in,Converted,2024-04-24 00:00:00,Wait for salary credit
YESB95123955,Walk-in,Converted,2024-08-02 00:00:00,Called for FD
YESB48741598,Walk-in,Lost,2024-05-13 00:00:00,Called for FD
YESB15927889,Digital Campaign,Converted,2024-05-23 00:00:00,Called for FD
YESB65237009,Walk-in,In Progress,2024-12-01 00:00:00,Wait for salary credit
YESB64332604,Digital Campaign,In Progress,2024-11-21 00:00:00,KYC Pending
YESB23000052,Referral,Lost,2024-03-12 00:00:00,Called for FD
YESB10547334,Referral,Converted,2024-03-29 00:00:00,Called for FD
YESB25756266,Referral,Converted,2024-04-20 00:00:00,Called for FD
YESB67331170,Digital Campaign,Converted,2024-07-18 00:00:00,Called for FD
YESB61157929,Digital Campaign,In Progress,2024-12-21 00:00:00,Called for FD
YESB30677268,Digital Campaign,Converted,2024-12-12 00:00:00,Interested in HL
YESB69460539,Walk-in,Lost,2024-09-06 00:00:00,KYC Pending
YESB57252968,Referral,Converted,2024-08-20 00:00:00,Interested in HL
YESB88454505,Digital Campaign,Converted,2024-05-06 00:00:00,KYC Pending
YESB50869699,Digital Campaign,In Progress,2024-09-30 00:00:00,Wait for salary credit
YESB61986258,Walk-in,Lost,2024-06-30 00:00:00,Interested in HL
YESB65432585,Referral,Converted,2024-12-09 00:00:00,Interested in HL
YESB89655155,Referral,In Progress,2024-11-04 00:00:00,Wait for salary credit
YESB92998216,Digital Campaign,In Progress,2024-09-06 00:00:00,Interested in HL
YESB48994843,Walk-in,Lost,2024-10-31 00:00:00,Interested in HL
YESB70662838,Walk-in,Converted,2024-06-23 00:00:00,Wait for salary credit
YESB68634035,Digital Campaign,Converted,2024-11-22 00:00:00,Interested in HL
YESB13199412,Digital Campaign,Lost,2024-02-13 00:00:00,Wait for salary credit
YESB94703581,Referral,Converted,2024-11-19 00:00:00,Interested in HL
YESB66351408,Referral,In Progress,2024-04-22 00:00:00,Called for FD
YESB31165941,Referral,Lost,2024-05-12 00:00:00,Wait for salary credit
YESB99139981,Walk-in,Lost,2024-09-24 00:00:00,Called for FD
YESB58740010,Digital Campaign,Lost,2024-11-03 00:00:00,Interested in HL
YESB48702318,Referral,In Progress,2024-04-26 00:00:00,Called for FD
YESB47123230,Digital Campaign,Converted,2024-06-16 00:00:00,Wait for salary credit
YESB29739976,Digital Campaign,Lost,2024-11-25 00:00:00,Called for FD
YESB91043485,Digital Campaign,Lost,2024-01-02 00:00:00,KYC Pending
YESB80432286,Walk-in,Lost,2024-01-18 00:00:00,Wait for salary credit
YESB49175994,Digital Campaign,Lost,2024-05-31 00:00:00,KYC Pending
YESB16789328,Walk-in,In Progress,2024-09-17 00:00:00,Wait for salary credit
YESB11592833,Referral,In Progress,2024-08-03 00:00:00,Wait for salary credit
YESB59630176,Digital Campaign,Converted,2024-01-16 00:00:00,Wait for salary credit
YESB66905521,Referral,In Progress,2024-07-22 00:00:00,Interested in HL
YESB61038622,Referral,Converted,2024-12-11 00:00:00,Called for FD
YESB93668008,Digital Campaign,Converted,2024-12-03 00:00:00,Called for FD
YESB28893639,Walk-in,Converted,2024-09-11 00:00:00,Interested in HL
YESB54743693,Walk-in,Converted,2024-10-07 00:00:00,Interested in HL
YESB61112496,Digital Campaign,In Progress,2024-08-22 00:00:00,KYC Pending
YESB29307130,Walk-in,Converted,2024-04-10 00:00:00,Wait for salary credit
YESB84959716,Digital Campaign,In Progress,2024-08-15 00:00:00,KYC Pending
YESB86364905,Referral,Converted,2024-12-10 00:00:00,Wait for salary credit
YESB57263901,Referral,Converted,2024-04-06 00:00:00,Interested in HL
YESB51294047,Walk-in,Converted,2024-05-22 00:00:00,Interested in HL
YESB14224567,Walk-in,Lost,2024-09-17 00:00:00,Wait for salary credit
YESB36866932,Referral,Lost,2024-02-23 00:00:00,Called for FD
YESB27140473,Digital Campaign,Converted,2024-06-05 00:00:00,Called for FD
YESB98963457,Walk-in,Converted,2024-08-28 00:00:00,Wait for salary credit
YESB77475721,Referral,In Progress,2024-04-17 00:00:00,Called for FD
YESB83371727,Referral,Converted,2024-11-18 00:00:00,Called for FD
YESB80429174,Referral,In Progress,2024-02-19 00:00:00,KYC Pending
YESB51990904,Referral,Converted,2024-06-04 00:00:00,Wait for salary credit
YESB48212556,Referral,Lost,2024-05-21 00:00:00,KYC Pending
YESB52495928,Digital Campaign,In Progress,2024-12-21 00:00:00,Wait for salary credit
YESB56876712,Walk-in,Lost,2024-01-24 00:00:00,Interested in HL
YESB92198335,Walk-in,In Progress,2024-11-21 00:00:00,Called for FD
YESB15013962,Walk-in,Lost,2024-05-29 00:00:00,KYC Pending
YESB74981054,Digital Campaign,In Progress,2024-09-03 00:00:00,KYC Pending
YESB59291013,Walk-in,Converted,2024-01-04 00:00:00,Wait for salary credit
YESB69964537,Walk-in,In Progress,2024-12-20 00:00:00,KYC Pending
YESB11984824,Referral,Converted,2024-01-29 00:00:00,KYC Pending
YESB14286568,Digital Campaign,Converted,2024-07-09 00:00:00,Wait for salary credit
YESB61688444,Walk-in,Lost,2024-11-05 00:00:00,Called for FD
YESB71330607,Referral,Lost,2024-09-23 00:00:00,KYC Pending
YESB90318112,Walk-in,Lost,2024-11-09 00:00:00,Wait for salary credit
YESB26027140,Digital Campaign,Lost,2024-03-06 00:00:00,Interested in HL
YESB60620715,Digital Campaign,Converted,2024-12-03 00:00:00,Called for FD
YESB81183121,Walk-in,Converted,2024-10-26 00:00:00,KYC Pending
YESB73699720,Referral,Converted,2024-04-09 00:00:00,Wait for salary credit
YESB20107813,Digital Campaign,Lost,2024-10-18 00:00:00,Interested in HL
YESB84231669,Referral,Lost,2024-11-10 00:00:00,Wait for salary credit
YESB21598430,Walk-in,In Progress,2024-06-07 00:00:00,Interested in HL
YESB84072937,Walk-in,Converted,2024-04-15 00:00:00,Wait for salary credit
YESB80666227,Walk-in,Converted,2024-04-28 00:00:00,Called for FD
YESB95772272,Digital Campaign,Converted,2024-02-19 00:00:00,Interested in HL
YESB55836228,Digital Campaign,Converted,2024-04-19 00:00:00,Interested in HL
YESB48145271,Digital Campaign,Lost,2024-05-22 00:00:00,KYC Pending
YESB79418773,Walk-in,Converted,2024-10-08 00:00:00,Called for FD
YESB54292603,Digital Campaign,Converted,2024-06-01 00:00:00,Wait for salary credit
YESB65018757,Referral,Lost,2024-02-21 00:00:00,Wait for salary credit
YESB44959138,Digital Campaign,Lost,2024-05-03 00:00:00,Called for FD
YESB78066867,Referral,Lost,2024-06-27 00:00:00,Interested in HL
YESB29449586,Walk-in,Converted,2024-07-02 00:00:00,Called for FD
YESB85691532,Walk-in,Converted,2024-10-21 00:00:00,Wait for salary credit
YESB46305640,Referral,Lost,2024-01-30 00:00:00,Called for FD
YESB16484294,Digital Campaign,Lost,2024-09-24 00:00:00,KYC Pending
YESB20661301,Walk-in,Lost,2024-07-02 00:00:00,Wait for salary credit
YESB45583307,Walk-in,In Progress,2024-03-02 00:00:00,Called for FD
YESB38454440,Digital Campaign,Lost,2024-03-07 00:00:00,KYC Pending
YESB13291759,Referral,Lost,2024-03-05 00:00:00,KYC Pending
YESB24292818,Walk-in,Lost,2024-08-26 00:00:00,Called for FD
YESB72012663,Walk-in,Lost,2024-06-10 00:00:00,Wait for salary credit
YESB64275585,Referral,Lost,2024-01-11 00:00:00,Interested in HL
YESB39973384,Walk-in,Lost,2024-03-29 00:00:00,Wait for salary credit
YESB10103341,Referral,Converted,2024-05-15 00:00:00,Wait for salary credit
YESB53304684,Walk-in,Lost,2024-10-26 00:00:00,Called for FD
YESB37056805,Digital Campaign,Converted,2024-05-29 00:00:00,KYC Pending
YESB91239993,Referral,In Progress,2024-07-07 00:00:00,Interested in HL
YESB44270804,Walk-in,Converted,2024-09-14 00:00:00,KYC Pending
YESB57152857,Referral,Converted,2024-04-27 00:00:00,Called for FD
YESB30265968,Referral,Converted,2024-01-28 00:00:00,Interested in HL
YESB46630555,Digital Campaign,Converted,2024-07-18 00:00:00,KYC Pending
YESB73330136,Walk-in,Converted,2024-08-02 00:00:00,Interested in HL
YESB84963371,Referral,Converted,2024-08-30 00:00:00,Wait for salary credit
YESB74900976,Walk-in,Converted,2024-07-06 00:00:00,KYC Pending
YESB61476055,Referral,Converted,2024-02-22 00:00:00,Interested in HL
YESB27595458,Digital Campaign,In Progress,2024-06-06 00:00:00,Wait for salary credit
YESB99521695,Referral,Lost,2024-01-10 00:00:00,Called for FD
YESB67421368,Referral,In Progress,2024-06-20 00:00:00,Called for FD
YESB70313435,Referral,Converted,2024-06-05 00:00:00,Interested in HL
YESB83834511,Walk-in,Lost,2024-02-07 00:00:00,KYC Pending
YESB57678048,Walk-in,In Progress,2024-07-09 00:00:00,Called for FD
YESB73530407,Walk-in,Converted,2024-03-16 00:00:00,KYC Pending
YESB51699637,Referral,In Progress,2024-10-22 00:00:00,KYC Pending
YESB77756491,Digital Campaign,Lost,2024-03-17 00:00:00,Called for FD
YESB70539714,Walk-in,Lost,2024-05-23 00:00:00,Interested in HL
YESB18740557,Digital Campaign,Lost,2024-02-17 00:00:00,KYC Pending
YESB68565594,Referral,In Progress,2024-12-16 00:00:00,Called for FD
YESB76201311,Digital Campaign,Lost,2024-11-14 00:00:00,Wait for salary credit
YESB23814180,Referral,Converted,2024-06-24 00:00:00,Called for FD
YESB50520123,Walk-in,Converted,2024-10-03 00:00:00,KYC Pending
YESB94475174,Referral,Lost,2024-09-23 00:00:00,Called for FD
YESB76898427,Referral,Converted,2024-05-23 00:00:00,Called for FD
YESB33229328,Referral,In Progress,2024-06-05 00:00:00,Called for FD
YESB44733179,Walk-in,Lost,2024-06-09 00:00:00,Wait for salary credit
YESB14255819,Digital Campaign,In Progress,2024-10-17 00:00:00,Wait for salary credit
YESB68419506,Walk-in,Converted,2024-04-28 00:00:00,Wait for salary credit
YESB56864753,Digital Campaign,Lost,2024-08-24 00:00:00,Wait for salary credit
YESB67113261,Digital Campaign,Converted,2024-04-03 00:00:00,Wait for salary credit
YESB71379949,Referral,Lost,2024-03-18 00:00:00,Wait for salary credit
YESB61759257,Referral,Converted,2024-06-18 00:00:00,KYC Pending
YESB49096455,Digital Campaign,Lost,2024-04-28 00:00:00,Interested in HL
YESB16029829,Walk-in,In Progress,2024-03-14 00:00:00,Called for FD
YESB94486061,Referral,Converted,2024-11-21 00:00:00,Wait for salary credit
YESB67768134,Referral,Lost,2024-01-19 00:00:00,KYC Pending
YESB18962855,Walk-in,In Progress,2024-09-10 00:00:00,Interested in HL
YESB58252972,Digital Campaign,Converted,2024-07-19 00:00:00,Called for FD
YESB25946223,Walk-in,Lost,2024-10-29 00:00:00,Interested in HL
YESB69380920,Digital Campaign,Converted,2024-10-04 00:00:00,Wait for salary credit
YESB75248419,Referral,In Progress,2024-12-14 00:00:00,Called for FD
YESB62357377,Walk-in,Lost,2024-10-17 00:00:00,Called for FD
YESB60640867,Referral,Converted,2024-02-02 00:00:00,Wait for salary credit
YESB33541129,Digital Campaign,Lost,2024-01-20 00:00:00,Interested in HL
YESB15719458,Walk-in,Lost,2024-01-01 00:00:00,Interested in HL
YESB29287291,Walk-in,Lost,2024-02-07 00:00:00,KYC Pending
YESB49358263,Referral,In Progress,2024-11-27 00:00:00,Interested in HL
YESB94393238,Referral,Lost,2024-01-05 00:00:00,KYC Pending
YESB66766049,Referral,In Progress,2024-10-12 00:00:00,KYC Pending
YESB19096709,Digital Campaign,In Progress,2024-01-21 00:00:00,Wait for salary credit
YESB89850498,Digital Campaign,Lost,2024-01-21 00:00:00,Wait for salary credit
YESB24793234,Walk-in,Lost,2024-06-16 00:00:00,Called for FD
YESB85739825,Referral,Lost,2024-08-11 00:00:00,Called for FD
YESB78993961,Referral,Converted,2024-02-24 00:00:00,Called for FD
YESB39374408,Walk-in,Converted,2024-04-09 00:00:00,Interested in HL
YESB44188871,Digital Campaign,Lost,2024-04-20 00:00:00,Wait for salary credit
YESB26136855,Digital Campaign,In Progress,2024-04-14 00:00:00,Interested in HL
YESB65040022,Walk-in,In Progress,2024-09-13 00:00:00,KYC Pending
YESB95253612,Walk-in,Lost,2024-03-30 00:00:00,Wait for salary credit
YESB85699613,Digital Campaign,Converted,2024-08-06 00:00:00,KYC Pending
YESB33019318,Digital Campaign,Lost,2024-01-01 00:00:00,Wait for salary credit
YESB43636031,Referral,In Progress,2024-05-25 00:00:00,Wait for salary credit
YESB47506437,Walk-in,In Progress,2024-03-14 00:00:00,Interested in HL
YESB46698926,Digital Campaign,In Progress,2024-03-03 00:00:00,KYC Pending
YESB31774193,Digital Campaign,In Progress,2024-07-12 00:00:00,KYC Pending
YESB37408112,Digital Campaign,Lost,2024-07-03 00:00:00,Wait for salary credit
YESB71081706,Digital Campaign,Lost,2024-09-08 00:00:00,Called for FD
YESB45085760,Referral,Lost,2024-02-01 00:00:00,Called for FD
YESB35693326,Digital Campaign,Lost,2024-02-20 00:00:00,Interested in HL
YESB50015255,Digital Campaign,Lost,2024-11-17 00:00:00,Wait for salary credit
YESB69217188,Walk-in,Lost,2024-07-03 00:00:00,KYC Pending
YESB32561390,Walk-in,Lost,2024-05-03 00:00:00,KYC Pending
YESB52356065,Referral,In Progress,2024-12-04 00:00:00,Wait for salary credit
YESB14271477,Referral,Lost,2024-04-14 00:00:00,Interested in HL
YESB90242871,Walk-in,Converted,2024-08-25 00:00:00,Wait for salary credit
YESB98090098,Walk-in,In Progress,2024-04-13 00:00:00,Wait for salary credit
YESB61979738,Digital Campaign,Converted,2024-08-20 00:00:00,Interested in HL
YESB26949807,Walk-in,Converted,2024-05-23 00:00:00,Wait for salary credit
YESB54799584,Digital Campaign,In Progress,2024-03-11 00:00:00,Interested in HL
YESB12426566,Walk-in,Converted,2024-06-04 00:00:00,KYC Pending
YESB93464434,Referral,Lost,2024-03-10 00:00:00,Wait for salary credit
YESB43165955,Referral,Converted,2024-09-17 00:00:00,Called for FD
YESB76976854,Referral,In Progress,2024-06-09 00:00:00,Wait for salary credit
YESB23741516,Walk-in,In Progress,2024-10-31 00:00:00,Wait for salary credit
YESB11297734,Walk-in,Lost,2024-12-07 00:00:00,KYC Pending
YESB78120181,Referral,Converted,2024-03-18 00:00:00,Interested in HL
YESB37342856,Referral,Converted,2024-11-02 00:00:00,Wait for salary credit
YESB29420439,Referral,In Progress,2024-07-09 00:00:00,Wait for salary credit
YESB84382769,Referral,Converted,2024-10-06 00:00:00,Called for FD
YESB80581128,Referral,Lost,2024-06-19 00:00:00,KYC Pending
YESB30440932,Digital Campaign,In Progress,2024-03-10 00:00:00,KYC Pending
YESB89301497,Referral,Converted,2024-09-06 00:00:00,Interested in HL
YESB30923814,Digital Campaign,Lost,2024-08-27 00:00:00,Interested in HL
YESB79640997,Referral,In Progress,2024-11-18 00:00:00,Wait for salary credit
YESB69136486,Digital Campaign,In Progress,2024-08-24 00:00:00,Interested in HL
YESB95374487,Walk-in,Lost,2024-10-21 00:00:00,Called for FD
YESB73422506,Digital Campaign,Converted,2024-01-13 00:00:00,Called for FD
YESB72541324,Walk-in,In Progress,2024-12-06 00:00:00,Wait for salary credit
YESB35066658,Referral,Lost,2024-01-11 00:00:00,Interested in HL
YESB99119217,Walk-in,In Progress,2024-08-11 00:00:00,Wait for salary credit
YESB10535298,Walk-in,In Progress,2024-12-13 00:00:00,KYC Pending
YESB72358069,Digital Campaign,In Progress,2024-06-17 00:00:00,KYC Pending
YESB86655846,Referral,In Progress,2024-12-08 00:00:00,Interested in HL
YESB59560554,Walk-in,In Progress,2024-10-11 00:00:00,Interested in HL
YESB55448961,Walk-in,Converted,2024-11-26 00:00:00,Called for FD
YESB58733680,Digital Campaign,Lost,2024-08-08 00:00:00,Interested in HL
YESB28824562,Digital Campaign,Lost,2024-08-27 00:00:00,KYC Pending
YESB53029131,Digital Campaign,In Progress,2024-05-24 00:00:00,Wait for salary credit
YESB29368013,Walk-in,Converted,2024-09-21 00:00:00,Interested in HL
YESB65983374,Referral,Lost,2024-02-03 00:00:00,Called for FD
YESB47997151,Digital Campaign,In Progress,2024-12-08 00:00:00,KYC Pending
YESB97597402,Walk-in,In Progress,2024-10-16 00:00:00,KYC Pending
YESB87232114,Walk-in,In Progress,2024-07-06 00:00:00,Interested in HL
YESB57481348,Referral,Converted,2024-04-04 00:00:00,Interested in HL
YESB66421531,Referral,In Progress,2024-03-19 00:00:00,Called for FD
YESB19353608,Digital Campaign,Converted,2024-09-17 00:00:00,KYC Pending
YESB22694949,Walk-in,In Progress,2024-01-07 00:00:00,Interested in HL
YESB93630211,Digital Campaign,Lost,2024-03-21 00:00:00,Called for FD
YESB20849249,Digital Campaign,Converted,2024-05-26 00:00:00,Called for FD
YESB20196052,Walk-in,Lost,2024-05-16 00:00:00,KYC Pending
YESB79684076,Walk-in,In Progress,2024-01-15 00:00:00,Wait for salary credit
YESB45816799,Walk-in,In Progress,2024-10-28 00:00:00,Wait for salary credit
YESB53168646,Digital Campaign,Lost,2024-02-29 00:00:00,Called for FD
YESB50244284,Referral,Lost,2024-05-24 00:00:00,Wait for salary credit
YESB75833727,Digital Campaign,Converted,2024-08-05 00:00:00,Interested in HL
YESB96439798,Referral,Lost,2024-07-12 00:00:00,Wait for salary credit
YESB59454787,Referral,In Progress,2024-05-03 00:00:00,KYC Pending
YESB49301733,Walk-in,In Progress,2024-09-08 00:00:00,Wait for salary credit
YESB25091492,Referral,Lost,2024-02-05 00:00:00,Interested in HL
YESB45425567,Digital Campaign,Lost,2024-02-25 00:00:00,Called for FD
YESB32612159,Referral,In Progress,2024-09-13 00:00:00,Called for FD
YESB26523257,Referral,In Progress,2024-04-08 00:00:00,Wait for salary credit
YESB93572513,Referral,Lost,2024-05-08 00:00:00,Called for FD
YESB32976660,Digital Campaign,Lost,2024-12-02 00:00:00,Interested in HL
YESB97941142,Walk-in,Converted,2024-11-13 00:00:00,Called for FD
YESB76706140,Digital Campaign,Converted,2024-11-12 00:00:00,Called for FD
YESB79973082,Digital Campaign,Converted,2024-01-07 00:00:00,Interested in HL
YESB65505101,Walk-in,Lost,2024-08-18 00:00:00,Wait for salary credit
YESB98847700,Referral,Lost,2024-02-05 00:00:00,Called for FD
YESB62694149,Referral,Lost,2024-08-26 00:00:00,Called for FD
YESB26578314,Walk-in,Converted,2024-12-04 00:00:00,Wait for salary credit
YESB20619530,Walk-in,In Progress,2024-04-24 00:00:00,KYC Pending
YESB47765464,Digital Campaign,Converted,2024-09-22 00:00:00,Interested in HL
YESB43649434,Referral,Converted,2024-01-03 00:00:00,Called for FD
YESB28810721,Walk-in,Converted,2024-05-05 00:00:00,Interested in HL
YESB99158383,Walk-in,In Progress,2024-10-13 00:00:00,Interested in HL
YESB43364233,Referral,Converted,2024-09-07 00:00:00,KYC Pending
YESB76355420,Digital Campaign,Converted,2024-01-23 00:00:00,Interested in HL
YESB18046451,Referral,Lost,2024-02-03 00:00:00,KYC Pending
YESB79359875,Digital Campaign,In Progress,2024-02-04 00:00:00,KYC Pending
YESB14259623,Digital Campaign,In Progress,2024-01-17 00:00:00,Wait for salary credit
YESB67936474,Digital Campaign,Converted,2024-06-29 00:00:00,KYC Pending
YESB31180739,Referral,In Progress,2024-10-01 00:00:00,Wait for salary credit
YESB47255656,Referral,Converted,2024-07-01 00:00:00,KYC Pending
YESB88760594,Walk-in,Converted,2024-04-23 00:00:00,Wait for salary credit
YESB11597521,Referral,Lost,2024-11-28 00:00:00,Wait for salary credit
YESB90437516,Digital Campaign,In Progress,2024-08-24 00:00:00,KYC Pending
YESB54330216,Referral,Converted,2024-09-14 00:00:00,Interested in HL
YESB87240336,Digital Campaign,Lost,2024-12-09 00:00:00,KYC Pending
YESB47484323,Walk-in,In Progress,2024-01-10 00:00:00,Called for FD
YESB49533672,Walk-in,In Progress,2024-01-13 00:00:00,Wait for salary credit
YESB98565212,Referral,Lost,2024-07-03 00:00:00,KYC Pending
YESB57426560,Digital Campaign,Converted,2024-09-24 00:00:00,Called for FD
YESB22265210,Walk-in,In Progress,2024-07-16 00:00:00,KYC Pending
YESB55945817,Digital Campaign,In Progress,2024-03-25 00:00:00,Interested in HL
YESB60753207,Walk-in,Lost,2024-02-20 00:00:00,Interested in HL
YESB68817483,Walk-in,In Progress,2024-01-14 00:00:00,KYC Pending
YESB41180039,Digital Campaign,Lost,2024-03-25 00:00:00,Wait for salary credit
YESB44981651,Walk-in,Converted,2024-02-20 00:00:00,Interested in HL
YESB46370551,Referral,Lost,2024-01-03 00:00:00,Called for FD
YESB53587046,Referral,In Progress,2024-01-03 00:00:00,Wait for salary credit
YESB38970167,Referral,Lost,2024-01-28 00:00:00,Called for FD
YESB57207456,Referral,In Progress,2024-01-26 00:00:00,Wait for salary credit
YESB26962926,Digital Campaign,Converted,2024-06-07 00:00:00,KYC Pending
YESB87147956,Digital Campaign,In Progress,2024-12-14 00:00:00,Called for FD
YESB73565173,Walk-in,Lost,2024-03-28 00:00:00,Wait for salary credit
YESB25693540,Referral,In Progress,2024-12-13 00:00:00,KYC Pending
YESB56701608,Walk-in,Converted,2024-05-18 00:00:00,Wait for salary credit
YESB80363868,Walk-in,Lost,2024-10-08 00:00:00,Interested in HL
YESB64149460,Digital Campaign,Lost,2024-10-29 00:00:00,Wait for salary credit
YESB43914373,Digital Campaign,Lost,2024-02-24 00:00:00,Called for FD
YESB94067183,Walk-in,Converted,2024-06-11 00:00:00,Wait for salary credit
YESB52808744,Walk-in,Lost,2024-09-18 00:00:00,Called for FD
YESB52227379,Walk-in,Lost,2024-11-16 00:00:00,Called for FD
YESB81561771,Walk-in,Converted,2024-01-02 00:00:00,Called for FD
YESB22365155,Digital Campaign,In Progress,2024-12-08 00:00:00,Called for FD
YESB41549493,Referral,In Progress,2024-07-20 00:00:00,Wait for salary credit
YESB99090722,Referral,Converted,2024-04-16 00:00:00,Called for FD
YESB68363713,Walk-in,Lost,2024-01-06 00:00:00,KYC Pending
YESB56352653,Referral,Converted,2024-02-12 00:00:00,KYC Pending
YESB21644840,Referral,Lost,2024-01-04 00:00:00,Interested in HL
YESB59385774,Digital Campaign,In Progress,2024-02-17 00:00:00,Called for FD
YESB23746683,Referral,In Progress,2024-12-21 00:00:00,Called for FD
YESB12990400,Referral,In Progress,2024-05-12 00:00:00,Interested in HL
YESB59578614,Digital Campaign,Lost,2024-12-11 00:00:00,Interested in HL
YESB68700238,Digital Campaign,In Progress,2024-03-01 00:00:00,Called for FD
YESB32651173,Digital Campaign,Lost,2024-05-20 00:00:00,Wait for salary credit
YESB42470113,Walk-in,In Progress,2024-02-21 00:00:00,KYC Pending
YESB81473169,Digital Campaign,Lost,2024-02-03 00:00:00,Interested in HL
YESB75392364,Referral,Lost,2024-12-27 00:00:00,Called for FD
YESB61950659,Walk-in,In Progress,2024-08-12 00:00:00,Interested in HL
YESB63452571,Referral,Converted,2024-03-15 00:00:00,Called for FD
YESB74709935,Walk-in,Lost,2024-10-04 00:00:00,Called for FD
YESB51099193,Walk-in,Lost,2024-05-17 00:00:00,KYC Pending
YESB14456785,Referral,Converted,2024-08-07 00:00:00,Called for FD
YESB48769849,Walk-in,In Progress,2024-02-06 00:00:00,Interested in HL
YESB21276801,Digital Campaign,In Progress,2024-01-26 00:00:00,KYC Pending
YESB88818008,Walk-in,Lost,2024-10-21 00:00:00,Called for FD
YESB89751459,Referral,In Progress,2024-05-23 00:00:00,KYC Pending
YESB87147956,Walk-in,In Progress,2024-06-17 00:00:00,Called for FD
YESB86283951,Digital Campaign,Lost,2024-12-13 00:00:00,Interested in HL
YESB92248489,Digital Campaign,In Progress,2024-05-12 00:00:00,Interested in HL
YESB37962909,Referral,Converted,2024-06-10 00:00:00,Wait for salary credit
YESB90319135,Walk-in,Lost,2024-01-26 00:00:00,Called for FD
YESB67684883,Digital Campaign,Converted,2024-01-18 00:00:00,Called for FD
YESB15118311,Digital Campaign,Lost,2024-05-14 00:00:00,KYC Pending
YESB18930267,Walk-in,Lost,2024-06-14 00:00:00,KYC Pending
YESB32121275,Walk-in,In Progress,2024-01-26 00:00:00,Interested in HL
YESB27664734,Digital Campaign,In Progress,2024-06-19 00:00:00,Called for FD
YESB40200343,Digital Campaign,Lost,2024-01-11 00:00:00,Interested in HL
YESB58756305,Walk-in,Converted,2024-11-25 00:00:00,Called for FD
YESB47746088,Digital Campaign,Converted,2024-05-05 00:00:00,Wait for salary credit
YESB88894190,Digital Campaign,Converted,2024-09-10 00:00:00,Called for FD
YESB12728795,Digital Campaign,In Progress,2024-10-29 00:00:00,Interested in HL
YESB73165006,Digital Campaign,Lost,2024-05-09 00:00:00,Called for FD
YESB88188711,Walk-in,Lost,2024-02-29 00:00:00,KYC Pending
YESB77811731,Walk-in,Converted,2024-11-06 00:00:00,KYC Pending
YESB40589472,Digital Campaign,In Progress,2024-12-02 00:00:00,KYC Pending
YESB58908336,Digital Campaign,Lost,2024-01-09 00:00:00,Called for FD
YESB44278475,Walk-in,Converted,2024-02-26 00:00:00,Called for FD
YESB87038800,Digital Campaign,Lost,2024-06-11 00:00:00,Wait for salary credit
YESB99135438,Referral,Lost,2024-03-14 00:00:00,Interested in HL
YESB37825125,Referral,In Progress,2024-12-18 00:00:00,Called for FD
YESB73482734,Referral,Lost,2024-06-04 00:00:00,KYC Pending
YESB66601494,Walk-in,Converted,2024-03-19 00:00:00,Wait for salary credit
YESB24121534,Referral,In Progress,2024-04-02 00:00:00,KYC Pending
YESB73955959,Walk-in,Converted,2024-07-08 00:00:00,Called for FD
YESB91294128,Walk-in,In Progress,2024-07-09 00:00:00,Interested in HL
YESB71867966,Digital Campaign,Converted,2024-04-06 00:00:00,Wait for salary credit
YESB88194793,Walk-in,Lost,2024-01-25 00:00:00,Wait for salary credit
YESB49508946,Referral,Lost,2024-07-19 00:00:00,KYC Pending
YESB38555611,Referral,Lost,2024-12-17 00:00:00,Wait for salary credit
YESB95861143,Walk-in,Lost,2024-12-14 00:00:00,KYC Pending
YESB54333138,Digital Campaign,In Progress,2024-10-08 00:00:00,Wait for salary credit
YESB49011110,Digital Campaign,Lost,2024-04-21 00:00:00,Called for FD
YESB60895719,Walk-in,In Progress,2024-01-08 00:00:00,Wait for salary credit
YESB35046788,Digital Campaign,In Progress,2024-12-28 00:00:00,Called for FD
YESB76563112,Walk-in,Converted,2024-10-28 00:00:00,Interested in HL
YESB90274503,Digital Campaign,In Progress,2024-03-09 00:00:00,Wait for salary credit
YESB46726970,Referral,Lost,2024-07-03 00:00:00,Wait for salary credit
YESB75532199,Digital Campaign,Lost,2024-11-01 00:00:00,KYC Pending
YESB87913891,Digital Campaign,In Progress,2024-06-26 00:00:00,Called for FD
YESB30920934,Walk-in,In Progress,2024-07-05 00:00:00,KYC Pending
YESB46482709,Walk-in,Converted,2024-02-17 00:00:00,KYC Pending
YESB65306801,Walk-in,In Progress,2024-09-20 00:00:00,Called for FD
YESB30439866,Walk-in,Lost,2024-04-03 00:00:00,Wait for salary credit
YESB37411054,Referral,Converted,2024-11-08 00:00:00,Interested in HL
YESB20614307,Walk-in,In Progress,2024-05-29 00:00:00,KYC Pending
YESB96309940,Walk-in,Converted,2024-08-25 00:00:00,KYC Pending
YESB21689022,Walk-in,In Progress,2024-06-18 00:00:00,Wait for salary credit
YESB37759661,Referral,Lost,2024-12-13 00:00:00,Called for FD
YESB23353553,Referral,In Progress,2024-03-20 00:00:00,Called for FD
YESB65713188,Referral,Lost,2024-02-15 00:00:00,Interested in HL
YESB63848383,Referral,Lost,2024-01-25 00:00:00,Interested in HL
YESB96280210,Referral,Converted,2024-03-04 00:00:00,Called for FD
YESB23125893,Walk-in,Lost,2024-11-29 00:00:00,KYC Pending
YESB10810851,Referral,Lost,2024-12-12 00:00:00,Called for FD
YESB90229995,Digital Campaign,Lost,2024-09-17 00:00:00,Called for FD
YESB46452462,Walk-in,Converted,2024-02-10 00:00:00,Called for FD
YESB54461736,Referral,In Progress,2024-11-10 00:00:00,Interested in HL
YESB83391315,Walk-in,Lost,2024-01-15 00:00:00,KYC Pending
YESB69259571,Referral,Converted,2024-04-11 00:00:00,Wait for salary credit
YESB62706924,Referral,Converted,2024-09-14 00:00:00,Interested in HL
YESB64635106,Referral,Converted,2024-06-20 00:00:00,Wait for salary credit
YESB10666457,Walk-in,Converted,2024-08-21 00:00:00,Called for FD
YESB16767854,Walk-in,In Progress,2024-04-14 00:00:00,Interested in HL
YESB30721486,Walk-in,Converted,2024-06-04 00:00:00,Wait for salary credit
YESB87456105,Digital Campaign,Lost,2024-11-23 00:00:00,Interested in HL
YESB48590914,Walk-in,Converted,2024-12-20 00:00:00,KYC Pending
YESB38006692,Walk-in,Converted,2024-05-31 00:00:00,Called for FD
YESB78324957,Walk-in,In Progress,2024-02-17 00:00:00,Interested in HL
YESB85926945,Digital Campaign,Lost,2024-08-07 00:00:00,Interested in HL
YESB95694188,Walk-in,Converted,2024-11-14 00:00:00,KYC Pending
YESB12977443,Walk-in,In Progress,2024-10-21 00:00:00,Wait for salary credit
YESB78548119,Referral,Lost,2024-09-21 00:00:00,KYC Pending
YESB56202776,Referral,Converted,2024-12-10 00:00:00,KYC Pending
YESB20078353,Referral,Lost,2024-01-25 00:00:00,KYC Pending
YESB69003137,Referral,In Progress,2024-07-02 00:00:00,KYC Pending
YESB15471185,Referral,In Progress,2024-11-14 00:00:00,Interested in HL
YESB98953784,Referral,In Progress,2024-02-09 00:00:00,Wait for salary credit
YESB23749770,Digital Campaign,Lost,2024-04-01 00:00:00,Interested in HL
YESB21684436,Referral,Lost,2024-06-21 00:00:00,Called for FD
YESB70952001,Walk-in,In Progress,2024-11-19 00:00:00,Interested in HL
YESB14313413,Referral,In Progress,2024-02-23 00:00:00,Called for FD
YESB81110154,Referral,In Progress,2024-03-13 00:00:00,Interested in HL
YESB82933392,Referral,Lost,2024-05-20 00:00:00,Called for FD
YESB32102469,Referral,Converted,2024-07-07 00:00:00,Called for FD
YESB93024730,Walk-in,In Progress,2024-09-11 00:00:00,Called for FD
YESB39568506,Digital Campaign,In Progress,2024-05-01 00:00:00,Called for FD
YESB17216337,Walk-in,In Progress,2024-05-28 00:00:00,KYC Pending
YESB18211740,Referral,Converted,2024-07-10 00:00:00,KYC Pending
YESB11522945,Digital Campaign,Lost,2024-02-05 00:00:00,Wait for salary credit
YESB38767864,Digital Campaign,In Progress,2024-05-28 00:00:00,KYC Pending
YESB15086842,Referral,Converted,2024-01-29 00:00:00,KYC Pending
YESB99619423,Digital Campaign,In Progress,2024-05-05 00:00:00,Interested in HL
YESB82041538,Referral,Converted,2024-12-18 00:00:00,Called for FD
YESB78575716,Walk-in,Converted,2024-08-31 00:00:00,Wait for salary credit
YESB55377949,Referral,In Progress,2024-11-26 00:00:00,Wait for salary credit
YESB86480978,Digital Campaign,Converted,2024-09-15 00:00:00,Called for FD
YESB77757543,Referral,Lost,2024-03-18 00:00:00,Called for FD
YESB11964588,Digital Campaign,Lost,2024-03-22 00:00:00,Called for FD
YESB95516599,Walk-in,Lost,2024-10-07 00:00:00,Called for FD
YESB25964701,Digital Campaign,Converted,2024-10-12 00:00:00,KYC Pending
YESB32741362,Walk-in,In Progress,2024-10-20 00:00:00,Wait for salary credit
YESB83359994,Walk-in,In Progress,2024-09-04 00:00:00,Interested in HL
YESB21290454,Referral,In Progress,2024-03-09 00:00:00,Wait for salary credit
YESB38020255,Walk-in,Lost,2024-12-14 00:00:00,Wait for salary credit
YESB23501793,Walk-in,In Progress,2024-07-15 00:00:00,KYC Pending
YESB14315700,Walk-in,Lost,2024-09-28 00:00:00,Interested in HL
YESB95566614,Walk-in,Lost,2024-01-19 00:00:00,Interested in HL
YESB35000889,Digital Campaign,Lost,2024-08-22 00:00:00,Called for FD
YESB74474280,Referral,Converted,2024-07-07 00:00:00,KYC Pending
YESB59838666,Walk-in,In Progress,2024-04-12 00:00:00,KYC Pending
YESB86293517,Referral,Converted,2024-12-11 00:00:00,KYC Pending
YESB39278027,Digital Campaign,Lost,2024-08-30 00:00:00,Called for FD
YESB43055910,Walk-in,Converted,2024-01-31 00:00:00,Called for FD
YESB63758993,Referral,Lost,2024-12-16 00:00:00,Called for FD
YESB19833700,Digital Campaign,Converted,2024-03-09 00:00:00,Wait for salary credit
YESB86290943,Digital Campaign,Lost,2024-03-16 00:00:00,Wait for salary credit
YESB16727764,Referral,In Progress,2024-03-06 00:00:00,KYC Pending
YESB90218252,Walk-in,In Progress,2024-11-21 00:00:00,Called for FD
YESB24273372,Referral,Lost,2024-04-21 00:00:00,KYC Pending
YESB73024121,Referral,In Progress,2024-04-03 00:00:00,Interested in HL
YESB38261914,Walk-in,Converted,2024-12-10 00:00:00,Called for FD
YESB37201515,Referral,Converted,2024-02-12 00:00:00,Wait for salary credit
YESB43886191,Digital Campaign,Lost,2024-02-03 00:00:00,KYC Pending
YESB31618103,Referral,Lost,2024-01-29 00:00:00,Interested in HL
YESB37435050,Referral,In Progress,2024-08-28 00:00:00,KYC Pending
YESB44530968,Walk-in,Lost,2024-01-21 00:00:00,Interested in HL
YESB68439605,Referral,Lost,2024-01-21 00:00:00,Wait for salary credit
YESB64161546,Digital Campaign,Lost,2024-04-17 00:00:00,Called for FD
YESB46918528,Referral,Lost,2024-05-01 00:00:00,KYC Pending
YESB80284744,Referral,Converted,2024-01-24 00:00:00,KYC Pending
YESB15492776,Digital Campaign,Lost,2024-09-25 00:00:00,Called for FD
YESB59161558,Walk-in,Converted,2024-04-03 00:00:00,KYC Pending
YESB44201556,Walk-in,In Progress,2024-09-21 00:00:00,Called for FD
YESB78700956,Walk-in,In Progress,2024-11-20 00:00:00,KYC Pending
YESB16199679,Digital Campaign,In Progress,2024-04-28 00:00:00,KYC Pending
YESB34729717,Digital Campaign,In Progress,2024-08-23 00:00:00,Interested in HL
YESB80247045,Referral,Converted,2024-04-08 00:00:00,Called for FD
YESB77728395,Digital Campaign,In Progress,2024-01-03 00:00:00,Called for FD
YESB10334597,Walk-in,Lost,2024-04-12 00:00:00,Interested in HL
YESB44687473,Referral,Converted,2024-09-30 00:00:00,Wait for salary credit
YESB64232529,Walk-in,In Progress,2024-08-05 00:00:00,KYC Pending
YESB83275215,Walk-in,In Progress,2024-04-03 00:00:00,Called for FD
YESB85618823,Digital Campaign,Lost,2024-07-06 00:00:00,KYC Pending
YESB92032602,Referral,Converted,2024-04-06 00:00:00,Interested in HL
YESB69544323,Walk-in,Lost,2024-02-02 00:00:00,Wait for salary credit
YESB58620567,Walk-in,Converted,2024-07-09 00:00:00,Wait for salary credit
YESB90386934,Digital Campaign,In Progress,2024-12-21 00:00:00,Wait for salary credit
YESB45020611,Walk-in,Converted,2024-05-01 00:00:00,Interested in HL
YESB36943618,Walk-in,In Progress,2024-02-08 00:00:00,Interested in HL
YESB80059591,Digital Campaign,In Progress,2024-02-25 00:00:00,Called for FD
YESB37025420,Walk-in,In Progress,2024-08-08 00:00:00,KYC Pending
YESB49590290,Digital Campaign,In Progress,2024-03-02 00:00:00,KYC Pending
YESB41386860,Digital Campaign,Lost,2024-05-17 00:00:00,Wait for salary credit
YESB82096478,Digital Campaign,Converted,2024-12-01 00:00:00,Wait for salary credit
YESB93760403,Referral,In Progress,2024-07-18 00:00:00,Called for FD
YESB30407550,Walk-in,Lost,2024-02-09 00:00:00,KYC Pending
YESB49333982,Walk-in,In Progress,2024-08-18 00:00:00,Wait for salary credit
YESB48535720,Digital Campaign,Lost,2024-05-11 00:00:00,Called for FD
YESB17013525,Referral,Lost,2024-10-17 00:00:00,Interested in HL
YESB54867996,Walk-in,Converted,2024-03-28 00:00:00,Wait for salary credit
YESB53540238,Referral,Lost,2024-09-23 00:00:00,KYC Pending
YESB93074394,Referral,In Progress,2024-01-23 00:00:00,KYC Pending
YESB66367725,Digital Campaign,In Progress,2024-04-05 00:00:00,Wait for salary credit
YESB12170074,Walk-in,Converted,2024-09-23 00:00:00,Called for FD
YESB78744045,Referral,In Progress,2024-07-25 00:00:00,Interested in HL
YESB42505216,Digital Campaign,Converted,2024-08-29 00:00:00,Called for FD
YESB65176528,Walk-in,Converted,2024-08-05 00:00:00,Wait for salary credit
YESB65427907,Referral,Lost,2024-01-14 00:00:00,Interested in HL
YESB88644754,Digital Campaign,Converted,2024-01-04 00:00:00,Called for FD
YESB40839248,Walk-in,Converted,2024-11-22 00:00:00,Wait for salary credit
YESB45699828,Referral,Converted,2024-10-26 00:00:00,KYC Pending
YESB74780202,Digital Campaign,Lost,2024-12-21 00:00:00,Interested in HL
YESB57812074,Digital Campaign,Lost,2024-06-27 00:00:00,Called for FD
YESB44837043,Walk-in,Lost,2024-04-09 00:00:00,Wait for salary credit
YESB95346491,Referral,Lost,2024-08-24 00:00:00,Called for FD
YESB94967529,Walk-in,In Progress,2024-06-04 00:00:00,Called for FD
YESB26189317,Digital Campaign,Lost,2024-10-08 00:00:00,KYC Pending
YESB89275236,Walk-in,In Progress,2024-01-26 00:00:00,KYC Pending
YESB32547564,Referral,Lost,2024-10-29 00:00:00,Interested in HL
YESB89023809,Referral,In Progress,2024-06-16 00:00:00,Called for FD
YESB40933496,Digital Campaign,In Progress,2024-11-06 00:00:00,Wait for salary credit
YESB19129397,Walk-in,In Progress,2024-06-23 00:00:00,Interested in HL
YESB59126485,Walk-in,In Progress,2024-06-16 00:00:00,KYC Pending
YESB72277199,Digital Campaign,In Progress,2024-09-04 00:00:00,Wait for salary credit
YESB76195444,Referral,Converted,2024-02-16 00:00:00,KYC Pending
YESB91348976,Walk-in,Converted,2024-05-31 00:00:00,KYC Pending
YESB83942997,Digital Campaign,In Progress,2024-06-30 00:00:00,Wait for salary credit
YESB84546604,Digital Campaign,Lost,2024-06-01 00:00:00,Called for FD
YESB16255065,Referral,Lost,2024-12-22 00:00:00,Called for FD
YESB82102096,Digital Campaign,Converted,2024-12-11 00:00:00,Interested in HL
YESB77957849,Referral,In Progress,2024-10-08 00:00:00,KYC Pending
YESB10783465,Digital Campaign,Lost,2024-01-22 00:00:00,Interested in HL
YESB80526956,Referral,In Progress,2024-10-15 00:00:00,Called for FD
YESB42246866,Referral,Converted,2024-12-16 00:00:00,KYC Pending
YESB70972616,Digital Campaign,Converted,2024-09-01 00:00:00,Interested in HL
YESB35347157,Referral,Converted,2024-06-15 00:00:00,Called for FD
YESB83803142,Referral,Converted,2024-04-04 00:00:00,Interested in HL
YESB63957386,Digital Campaign,Lost,2024-06-07 00:00:00,KYC Pending
YESB94844923,Referral,Lost,2024-05-17 00:00:00,Wait for salary credit
YESB44264423,Referral,In Progress,2024-07-29 00:00:00,KYC Pending
YESB49195597,Referral,In Progress,2024-12-15 00:00:00,KYC Pending
YESB91591819,Digital Campaign,Converted,2024-06-13 00:00:00,Called for FD
YESB21947361,Referral,In Progress,2024-08-06 00:00:00,Called for FD
YESB15194032,Walk-in,Converted,2024-11-19 00:00:00,Interested in HL
YESB12945927,Walk-in,Lost,2024-09-27 00:00:00,Called for FD
YESB18723154,Walk-in,In Progress,2024-04-02 00:00:00,Interested in HL
YESB25910026,Walk-in,In Progress,2024-11-05 00:00:00,Wait for salary credit
YESB25416742,Walk-in,In Progress,2024-02-27 00:00:00,Called for FD
YESB32221320,Walk-in,Lost,2024-01-08 00:00:00,KYC Pending
YESB16118554,Walk-in,Lost,2024-02-02 00:00:00,Interested in HL
YESB82468066,Walk-in,Lost,2024-08-23 00:00:00,Wait for salary credit
YESB76222684,Walk-in,Lost,2024-03-24 00:00:00,Interested in HL
YESB40531715,Digital Campaign,Lost,2024-07-12 00:00:00,KYC Pending
YESB63735922,Walk-in,Lost,2024-04-28 00:00:00,Wait for salary credit
YESB38265460,Walk-in,In Progress,2024-01-15 00:00:00,KYC Pending
YESB37927736,Referral,Lost,2024-06-27 00:00:00,Called for FD
YESB60536296,Walk-in,Converted,2024-11-22 00:00:00,Called for FD
YESB68445108,Digital Campaign,Converted,2024-05-16 00:00:00,Interested in HL
YESB45659931,Digital Campaign,In Progress,2024-06-06 00:00:00,Interested in HL
YESB85166190,Referral,Lost,2024-12-27 00:00:00,Wait for salary credit
YESB98134419,Digital Campaign,Converted,2024-11-29 00:00:00,Called for FD
YESB19701761,Digital Campaign,Lost,2024-08-17 00:00:00,Called for FD
YESB70212308,Walk-in,Converted,2024-05-26 00:00:00,Interested in HL
YESB16802179,Digital Campaign,Converted,2024-05-17 00:00:00,Wait for salary credit
YESB16891189,Walk-in,Converted,2024-03-21 00:00:00,KYC Pending
YESB96588688,Referral,Lost,2024-01-18 00:00:00,Interested in HL
YESB29804546,Walk-in,Lost,2024-11-20 00:00:00,Wait for salary credit
YESB48694865,Digital Campaign,Lost,2024-09-24 00:00:00,Interested in HL
YESB17975101,Referral,In Progress,2024-03-10 00:00:00,KYC Pending
YESB21980507,Digital Campaign,Converted,2024-03-09 00:00:00,Wait for salary credit
YESB73483763,Referral,In Progress,2024-11-22 00:00:00,Wait for salary credit
YESB64681819,Walk-in,In Progress,2024-02-16 00:00:00,KYC Pending
YESB96454253,Referral,Converted,2024-12-10 00:00:00,Wait for salary credit
YESB63491706,Digital Campaign,In Progress,2024-02-27 00:00:00,KYC Pending
YESB55017620,Referral,Lost,2024-03-24 00:00:00,Called for FD
YESB18390561,Digital Campaign,Converted,2024-03-24 00:00:00,KYC Pending
YESB59752695,Walk-in,Lost,2024-07-28 00:00:00,Called for FD
YESB49385902,Walk-in,Lost,2024-02-12 00:00:00,Wait for salary credit
YESB92915952,Referral,In Progress,2024-07-17 00:00:00,Wait for salary credit
YESB70370401,Referral,In Progress,2024-06-11 00:00:00,Called for FD
YESB89688860,Walk-in,Converted,2024-08-27 00:00:00,Interested in HL
YESB79030923,Referral,Converted,2024-12-20 00:00:00,Interested in HL
YESB83371472,Walk-in,In Progress,2024-03-23 00:00:00,Called for FD
YESB41245703,Referral,Converted,2024-02-18 00:00:00,KYC Pending
YESB25725318,Walk-in,Converted,2024-05-25 00:00:00,Interested in HL
YESB89079520,Walk-in,Lost,2024-10-23 00:00:00,Called for FD
YESB91916314,Referral,In Progress,2024-04-12 00:00:00,Interested in HL
YESB87160983,Digital Campaign,Converted,2024-05-01 00:00:00,Called for FD
YESB79546972,Referral,Converted,2024-08-10 00:00:00,KYC Pending
YESB27525130,Walk-in,In Progress,2024-12-29 00:00:00,KYC Pending
YESB53295643,Walk-in,In Progress,2024-11-13 00:00:00,KYC Pending
YESB57292287,Walk-in,Converted,2024-12-02 00:00:00,Called for FD
YESB18513746,Digital Campaign,Lost,2024-07-12 00:00:00,Interested in HL
YESB25076703,Walk-in,Converted,2024-04-29 00:00:00,Called for FD
YESB94229964,Digital Campaign,Lost,2024-07-24 00:00:00,KYC Pending
YESB63602222,Digital Campaign,Lost,2024-09-17 00:00:00,Wait for salary credit
YESB96714358,Walk-in,In Progress,2024-04-02 00:00:00,Called for FD
YESB77211729,Digital Campaign,Lost,2024-08-10 00:00:00,Called for FD
YESB43597861,Walk-in,Lost,2024-05-08 00:00:00,Called for FD
YESB94469679,Digital Campaign,Lost,2024-03-13 00:00:00,Interested in HL
YESB51157673,Digital Campaign,Converted,2024-01-02 00:00:00,Interested in HL
YESB58396680,Referral,Converted,2024-03-24 00:00:00,Called for FD
YESB89919437,Digital Campaign,Lost,2024-08-21 00:00:00,Wait for salary credit
YESB83676435,Referral,In Progress,2024-03-03 00:00:00,KYC Pending
YESB24529378,Referral,Converted,2024-01-15 00:00:00,Interested in HL
YESB25330426,Referral,In Progress,2024-10-23 00:00:00,Interested in HL
YESB77756686,Referral,Lost,2024-03-28 00:00:00,KYC Pending
YESB84765340,Digital Campaign,Lost,2024-09-15 00:00:00,Wait for salary credit
YESB16054973,Digital Campaign,Lost,2024-12-13 00:00:00,Wait for salary credit
YESB88219351,Walk-in,Converted,2024-04-03 00:00:00,Wait for salary credit
YESB65595196,Referral,Lost,2024-03-25 00:00:00,Wait for salary credit
YESB67798312,Walk-in,Converted,2024-01-03 00:00:00,KYC Pending
YESB89146821,Digital Campaign,Lost,2024-10-19 00:00:00,Interested in HL
YESB45493277,Digital Campaign,Converted,2024-02-11 00:00:00,Interested in HL
YESB59913295,Walk-in,Lost,2024-03-11 00:00:00,KYC Pending
YESB22495757,Walk-in,Converted,2024-11-13 00:00:00,Wait for salary credit
YESB42679989,Referral,Lost,2024-07-19 00:00:00,KYC Pending
YESB12205022,Digital Campaign,Converted,2024-06-17 00:00:00,Interested in HL
YESB60637783,Referral,In Progress,2024-02-16 00:00:00,Called for FD
YESB89488918,Digital Campaign,Converted,2024-02-29 00:00:00,KYC Pending
YESB85785534,Referral,In Progress,2024-02-26 00:00:00,Wait for salary credit
YESB94990961,Digital Campaign,Converted,2024-06-06 00:00:00,Called for FD
YESB75080672,Referral,Converted,2024-11-09 00:00:00,Interested in HL
YESB71377595,Referral,In Progress,2024-11-02 00:00:00,Called for FD
YESB57235697,Digital Campaign,Converted,2024-03-20 00:00:00,Wait for salary credit
YESB97758074,Walk-in,Lost,2024-12-13 00:00:00,Called for FD
YESB72794021,Digital Campaign,In Progress,2024-02-23 00:00:00,KYC Pending
YESB25700019,Digital Campaign,In Progress,2024-06-28 00:00:00,Called for FD
YESB77663241,Digital Campaign,Converted,2024-10-04 00:00:00,Interested in HL
YESB89997743,Digital Campaign,In Progress,2024-08-14 00:00:00,Wait for salary credit
YESB86141238,Walk-in,In Progress,2024-03-03 00:00:00,Wait for salary credit
YESB67793981,Referral,Lost,2024-04-03 00:00:00,Interested in HL
YESB76335778,Referral,In Progress,2024-01-21 00:00:00,Called for FD
YESB51072014,Digital Campaign,In Progress,2024-05-11 00:00:00,Interested in HL
YESB11545677,Walk-in,In Progress,2024-07-18 00:00:00,KYC Pending
YESB37075693,Walk-in,In Progress,2024-05-24 00:00:00,Wait for salary credit
YESB15369909,Walk-in,In Progress,2024-06-28 00:00:00,KYC Pending
YESB89699553,Referral,Converted,2024-01-21 00:00:00,KYC Pending
YESB50308461,Referral,Lost,2024-04-21 00:00:00,Interested in HL
YESB76813540,Referral,Converted,2024-08-16 00:00:00,Interested in HL
YESB87560304,Digital Campaign,Converted,2024-12-27 00:00:00,Interested in HL
YESB11473425,Digital Campaign,Lost,2024-10-15 00:00:00,Wait for salary credit
YESB64167365,Walk-in,Lost,2024-10-23 00:00:00,KYC Pending
YESB43425542,Walk-in,Converted,2024-07-17 00:00:00,KYC Pending
YESB94723759,Digital Campaign,In Progress,2024-03-21 00:00:00,Wait for salary credit
YESB45253677,Walk-in,In Progress,2024-02-12 00:00:00,KYC Pending
YESB71484269,Digital Campaign,Lost,2024-04-26 00:00:00,Wait for salary credit
YESB12050005,Digital Campaign,Converted,2024-09-03 00:00:00,KYC Pending
YESB10330373,Digital Campaign,Converted,2024-04-04 00:00:00,KYC Pending
YESB82529247,Digital Campaign,In Progress,2024-07-18 00:00:00,Interested in HL
YESB11031920,Referral,In Progress,2024-01-24 00:00:00,Interested in HL
YESB77656246,Walk-in,Lost,2024-01-20 00:00:00,KYC Pending
YESB76579125,Digital Campaign,In Progress,2024-11-18 00:00:00,Interested in HL
YESB44045581,Walk-in,Lost,2024-07-07 00:00:00,Called for FD
YESB52619754,Digital Campaign,Lost,2024-06-23 00:00:00,Interested in HL
YESB92168516,Walk-in,Converted,2024-01-31 00:00:00,Interested in HL
YESB63990493,Digital Campaign,Lost,2024-08-26 00:00:00,Interested in HL
YESB30355062,Digital Campaign,Lost,2024-05-23 00:00:00,Wait for salary credit
YESB45004259,Referral,Lost,2024-04-06 00:00:00,Interested in HL
YESB75805374,Walk-in,Lost,2024-08-22 00:00:00,Interested in HL
YESB65808025,Walk-in,Converted,2024-06-28 00:00:00,Wait for salary credit
YESB93825889,Referral,Converted,2024-02-20 00:00:00,KYC Pending
YESB61266101,Digital Campaign,In Progress,2024-11-27 00:00:00,Interested in HL
YESB89777333,Referral,Converted,2024-10-20 00:00:00,Interested in HL
YESB63007328,Walk-in,In Progress,2024-12-15 00:00:00,KYC Pending
YESB23229416,Digital Campaign,In Progress,2024-06-18 00:00:00,Interested in HL
YESB93830000,Referral,Lost,2024-09-24 00:00:00,KYC Pending
YESB38358084,Digital Campaign,Lost,2024-07-02 00:00:00,Interested in HL
YESB78217886,Digital Campaign,Converted,2024-08-04 00:00:00,Called for FD
YESB23669202,Digital Campaign,In Progress,2024-10-24 00:00:00,Interested in HL
YESB94861934,Walk-in,In Progress,2024-09-10 00:00:00,KYC Pending
YESB26508886,Walk-in,In Progress,2024-04-18 00:00:00,KYC Pending
YESB56913394,Digital Campaign,In Progress,2024-10-25 00:00:00,Interested in HL
YESB76645676,Walk-in,In Progress,2024-01-23 00:00:00,Interested in HL
YESB54796889,Referral,Converted,2024-09-19 00:00:00,Called for FD
YESB86317514,Digital Campaign,In Progress,2024-07-14 00:00:00,Wait for salary credit
YESB14586386,Referral,Lost,2024-06-26 00:00:00,Interested in HL
YESB19320372,Walk-in,In Progress,2024-09-30 00:00:00,Wait for salary credit
YESB95404830,Digital Campaign,Lost,2024-02-29 00:00:00,Wait for salary credit
YESB59109244,Walk-in,In Progress,2024-04-02 00:00:00,Interested in HL
YESB39060881,Walk-in,Converted,2024-05-26 00:00:00,Called for FD
YESB47440311,Digital Campaign,Lost,2024-09-24 00:00:00,KYC Pending
YESB87138080,Walk-in,Converted,2024-04-21 00:00:00,Called for FD
YESB79961146,Walk-in,In Progress,2024-01-15 00:00:00,Called for FD
YESB90954816,Digital Campaign,Lost,2024-06-11 00:00:00,Called for FD
YESB27745138,Referral,In Progress,2024-03-14 00:00:00,Wait for salary credit
YESB42615887,Digital Campaign,Converted,2024-03-24 00:00:00,KYC Pending
YESB58272301,Digital Campaign,In Progress,2024-09-23 00:00:00,Interested in HL
YESB29318285,Walk-in,Converted,2024-11-11 00:00:00,Called for FD
YESB92836592,Referral,In Progress,2024-10-01 00:00:00,Interested in HL
YESB19562554,Walk-in,In Progress,2024-05-05 00:00:00,Called for FD
YESB58302088,Referral,In Progress,2024-11-09 00:00:00,Called for FD
YESB22761804,Walk-in,Converted,2024-04-20 00:00:00,KYC Pending
YESB12916353,Walk-in,In Progress,2024-08-13 00:00:00,Called for FD
YESB11434586,Walk-in,In Progress,2024-06-12 00:00:00,Wait for salary credit
YESB57924019,Walk-in,In Progress,2024-05-19 00:00:00,Called for FD
YESB28178587,Digital Campaign,In Progress,2024-08-08 00:00:00,Wait for salary credit
YESB14352498,Digital Campaign,In Progress,2024-04-23 00:00:00,Wait for salary credit
YESB80505715,Digital Campaign,In Progress,2024-11-28 00:00:00,Wait for salary credit
YESB27604516,Digital Campaign,Lost,2024-12-08 00:00:00,Wait for salary credit
YESB36720064,Walk-in,In Progress,2024-09-19 00:00:00,Wait for salary credit
YESB66173024,Digital Campaign,Converted,2024-11-25 00:00:00,Wait for salary credit
YESB50913151,Walk-in,Converted,2024-05-24 00:00:00,Interested in HL
YESB92400880,Walk-in,Converted,2024-08-01 00:00:00,KYC Pending
YESB44054855,Walk-in,Converted,2024-11-03 00:00:00,Interested in HL
YESB25360371,Walk-in,Converted,2024-10-04 00:00:00,Interested in HL
YESB36402772,Digital Campaign,Lost,2024-08-03 00:00:00,KYC Pending
YESB70300498,Walk-in,Lost,2024-09-18 00:00:00,Interested in HL
YESB96716088,Digital Campaign,In Progress,2024-11-11 00:00:00,Interested in HL
YESB56098194,Digital Campaign,Lost,2024-11-26 00:00:00,Interested in HL
YESB12704810,Referral,Converted,2024-07-02 00:00:00,Wait for salary credit
YESB22354214,Digital Campaign,In Progress,2024-08-01 00:00:00,Called for FD
YESB54689966,Digital Campaign,Converted,2024-01-08 00:00:00,Called for FD
YESB82149958,Walk-in,Converted,2024-07-14 00:00:00,Called for FD
YESB45095884,Referral,Converted,2024-05-21 00:00:00,Called for FD
YESB91772171,Digital Campaign,Lost,2024-09-20 00:00:00,Interested in HL
YESB52240618,Referral,In Progress,2024-06-14 00:00:00,KYC Pending
YESB11823202,Walk-in,In Progress,2024-04-16 00:00:00,Interested in HL
YESB84601733,Digital Campaign,Converted,2024-02-16 00:00:00,Interested in HL
YESB33290115,Walk-in,Lost,2024-08-11 00:00:00,Interested in HL
YESB51862957,Walk-in,In Progress,2024-10-14 00:00:00,KYC Pending
YESB58691841,Digital Campaign,In Progress,2024-11-03 00:00:00,Interested in HL
YESB89523663,Referral,In Progress,2024-07-04 00:00:00,KYC Pending
YESB76257784,Digital Campaign,Converted,2024-02-03 00:00:00,KYC Pending
YESB80913466,Walk-in,Converted,2024-02-19 00:00:00,KYC Pending
YESB33117317,Walk-in,Lost,2024-04-20 00:00:00,KYC Pending
YESB85584899,Walk-in,Converted,2024-05-04 00:00:00,KYC Pending
YESB81229181,Referral,Converted,2024-10-20 00:00:00,Interested in HL
YESB71963392,Walk-in,Lost,2024-04-17 00:00:00,KYC Pending
YESB15123062,Referral,Converted,2024-09-03 00:00:00,Wait for salary credit
YESB48147889,Digital Campaign,Lost,2024-06-23 00:00:00,Interested in HL
YESB85293441,Digital Campaign,Lost,2024-03-22 00:00:00,Interested in HL
YESB93834042,Referral,In Progress,2024-11-13 00:00:00,Called for FD
YESB59880610,Referral,In Progress,2024-05-11 00:00:00,KYC Pending
YESB25668018,Digital Campaign,Converted,2024-02-25 00:00:00,KYC Pending
YESB53438666,Walk-in,In Progress,2024-03-31 00:00:00,Called for FD
YESB33619152,Digital Campaign,Lost,2024-02-15 00:00:00,Called for FD
YESB98014219,Digital Campaign,Converted,2024-11-25 00:00:00,KYC Pending
YESB10134671,Walk-in,Converted,2024-04-01 00:00:00,Wait for salary credit
YESB93226911,Digital Campaign,Lost,2024-09-03 00:00:00,Interested in HL
YESB52731403,Referral,Lost,2024-11-02 00:00:00,Called for FD
YESB23748162,Walk-in,In Progress,2024-02-14 00:00:00,Called for FD
YESB55190589,Walk-in,In Progress,2024-10-04 00:00:00,Wait for salary credit
YESB39040845,Referral,Converted,2024-06-23 00:00:00,Interested in HL
YESB28095940,Digital Campaign,Lost,2024-06-29 00:00:00,Wait for salary credit
YESB56841194,Digital Campaign,In Progress,2024-02-14 00:00:00,KYC Pending
YESB30659058,Walk-in,Lost,2024-05-28 00:00:00,Called for FD
YESB67305432,Referral,Lost,2024-11-09 00:00:00,Interested in HL
YESB25826583,Referral,Lost,2024-03-29 00:00:00,Wait for salary credit
YESB16898695,Referral,In Progress,2024-04-07 00:00:00,Wait for salary credit
YESB23183629,Digital Campaign,In Progress,2024-07-22 00:00:00,KYC Pending
YESB98671735,Digital Campaign,In Progress,2024-10-15 00:00:00,Called for FD
YESB71273160,Referral,In Progress,2024-03-31 00:00:00,Interested in HL
YESB89065211,Walk-in,Lost,2024-12-21 00:00:00,Called for FD
YESB73580958,Digital Campaign,Converted,2024-09-17 00:00:00,Interested in HL
YESB85558052,Digital Campaign,Lost,2024-01-25 00:00:00,Called for FD
YESB54960929,Digital Campaign,Lost,2024-02-28 00:00:00,Wait for salary credit
YESB46812177,Digital Campaign,In Progress,2024-10-17 00:00:00,Interested in HL
YESB25791363,Digital Campaign,Lost,2024-03-23 00:00:00,Interested in HL
YESB43881595,Digital Campaign,Converted,2024-01-28 00:00:00,KYC Pending
YESB32668709,Digital Campaign,In Progress,2024-04-04 00:00:00,Called for FD
YESB65673694,Walk-in,In Progress,2024-10-31 00:00:00,Interested in HL
YESB49969501,Referral,In Progress,2024-03-01 00:00:00,Interested in HL
YESB40346010,Digital Campaign,Converted,2024-09-06 00:00:00,KYC Pending
YESB62902613,Referral,Lost,2024-12-02 00:00:00,Interested in HL
YESB96565226,Walk-in,In Progress,2024-09-01 00:00:00,KYC Pending
YESB66136328,Digital Campaign,Converted,2024-08-14 00:00:00,Interested in HL
YESB16079346,Digital Campaign,Lost,2024-08-11 00:00:00,KYC Pending
YESB67150407,Referral,Lost,2024-03-06 00:00:00,KYC Pending
YESB57984325,Walk-in,Lost,2024-10-14 00:00:00,Interested in HL
YESB81984534,Referral,Converted,2024-03-12 00:00:00,Interested in HL
YESB55739012,Digital Campaign,In Progress,2024-12-23 00:00:00,Interested in HL
YESB92617056,Digital Campaign,In Progress,2024-11-14 00:00:00,Called for FD
YESB89850498,Walk-in,Converted,2024-09-10 00:00:00,Wait for salary credit
YESB12918075,Walk-in,In Progress,2024-08-16 00:00:00,Called for FD
YESB68702830,Digital Campaign,Converted,2024-04-03 00:00:00,Interested in HL
YESB35519662,Walk-in,In Progress,2024-05-19 00:00:00,Called for FD
YESB13890886,Referral,In Progress,2024-05-23 00:00:00,Wait for salary credit
YESB26216772,Digital Campaign,Lost,2024-03-26 00:00:00,Interested in HL
YESB40905979,Walk-in,In Progress,2024-11-04 00:00:00,Interested in HL
YESB25680913,Walk-in,In Progress,2024-08-03 00:00:00,Interested in HL
YESB27709603,Walk-in,Converted,2024-04-13 00:00:00,KYC Pending
YESB47463396,Referral,In Progress,2024-11-17 00:00:00,Interested in HL
YESB88483840,Referral,Converted,2024-04-04 00:00:00,Called for FD
YESB81239547,Digital Campaign,Lost,2024-05-17 00:00:00,Wait for salary credit
YESB33257199,Digital Campaign,Lost,2024-10-08 00:00:00,Wait for salary credit
YESB72435985,Referral,Converted,2024-07-07 00:00:00,Called for FD
YESB31821471,Digital Campaign,Converted,2024-11-26 00:00:00,Called for FD
YESB23237651,Digital Campaign,Lost,2024-09-07 00:00:00,Wait for salary credit
YESB52319521,Digital Campaign,Lost,2024-08-12 00:00:00,Called for FD
YESB84344784,Digital Campaign,Converted,2024-12-26 00:00:00,Called for FD
YESB97450599,Digital Campaign,Converted,2024-10-23 00:00:00,KYC Pending
YESB81179091,Walk-in,Lost,2024-03-25 00:00:00,Interested in HL
YESB70373257,Digital Campaign,In Progress,2024-02-16 00:00:00,KYC Pending
YESB31193323,Walk-in,Converted,2024-09-17 00:00:00,Interested in HL
YESB95185519,Walk-in,In Progress,2024-11-27 00:00:00,KYC Pending
YESB79231000,Referral,In Progress,2024-08-04 00:00:00,KYC Pending
YESB94772009,Digital Campaign,Converted,2024-10-20 00:00:00,Interested in HL
YESB95552675,Referral,Lost,2024-10-07 00:00:00,Wait for salary credit
YESB79221844,Referral,Converted,2024-04-23 00:00:00,Interested in HL
YESB45829933,Walk-in,In Progress,2024-06-21 00:00:00,Interested in HL
YESB49040021,Digital Campaign,Converted,2024-05-02 00:00:00,Wait for salary credit
YESB96545175,Digital Campaign,Lost,2024-02-06 00:00:00,Interested in HL
YESB45237719,Referral,Converted,2024-05-08 00:00:00,Called for FD
YESB51294047,Digital Campaign,In Progress,2024-05-31 00:00:00,Called for FD
YESB72027236,Walk-in,In Progress,2024-08-27 00:00:00,KYC Pending
YESB55383359,Referral,Lost,2024-03-04 00:00:00,Wait for salary credit
YESB98254806,Digital Campaign,Lost,2024-07-04 00:00:00,KYC Pending
YESB38076949,Referral,In Progress,2024-01-23 00:00:00,Interested in HL
YESB97030890,Digital Campaign,Converted,2024-09-02 00:00:00,Wait for salary credit
YESB74447261,Referral,Converted,2024-04-11 00:00:00,Wait for salary credit
YESB45830042,Walk-in,In Progress,2024-01-30 00:00:00,Wait for salary credit
YESB27382629,Referral,Converted,2024-10-10 00:00:00,KYC Pending
YESB32104639,Walk-in,In Progress,2024-01-03 00:00:00,Called for FD
YESB50821951,Walk-in,Converted,2024-05-21 00:00:00,KYC Pending
YESB87454033,Walk-in,In Progress,2024-07-15 00:00:00,Called for FD
YESB15346675,Referral,Converted,2024-12-30 00:00:00,KYC Pending
YESB48577466,Digital Campaign,Converted,2024-07-08 00:00:00,Called for FD
YESB64445339,Walk-in,Converted,2024-09-23 00:00:00,Called for FD
YESB34723132,Digital Campaign,In Progress,2024-04-27 00:00:00,Called for FD
YESB35926301,Digital Campaign,Lost,2024-01-11 00:00:00,Wait for salary credit
YESB74140075,Referral,Lost,2024-08-01 00:00:00,Called for FD
YESB75092273,Digital Campaign,Converted,2024-08-14 00:00:00,KYC Pending
YESB12744997,Referral,In Progress,2024-10-24 00:00:00,Wait for salary credit
YESB79913272,Walk-in,In Progress,2024-05-20 00:00:00,KYC Pending
YESB21180361,Digital Campaign,In Progress,2024-10-21 00:00:00,Interested in HL
YESB19809406,Walk-in,In Progress,2024-11-24 00:00:00,Wait for salary credit
YESB83622617,Walk-in,Lost,2024-03-23 00:00:00,Wait for salary credit
YESB50134278,Referral,In Progress,2024-02-01 00:00:00,Called for FD
YESB22787801,Walk-in,Converted,2024-11-27 00:00:00,KYC Pending
YESB24797682,Walk-in,Converted,2024-04-15 00:00:00,Wait for salary credit
YESB48365151,Digital Campaign,Lost,2024-06-10 00:00:00,Called for FD
YESB30515983,Walk-in,In Progress,2024-06-15 00:00:00,Wait for salary credit
YESB50765671,Referral,Lost,2024-10-23 00:00:00,KYC Pending
YESB83408624,Digital Campaign,Converted,2024-12-13 00:00:00,Interested in HL
YESB98666452,Digital Campaign,Converted,2024-06-17 00:00:00,KYC Pending
YESB52350403,Digital Campaign,Lost,2024-04-17 00:00:00,Interested in HL
YESB94902716,Walk-in,Lost,2024-05-08 00:00:00,KYC Pending
YESB27534662,Digital Campaign,Converted,2024-03-05 00:00:00,Wait for salary credit
YESB86742567,Referral,Converted,2024-06-09 00:00:00,KYC Pending
YESB74984837,Digital Campaign,Converted,2024-03-19 00:00:00,Interested in HL
YESB97930393,Referral,In Progress,2024-02-05 00:00:00,Wait for salary credit
YESB66480036,Walk-in,Converted,2024-08-10 00:00:00,KYC Pending
YESB82351110,Referral,In Progress,2024-11-25 00:00:00,Wait for salary credit
YESB59377539,Referral,Converted,2024-10-18 00:00:00,Wait for salary credit
YESB95307066,Walk-in,Converted,2024-10-25 00:00:00,Called for FD
YESB33122383,Walk-in,Lost,2024-08-20 00:00:00,Interested in HL
YESB68915000,Digital Campaign,Lost,2024-07-04 00:00:00,KYC Pending
YESB64717741,Referral,Lost,2024-03-25 00:00:00,Interested in HL
YESB90867214,Referral,Converted,2024-03-14 00:00:00,Wait for salary credit
YESB31598630,Digital Campaign,Lost,2024-04-23 00:00:00,Interested in HL
YESB81316049,Walk-in,Converted,2024-02-14 00:00:00,Called for FD
YESB45245343,Digital Campaign,Lost,2024-02-09 00:00:00,KYC Pending
YESB75146565,Referral,Converted,2024-07-14 00:00:00,KYC Pending
YESB75049138,Walk-in,Converted,2024-11-15 00:00:00,Called for FD
YESB81315526,Referral,Lost,2024-12-13 00:00:00,Called for FD
YESB25468057,Digital Campaign,Lost,2024-06-14 00:00:00,Interested in HL
YESB57237404,Walk-in,Converted,2024-03-28 00:00:00,KYC Pending
YESB11991740,Referral,Converted,2024-06-16 00:00:00,Wait for salary credit
YESB61655410,Walk-in,Lost,2024-02-16 00:00:00,KYC Pending
YESB69925364,Referral,Lost,2024-08-10 00:00:00,Interested in HL
YESB66073921,Referral,Lost,2024-09-06 00:00:00,KYC Pending
YESB77870443,Walk-in,Lost,2024-04-19 00:00:00,Called for FD
YESB76169279,Digital Campaign,Converted,2024-08-07 00:00:00,KYC Pending
YESB28261426,Walk-in,In Progress,2024-08-09 00:00:00,Interested in HL
YESB72666741,Referral,Lost,2024-05-31 00:00:00,Wait for salary credit
YESB71330607,Referral,Converted,2024-08-10 00:00:00,Interested in HL
YESB89156436,Digital Campaign,Converted,2024-11-20 00:00:00,Interested in HL
YESB31249397,Walk-in,In Progress,2024-12-06 00:00:00,KYC Pending
YESB76256799,Digital Campaign,Converted,2024-08-20 00:00:00,KYC Pending
YESB60992875,Digital Campaign,Converted,2024-05-13 00:00:00,Wait for salary credit
YESB78970649,Digital Campaign,In Progress,2024-04-09 00:00:00,Called for FD
YESB72894363,Digital Campaign,Converted,2024-12-03 00:00:00,Called for FD
YESB31132518,Digital Campaign,In Progress,2024-01-26 00:00:00,KYC Pending
YESB36798026,Walk-in,Converted,2024-10-02 00:00:00,Wait for salary credit
YESB80173542,Digital Campaign,Converted,2024-12-25 00:00:00,Called for FD
YESB50594496,Referral,In Progress,2024-06-24 00:00:00,Called for FD
YESB97619039,Referral,In Progress,2024-03-27 00:00:00,Wait for salary credit
YESB48811456,Walk-in,In Progress,2024-01-22 00:00:00,Interested in HL
YESB82189502,Digital Campaign,Lost,2024-10-11 00:00:00,Wait for salary credit
YESB99228861,Digital Campaign,Lost,2024-01-11 00:00:00,Called for FD
YESB95362127,Walk-in,Lost,2024-05-24 00:00:00,Called for FD
YESB85168604,Walk-in,Lost,2024-05-28 00:00:00,Interested in HL
YESB36870523,Walk-in,Lost,2024-12-18 00:00:00,Interested in HL
YESB18429616,Digital Campaign,Lost,2024-12-18 00:00:00,KYC Pending
YESB44698461,Digital Campaign,Lost,2024-11-23 00:00:00,KYC Pending
YESB48334984,Walk-in,Converted,2024-07-05 00:00:00,Wait for salary credit
YESB67324047,Walk-in,Lost,2024-04-21 00:00:00,Wait for salary credit
YESB23320434,Digital Campaign,Converted,2024-05-26 00:00:00,KYC Pending
YESB73075640,Referral,Converted,2024-10-25 00:00:00,Wait for salary credit
YESB75904904,Referral,Converted,2024-04-14 00:00:00,Interested in HL
YESB18149633,Walk-in,In Progress,2024-02-22 00:00:00,Interested in HL
YESB92411467,Referral,Lost,2024-07-05 00:00:00,Wait for salary credit
YESB63837560,Referral,In Progress,2024-02-17 00:00:00,Called for FD
YESB23569737,Referral,Lost,2024-05-26 00:00:00,KYC Pending
YESB69343803,Walk-in,Lost,2024-06-11 00:00:00,Called for FD
YESB42944182,Walk-in,Converted,2024-04-11 00:00:00,Called for FD
YESB94285923,Referral,In Progress,2024-04-27 00:00:00,Called for FD
YESB51724910,Digital Campaign,Converted,2024-03-29 00:00:00,Wait for salary credit
YESB51755949,Walk-in,Converted,2024-05-27 00:00:00,Wait for salary credit
YESB89981572,Referral,In Progress,2024-07-24 00:00:00,KYC Pending
YESB76173668,Digital Campaign,Lost,2024-03-15 00:00:00,Interested in HL
YESB55613233,Referral,Lost,2024-05-09 00:00:00,Called for FD
YESB79622175,Digital Campaign,Lost,2024-04-27 00:00:00,Called for FD
YESB51087516,Digital Campaign,In Progress,2024-12-27 00:00:00,Wait for salary credit
YESB33055118,Walk-in,In Progress,2024-11-21 00:00:00,Wait for salary credit
YESB19010652,Referral,Lost,2024-04-01 00:00:00,Wait for salary credit
YESB39618056,Walk-in,Converted,2024-08-09 00:00:00,Interested in HL
YESB54967385,Walk-in,Converted,2024-05-16 00:00:00,Interested in HL
YESB26388811,Referral,Converted,2024-03-20 00:00:00,Called for FD
YESB13619857,Walk-in,In Progress,2024-04-30 00:00:00,Wait for salary credit
YESB64637843,Digital Campaign,Lost,2024-07-10 00:00:00,Wait for salary credit
YESB55832154,Walk-in,In Progress,2024-01-11 00:00:00,Interested in HL
YESB86528351,Referral,In Progress,2024-07-25 00:00:00,Wait for salary credit
YESB90892345,Walk-in,Converted,2024-11-26 00:00:00,Interested in HL
YESB14406689,Digital Campaign,Converted,2024-02-01 00:00:00,KYC Pending
YESB87339298,Digital Campaign,Lost,2024-02-10 00:00:00,Interested in HL
YESB71186047,Walk-in,Lost,2024-03-31 00:00:00,Wait for salary credit
YESB16570319,Walk-in,Converted,2024-09-22 00:00:00,Called for FD
YESB43730022,Referral,Lost,2024-06-18 00:00:00,KYC Pending
YESB31579411,Digital Campaign,Converted,2024-08-25 00:00:00,Wait for salary credit
YESB29689828,Walk-in,Converted,2024-02-21 00:00:00,Called for FD
YESB50962478,Referral,Lost,2024-05-19 00:00:00,Interested in HL
YESB33314583,Walk-in,In Progress,2024-12-31 00:00:00,KYC Pending
YESB70235260,Digital Campaign,Lost,2024-04-02 00:00:00,Interested in HL
YESB56029376,Digital Campaign,In Progress,2024-12-23 00:00:00,KYC Pending
YESB65324603,Walk-in,Lost,2024-06-12 00:00:00,KYC Pending
YESB40798573,Referral,Converted,2024-09-02 00:00:00,Wait for salary credit
YESB96423054,Walk-in,Lost,2024-07-09 00:00:00,KYC Pending
YESB88828622,Referral,Converted,2024-08-20 00:00:00,KYC Pending
YESB26902297,Walk-in,Converted,2024-04-24 00:00:00,Called for FD
YESB60449457,Walk-in,In Progress,2024-02-22 00:00:00,Called for FD
YESB48032158,Digital Campaign,In Progress,2024-06-20 00:00:00,Wait for salary credit
YESB28018965,Walk-in,Converted,2024-11-15 00:00:00,KYC Pending
YESB93407348,Digital Campaign,Lost,2024-06-19 00:00:00,Wait for salary credit
YESB90852798,Digital Campaign,Converted,2024-09-17 00:00:00,Wait for salary credit
YESB74873823,Digital Campaign,Lost,2024-08-22 00:00:00,Interested in HL
YESB81659836,Referral,Lost,2024-10-25 00:00:00,KYC Pending
YESB63201680,Referral,Converted,2024-09-05 00:00:00,Wait for salary credit
YESB15966278,Walk-in,In Progress,2024-08-19 00:00:00,KYC Pending
YESB56436544,Digital Campaign,Converted,2024-01-18 00:00:00,KYC Pending
YESB34200175,Referral,Lost,2024-08-11 00:00:00,Wait for salary credit
YESB87715672,Digital Campaign,Converted,2024-11-23 00:00:00,Interested in HL
YESB97734070,Referral,Converted,2024-07-20 00:00:00,KYC Pending
YESB20490786,Walk-in,In Progress,2024-01-05 00:00:00,KYC Pending
YESB92957281,Walk-in,Lost,2024-03-31 00:00:00,Called for FD
YESB20799220,Referral,In Progress,2024-07-09 00:00:00,Wait for salary credit
YESB28315102,Walk-in,In Progress,2024-08-08 00:00:00,Interested in HL
YESB14315953,Referral,Lost,2024-10-02 00:00:00,Interested in HL
YESB29909810,Digital Campaign,Lost,2024-05-17 00:00:00,Called for FD
YESB94457005,Digital Campaign,Lost,2024-08-29 00:00:00,Wait for salary credit
YESB10843491,Digital Campaign,In Progress,2024-12-15 00:00:00,KYC Pending
YESB14810032,Digital Campaign,In Progress,2024-06-18 00:00:00,KYC Pending
YESB53313185,Digital Campaign,Converted,2024-04-26 00:00:00,Called for FD
YESB13372818,Referral,Converted,2024-05-05 00:00:00,Interested in HL
YESB65241397,Walk-in,Lost,2024-05-13 00:00:00,Called for FD
YESB93335600,Walk-in,Converted,2024-06-12 00:00:00,Wait for salary credit
YESB79315551,Digital Campaign,In Progress,2024-11-21 00:00:00,KYC Pending
YESB29881229,Digital Campaign,Lost,2024-03-16 00:00:00,Wait for salary credit
YESB73043490,Referral,In Progress,2024-08-05 00:00:00,Wait for salary credit
YESB72082408,Referral,In Progress,2024-03-15 00:00:00,Wait for salary credit
YESB48734324,Referral,Converted,2024-08-07 00:00:00,KYC Pending
YESB87073408,Referral,Lost,2024-12-08 00:00:00,KYC Pending
YESB68345545,Walk-in,Lost,2024-08-29 00:00:00,KYC Pending
YESB27285988,Walk-in,In Progress,2024-08-20 00:00:00,KYC Pending
YESB54708843,Walk-in,Converted,2024-02-09 00:00:00,KYC Pending
YESB23669202,Digital Campaign,Converted,2024-10-30 00:00:00,Interested in HL
YESB64636073,Digital Campaign,Converted,2024-07-29 00:00:00,Wait for salary credit
YESB53564495,Referral,In Progress,2024-01-14 00:00:00,Interested in HL
YESB20068188,Walk-in,Converted,2024-10-04 00:00:00,KYC Pending
YESB70596271,Digital Campaign,In Progress,2024-11-08 00:00:00,Interested in HL
YESB40485564,Digital Campaign,Converted,2024-05-02 00:00:00,Wait for salary credit
YESB94457789,Referral,Converted,2024-06-16 00:00:00,KYC Pending
YESB17134806,Referral,Converted,2024-08-05 00:00:00,Wait for salary credit
YESB45363705,Referral,Lost,2024-03-12 00:00:00,Called for FD
YESB62247801,Referral,Converted,2024-04-17 00:00:00,KYC Pending
YESB74256328,Referral,Converted,2024-08-22 00:00:00,KYC Pending
YESB10351388,Walk-in,In Progress,2024-06-25 00:00:00,Called for FD
YESB23745075,Walk-in,In Progress,2024-06-05 00:00:00,Interested in HL
YESB19469639,Walk-in,Lost,2024-03-15 00:00:00,Wait for salary credit
YESB14909628,Walk-in,In Progress,2024-07-20 00:00:00,Interested in HL
YESB49840953,Referral,Converted,2024-03-04 00:00:00,Called for FD
YESB47695603,Referral,Lost,2024-09-23 00:00:00,Interested in HL
YESB28969716,Referral,In Progress,2024-12-01 00:00:00,Interested in HL
YESB28532725,Walk-in,Converted,2024-12-13 00:00:00,Wait for salary credit
YESB14675814,Walk-in,In Progress,2024-07-20 00:00:00,Interested in HL
YESB72894363,Walk-in,Lost,2024-05-01 00:00:00,KYC Pending
YESB14167707,Digital Campaign,In Progress,2024-09-22 00:00:00,KYC Pending
YESB36735010,Digital Campaign,Converted,2024-01-04 00:00:00,KYC Pending
YESB73974875,Digital Campaign,In Progress,2024-05-12 00:00:00,KYC Pending
YESB52572418,Digital Campaign,Lost,2024-09-21 00:00:00,Called for FD
YESB74628115,Walk-in,Converted,2024-07-22 00:00:00,Interested in HL
YESB38148305,Walk-in,In Progress,2024-02-12 00:00:00,Interested in HL
YESB73936933,Digital Campaign,Converted,2024-08-04 00:00:00,Called for FD
YESB45865237,Digital Campaign,In Progress,2024-02-10 00:00:00,Interested in HL
YESB68861541,Walk-in,In Progress,2024-08-02 00:00:00,Wait for salary credit
YESB73699720,Digital Campaign,Lost,2024-05-22 00:00:00,Called for FD
YESB61655151,Walk-in,Lost,2024-09-25 00:00:00,Called for FD
YESB44247772,Digital Campaign,Lost,2024-12-17 00:00:00,Wait for salary credit
YESB40464214,Walk-in,Converted,2024-07-21 00:00:00,Interested in HL
YESB55947191,Referral,Converted,2024-06-24 00:00:00,KYC Pending
YESB56602452,Digital Campaign,Lost,2024-06-20 00:00:00,Interested in HL
YESB58378602,Referral,Converted,2024-02-09 00:00:00,Called for FD
YESB99105559,Referral,Lost,2024-07-06 00:00:00,KYC Pending
YESB77429877,Referral,Converted,2024-06-19 00:00:00,KYC Pending
YESB26871221,Walk-in,Lost,2024-12-27 00:00:00,KYC Pending
YESB91924150,Referral,Lost,2024-04-25 00:00:00,Called for FD
YESB15016117,Referral,Converted,2024-06-03 00:00:00,Called for FD
YESB37328277,Referral,Lost,2024-10-13 00:00:00,KYC Pending
YESB68058230,Digital Campaign,Lost,2024-06-12 00:00:00,Interested in HL
YESB81177571,Walk-in,Lost,2024-04-28 00:00:00,Called for FD
YESB71631777,Digital Campaign,Lost,2024-12-19 00:00:00,Wait for salary credit
YESB87193027,Walk-in,In Progress,2024-07-10 00:00:00,Called for FD
YESB20947127,Referral,In Progress,2024-02-27 00:00:00,Called for FD
YESB89758734,Digital Campaign,Lost,2024-07-16 00:00:00,Called for FD
YESB16165224,Referral,In Progress,2024-07-10 00:00:00,Called for FD
YESB19945430,Walk-in,Lost,2024-10-04 00:00:00,KYC Pending
YESB20298188,Digital Campaign,Converted,2024-08-07 00:00:00,KYC Pending
YESB29854583,Digital Campaign,In Progress,2024-05-01 00:00:00,Wait for salary credit
YESB19856099,Digital Campaign,Converted,2024-07-08 00:00:00,Interested in HL
YESB44722549,Digital Campaign,In Progress,2024-02-25 00:00:00,KYC Pending
YESB34422320,Referral,Converted,2024-07-26 00:00:00,Interested in HL
YESB53702317,Walk-in,Lost,2024-06-04 00:00:00,Wait for salary credit
YESB43330583,Digital Campaign,In Progress,2024-04-25 00:00:00,Called for FD
YESB49969717,Walk-in,In Progress,2024-10-11 00:00:00,Interested in HL
YESB65604025,Walk-in,Lost,2024-01-09 00:00:00,Wait for salary credit
YESB37765958,Walk-in,In Progress,2024-01-17 00:00:00,Wait for salary credit
YESB52044617,Referral,Lost,2024-06-27 00:00:00,KYC Pending
YESB92315128,Digital Campaign,Lost,2024-11-25 00:00:00,Called for FD
YESB61057266,Digital Campaign,Lost,2024-09-25 00:00:00,Interested in HL
YESB30038881,Referral,Converted,2024-07-24 00:00:00,KYC Pending
YESB28789268,Referral,In Progress,2024-05-10 00:00:00,KYC Pending
YESB38865416,Walk-in,In Progress,2024-06-09 00:00:00,Interested in HL
YESB15779321,Referral,Lost,2024-02-22 00:00:00,Interested in HL
YESB13179766,Walk-in,Lost,2024-02-28 00:00:00,Wait for salary credit
YESB82446035,Walk-in,In Progress,2024-08-16 00:00:00,Called for FD
YESB43689187,Digital Campaign,Lost,2024-08-17 00:00:00,Wait for salary credit
YESB79177679,Digital Campaign,In Progress,2024-07-08 00:00:00,Wait for salary credit
YESB34458995,Referral,Converted,2024-10-25 00:00:00,Called for FD
YESB55890745,Walk-in,Lost,2024-09-22 00:00:00,Wait for salary credit
YESB91751122,Digital Campaign,Converted,2024-01-30 00:00:00,KYC Pending
YESB24687412,Referral,In Progress,2024-07-23 00:00:00,KYC Pending
YESB25228841,Digital Campaign,Lost,2024-11-20 00:00:00,Wait for salary credit
YESB71727305,Digital Campaign,Lost,2024-10-02 00:00:00,KYC Pending
YESB83527288,Referral,In Progress,2024-07-25 00:00:00,Interested in HL
YESB95623581,Walk-in,Lost,2024-01-01 00:00:00,Interested in HL
YESB23107039,Digital Campaign,Converted,2024-12-10 00:00:00,KYC Pending
YESB32448743,Referral,Lost,2024-12-25 00:00:00,KYC Pending
YESB49253056,Walk-in,Converted,2024-11-16 00:00:00,Interested in HL
YESB91012475,Referral,Converted,2024-12-18 00:00:00,Interested in HL
YESB44206649,Walk-in,In Progress,2024-03-20 00:00:00,Called for FD
YESB39477777,Digital Campaign,In Progress,2024-06-14 00:00:00,Interested in HL
YESB12359914,Walk-in,In Progress,2024-02-17 00:00:00,Interested in HL
YESB56864753,Digital Campaign,Lost,2024-05-03 00:00:00,KYC Pending
YESB59948247,Walk-in,Converted,2024-06-18 00:00:00,Wait for salary credit
YESB59170762,Walk-in,Lost,2024-07-31 00:00:00,Interested in HL
YESB47186622,Walk-in,Converted,2024-09-17 00:00:00,KYC Pending
YESB14884133,Walk-in,Converted,2024-10-30 00:00:00,Wait for salary credit
YESB97728718,Digital Campaign,In Progress,2024-09-03 00:00:00,Called for FD
YESB31177522,Digital Campaign,Converted,2024-06-04 00:00:00,Called for FD
YESB64617778,Referral,Converted,2024-06-01 00:00:00,KYC Pending
YESB55674249,Walk-in,Lost,2024-07-04 00:00:00,KYC Pending
YESB36886866,Walk-in,Converted,2024-03-29 00:00:00,Called for FD
YESB40978863,Digital Campaign,Lost,2024-08-05 00:00:00,Wait for salary credit
YESB30405393,Walk-in,In Progress,2024-07-11 00:00:00,Interested in HL
YESB98240760,Walk-in,Converted,2024-02-28 00:00:00,Interested in HL
YESB48116041,Walk-in,In Progress,2024-12-29 00:00:00,Interested in HL
YESB94418147,Walk-in,In Progress,2024-07-23 00:00:00,Interested in HL
YESB97222917,Walk-in,Lost,2024-05-26 00:00:00,KYC Pending
YESB33942761,Walk-in,In Progress,2024-10-15 00:00:00,Interested in HL
YESB16156989,Digital Campaign,Lost,2024-03-31 00:00:00,Called for FD
YESB58702982,Referral,Lost,2024-06-11 00:00:00,Called for FD
YESB83218786,Walk-in,Converted,2024-12-10 00:00:00,KYC Pending
YESB79746247,Digital Campaign,In Progress,2024-02-02 00:00:00,Called for FD
YESB19879045,Digital Campaign,In Progress,2024-03-12 00:00:00,Interested in HL
YESB61469002,Digital Campaign,Converted,2024-01-03 00:00:00,KYC Pending
YESB36694713,Digital Campaign,Lost,2024-08-28 00:00:00,Interested in HL
YESB98722315,Walk-in,Lost,2024-10-24 00:00:00,Interested in HL
YESB56843582,Walk-in,In Progress,2024-12-04 00:00:00,Wait for salary credit
YESB12443599,Digital Campaign,Converted,2024-08-08 00:00:00,Interested in HL
YESB37459335,Digital Campaign,Lost,2024-03-30 00:00:00,Wait for salary credit
YESB19138294,Digital Campaign,Lost,2024-07-18 00:00:00,KYC Pending
YESB74238672,Walk-in,Converted,2024-01-03 00:00:00,KYC Pending
YESB66274073,Referral,Converted,2024-11-03 00:00:00,KYC Pending
YESB32788913,Digital Campaign,In Progress,2024-11-22 00:00:00,Called for FD
YESB89202784,Referral,Lost,2024-12-27 00:00:00,Interested in HL
YESB62429007,Digital Campaign,In Progress,2024-04-15 00:00:00,KYC Pending
YESB93876552,Digital Campaign,In Progress,2024-09-23 00:00:00,Wait for salary credit
YESB98213137,Referral,Lost,2024-07-13 00:00:00,Called for FD
YESB30606405,Referral,In Progress,2024-10-30 00:00:00,Interested in HL
YESB76391300,Referral,Converted,2024-01-29 00:00:00,Called for FD
YESB78147011,Digital Campaign,Converted,2024-02-02 00:00:00,Wait for salary credit
YESB45387105,Walk-in,Lost,2024-12-14 00:00:00,KYC Pending
YESB98401687,Referral,Converted,2024-04-06 00:00:00,Called for FD
YESB82590086,Referral,In Progress,2024-06-15 00:00:00,KYC Pending
YESB51977470,Walk-in,Converted,2024-01-30 00:00:00,KYC Pending
YESB50610338,Referral,Converted,2024-12-21 00:00:00,Wait for salary credit
YESB69075007,Referral,In Progress,2024-11-08 00:00:00,Called for FD
YESB53222614,Referral,In Progress,2024-12-23 00:00:00,Wait for salary credit
YESB51830714,Walk-in,In Progress,2024-08-27 00:00:00,Interested in HL
YESB71904404,Digital Campaign,Lost,2024-03-06 00:00:00,Called for FD
YESB28358029,Digital Campaign,In Progress,2024-12-23 00:00:00,Wait for salary credit
YESB17163636,Digital Campaign,Lost,2024-08-23 00:00:00,KYC Pending
YESB90362555,Digital Campaign,In Progress,2024-02-08 00:00:00,Wait for salary credit
YESB21338700,Walk-in,In Progress,2024-10-16 00:00:00,Wait for salary credit
YESB80867282,Referral,In Progress,2024-08-21 00:00:00,KYC Pending
YESB40571239,Referral,In Progress,2024-02-06 00:00:00,KYC Pending
YESB80043201,Walk-in,Converted,2024-01-25 00:00:00,Wait for salary credit
YESB96510892,Digital Campaign,In Progress,2024-12-29 00:00:00,KYC Pending
YESB34197535,Walk-in,Converted,2024-02-07 00:00:00,Called for FD
YESB91188937,Digital Campaign,In Progress,2024-10-27 00:00:00,KYC Pending
YESB65394009,Walk-in,Lost,2024-10-03 00:00:00,Interested in HL
YESB87173031,Walk-in,Converted,2024-08-04 00:00:00,Called for FD
YESB45361537,Digital Campaign,Lost,2024-04-23 00:00:00,Called for FD
YESB17128582,Digital Campaign,In Progress,2024-05-06 00:00:00,Wait for salary credit
YESB49501333,Walk-in,Converted,2024-06-04 00:00:00,Interested in HL
YESB85159757,Walk-in,Lost,2024-10-31 00:00:00,Wait for salary credit
YESB31034964,Referral,Lost,2024-11-24 00:00:00,Wait for salary credit
YESB42712277,Digital Campaign,Converted,2024-09-27 00:00:00,Called for FD
YESB49717481,Referral,Converted,2024-12-04 00:00:00,Called for FD
YESB71305347,Digital Campaign,In Progress,2024-01-10 00:00:00,Interested in HL
YESB88466222,Digital Campaign,In Progress,2024-01-06 00:00:00,Wait for salary credit
YESB36321835,Referral,Lost,2024-09-10 00:00:00,Wait for salary credit
YESB26740077,Walk-in,Converted,2024-04-06 00:00:00,KYC Pending
YESB58699391,Digital Campaign,In Progress,2024-02-03 00:00:00,Called for FD
YESB16114052,Digital Campaign,In Progress,2024-01-14 00:00:00,Called for FD
YESB76297977,Digital Campaign,In Progress,2024-12-18 00:00:00,Called for FD
YESB85364390,Walk-in,In Progress,2024-11-05 00:00:00,KYC Pending
YESB76524614,Digital Campaign,In Progress,2024-09-22 00:00:00,Wait for salary credit
YESB38454856,Digital Campaign,In Progress,2024-06-14 00:00:00,KYC Pending
YESB18546374,Walk-in,In Progress,2024-05-29 00:00:00,KYC Pending
YESB21961748,Digital Campaign,Lost,2024-08-05 00:00:00,Interested in HL
YESB50957173,Referral,Converted,2024-05-20 00:00:00,Interested in HL
YESB46692185,Digital Campaign,Lost,2024-02-08 00:00:00,KYC Pending
YESB51243793,Walk-in,Converted,2024-02-01 00:00:00,Wait for salary credit
YESB60339333,Referral,Converted,2024-12-19 00:00:00,Wait for salary credit
YESB57256554,Walk-in,Converted,2024-12-05 00:00:00,KYC Pending
YESB36214421,Referral,In Progress,2024-11-24 00:00:00,Called for FD
YESB82612360,Walk-in,In Progress,2024-02-02 00:00:00,Called for FD
YESB75961432,Walk-in,Converted,2024-12-01 00:00:00,Called for FD
YESB28003849,Referral,In Progress,2024-11-25 00:00:00,Called for FD
YESB92310625,Referral,Lost,2024-05-07 00:00:00,Wait for salary credit
YESB99337959,Walk-in,Converted,2024-11-02 00:00:00,KYC Pending
YESB26882529,Walk-in,Converted,2024-01-30 00:00:00,Wait for salary credit
YESB23234412,Digital Campaign,Lost,2024-09-29 00:00:00,Interested in HL
YESB20246096,Digital Campaign,Lost,2024-12-30 00:00:00,KYC Pending
YESB59584634,Walk-in,Lost,2024-06-02 00:00:00,Interested in HL
YESB62602793,Referral,Lost,2024-08-15 00:00:00,Wait for salary credit
YESB73021670,Referral,Converted,2024-10-08 00:00:00,Interested in HL
YESB61703180,Walk-in,Converted,2024-11-01 00:00:00,Called for FD
YESB20180284,Digital Campaign,Converted,2024-02-03 00:00:00,KYC Pending
YESB34939806,Walk-in,In Progress,2024-12-21 00:00:00,Interested in HL
YESB70115403,Walk-in,Converted,2024-09-20 00:00:00,Called for FD
YESB95610208,Walk-in,Converted,2024-12-05 00:00:00,Interested in HL
YESB18623217,Walk-in,Converted,2024-04-24 00:00:00,KYC Pending
YESB29223731,Digital Campaign,Lost,2024-11-29 00:00:00,KYC Pending
YESB12570530,Referral,Converted,2024-10-17 00:00:00,Wait for salary credit
YESB35161266,Digital Campaign,Converted,2024-01-25 00:00:00,Interested in HL
YESB21388549,Referral,In Progress,2024-04-19 00:00:00,Wait for salary credit
YESB32713847,Walk-in,Converted,2024-10-21 00:00:00,KYC Pending
YESB39250514,Digital Campaign,Converted,2024-11-25 00:00:00,Interested in HL
YESB41302978,Digital Campaign,Lost,2024-04-07 00:00:00,KYC Pending
YESB11157241,Digital Campaign,Lost,2024-10-01 00:00:00,Interested in HL
YESB18490527,Walk-in,Lost,2024-09-22 00:00:00,Wait for salary credit
YESB46248868,Digital Campaign,Converted,2024-03-11 00:00:00,Interested in HL
YESB21927226,Referral,In Progress,2024-10-19 00:00:00,Interested in HL
YESB52319521,Referral,Converted,2024-01-26 00:00:00,Interested in HL
YESB76938451,Referral,Converted,2024-12-21 00:00:00,KYC Pending
YESB57130240,Digital Campaign,Lost,2024-03-10 00:00:00,Wait for salary credit
YESB58839397,Referral,Lost,2024-04-17 00:00:00,Interested in HL
YESB19769572,Digital Campaign,Lost,2024-09-21 00:00:00,KYC Pending
YESB33232199,Digital Campaign,In Progress,2024-03-06 00:00:00,Interested in HL
YESB93976204,Digital Campaign,Lost,2024-07-26 00:00:00,Interested in HL
YESB24493018,Digital Campaign,Converted,2024-03-12 00:00:00,Interested in HL
YESB62972531,Walk-in,Converted,2024-12-03 00:00:00,Interested in HL
YESB46616520,Digital Campaign,In Progress,2024-03-06 00:00:00,Called for FD
YESB36214421,Digital Campaign,In Progress,2024-10-17 00:00:00,KYC Pending
YESB35799033,Digital Campaign,In Progress,2024-01-08 00:00:00,KYC Pending
YESB48901838,Digital Campaign,In Progress,2024-01-02 00:00:00,Wait for salary credit
YESB96955852,Referral,Lost,2024-01-27 00:00:00,Wait for salary credit
YESB63884473,Digital Campaign,Converted,2024-05-09 00:00:00,KYC Pending
YESB33566607,Digital Campaign,Lost,2024-08-14 00:00:00,Called for FD
YESB68683325,Referral,Converted,2024-03-01 00:00:00,KYC Pending
YESB79358588,Walk-in,Lost,2024-04-13 00:00:00,Wait for salary credit
YESB32876199,Digital Campaign,Lost,2024-11-09 00:00:00,Wait for salary credit
YESB45141041,Digital Campaign,Converted,2024-12-17 00:00:00,KYC Pending
YESB48048185,Walk-in,Lost,2024-02-04 00:00:00,Called for FD
YESB53703646,Walk-in,Converted,2024-05-04 00:00:00,Wait for salary credit
YESB90298747,Digital Campaign,Converted,2024-07-28 00:00:00,Interested in HL
YESB71193223,Walk-in,In Progress,2024-11-05 00:00:00,Interested in HL
YESB69699076,Walk-in,In Progress,2024-10-31 00:00:00,Interested in HL
YESB62183014,Referral,Lost,2024-12-16 00:00:00,Wait for salary credit
YESB27517630,Walk-in,Converted,2024-08-18 00:00:00,Called for FD
YESB34008215,Referral,Lost,2024-08-30 00:00:00,Wait for salary credit
YESB53591506,Walk-in,Converted,2024-04-15 00:00:00,Wait for salary credit
YESB35026216,Referral,In Progress,2024-04-27 00:00:00,KYC Pending
YESB76149508,Walk-in,In Progress,2024-04-12 00:00:00,Wait for salary credit
YESB64107856,Walk-in,Converted,2024-03-28 00:00:00,Interested in HL
YESB79763414,Walk-in,Converted,2024-01-16 00:00:00,Wait for salary credit
YESB89804035,Walk-in,In Progress,2024-07-05 00:00:00,Wait for salary credit
YESB56587509,Walk-in,In Progress,2024-02-18 00:00:00,Wait for salary credit
YESB93281226,Digital Campaign,In Progress,2024-12-05 00:00:00,Wait for salary credit
YESB56679021,Referral,Lost,2024-10-07 00:00:00,Interested in HL
YESB31999884,Referral,Lost,2024-06-28 00:00:00,Called for FD
YESB53933890,Digital Campaign,Converted,2024-08-05 00:00:00,Interested in HL
YESB38962505,Referral,Lost,2024-12-28 00:00:00,Wait for salary credit
YESB90439279,Digital Campaign,Lost,2024-03-13 00:00:00,Interested in HL
YESB85665143,Referral,In Progress,2024-02-27 00:00:00,Interested in HL
YESB74985350,Referral,In Progress,2024-01-24 00:00:00,Interested in HL
YESB11745291,Digital Campaign,Lost,2024-01-04 00:00:00,Interested in HL
YESB93499437,Digital Campaign,Lost,2024-02-11 00:00:00,Interested in HL
YESB33900393,Digital Campaign,Lost,2024-08-16 00:00:00,Called for FD
YESB22417395,Walk-in,Converted,2024-10-27 00:00:00,Wait for salary credit
YESB17798379,Referral,In Progress,2024-10-19 00:00:00,Called for FD
YESB41006922,Referral,In Progress,2024-05-26 00:00:00,Called for FD
YESB86723027,Digital Campaign,Converted,2024-05-15 00:00:00,Called for FD
YESB94902158,Referral,Converted,2024-10-24 00:00:00,KYC Pending
YESB28839897,Digital Campaign,Lost,2024-08-18 00:00:00,KYC Pending
YESB69424455,Digital Campaign,In Progress,2024-05-07 00:00:00,Interested in HL
YESB94085931,Digital Campaign,In Progress,2024-05-07 00:00:00,Called for FD
YESB37940554,Walk-in,Converted,2024-10-23 00:00:00,Interested in HL
YESB38681844,Referral,Converted,2024-12-14 00:00:00,Called for FD
YESB26790414,Walk-in,In Progress,2024-05-05 00:00:00,Wait for salary credit
YESB90861204,Referral,In Progress,2024-10-27 00:00:00,Wait for salary credit
YESB65306929,Walk-in,In Progress,2024-05-28 00:00:00,KYC Pending
YESB36627648,Digital Campaign,Converted,2024-01-11 00:00:00,Called for FD
YESB41215509,Walk-in,Converted,2024-10-21 00:00:00,Interested in HL
YESB41908864,Walk-in,Lost,2024-01-16 00:00:00,KYC Pending
YESB81764915,Digital Campaign,Converted,2024-11-17 00:00:00,Interested in HL
YESB87749784,Referral,In Progress,2024-11-25 00:00:00,KYC Pending
YESB37133936,Referral,Lost,2024-04-10 00:00:00,Wait for salary credit
YESB84896370,Walk-in,Converted,2024-06-27 00:00:00,Interested in HL
YESB68555199,Walk-in,Converted,2024-05-14 00:00:00,Wait for salary credit
YESB25166827,Walk-in,Lost,2024-10-29 00:00:00,Called for FD
YESB21872727,Walk-in,In Progress,2024-03-29 00:00:00,Called for FD
YESB77578567,Referral,Converted,2024-09-29 00:00:00,Wait for salary credit
YESB71603358,Walk-in,Lost,2024-09-22 00:00:00,KYC Pending
YESB24243767,Walk-in,In Progress,2024-12-17 00:00:00,Wait for salary credit
YESB63472044,Walk-in,Converted,2024-09-12 00:00:00,Wait for salary credit
YESB83584684,Digital Campaign,Converted,2024-11-07 00:00:00,Wait for salary credit
YESB23809422,Walk-in,Lost,2024-01-19 00:00:00,Interested in HL
YESB39565694,Digital Campaign,In Progress,2024-03-31 00:00:00,Wait for salary credit
YESB24956043,Walk-in,Converted,2024-08-11 00:00:00,Called for FD
YESB45038923,Walk-in,Lost,2024-01-05 00:00:00,KYC Pending
YESB84897253,Digital Campaign,Lost,2024-10-20 00:00:00,Called for FD
YESB89705139,Walk-in,In Progress,2024-07-01 00:00:00,KYC Pending
YESB10416897,Referral,Lost,2024-08-23 00:00:00,Wait for salary credit
YESB25734736,Walk-in,Converted,2024-12-02 00:00:00,KYC Pending
YESB86279317,Digital Campaign,In Progress,2024-01-27 00:00:00,Interested in HL
YESB50104504,Digital Campaign,In Progress,2024-12-07 00:00:00,Called for FD
YESB31825286,Referral,Converted,2024-11-29 00:00:00,KYC Pending
YESB45776301,Referral,Converted,2024-08-21 00:00:00,KYC Pending
YESB40925383,Referral,Lost,2024-05-27 00:00:00,Interested in HL
YESB32933760,Walk-in,Lost,2024-03-20 00:00:00,KYC Pending
YESB57461175,Digital Campaign,Lost,2024-10-21 00:00:00,Interested in HL
YESB54494875,Referral,In Progress,2024-03-23 00:00:00,KYC Pending
YESB39742947,Referral,Converted,2024-02-15 00:00:00,Called for FD
YESB64183435,Walk-in,Lost,2024-11-29 00:00:00,Called for FD
YESB61986258,Referral,Lost,2024-04-06 00:00:00,Called for FD
YESB31079526,Digital Campaign,Converted,2024-12-28 00:00:00,Wait for salary credit
YESB21630100,Walk-in,In Progress,2024-08-31 00:00:00,Called for FD
YESB95992035,Referral,In Progress,2024-01-14 00:00:00,Interested in HL
YESB15299586,Digital Campaign,Lost,2024-08-01 00:00:00,Interested in HL
YESB79681190,Walk-in,Lost,2024-11-30 00:00:00,KYC Pending
YESB72725796,Referral,In Progress,2024-11-02 00:00:00,KYC Pending
YESB60668982,Digital Campaign,In Progress,2024-01-12 00:00:00,Wait for salary credit
YESB77223210,Referral,Converted,2024-05-19 00:00:00,Wait for salary credit
YESB69199673,Referral,Lost,2024-04-19 00:00:00,Wait for salary credit
YESB26607711,Walk-in,Lost,2024-08-13 00:00:00,KYC Pending
YESB65006064,Referral,Lost,2024-03-15 00:00:00,Wait for salary credit
YESB78908962,Walk-in,In Progress,2024-03-26 00:00:00,Wait for salary credit
YESB42174561,Referral,Lost,2024-04-17 00:00:00,Interested in HL
YESB66492057,Walk-in,Converted,2024-01-29 00:00:00,Called for FD
YESB61774587,Walk-in,Converted,2024-05-18 00:00:00,Called for FD
YESB46842835,Walk-in,Converted,2024-02-07 00:00:00,KYC Pending
YESB51941982,Referral,Converted,2024-05-06 00:00:00,Interested in HL
YESB80634689,Walk-in,Lost,2024-12-22 00:00:00,Called for FD
YESB77492083,Digital Campaign,Lost,2024-10-21 00:00:00,Interested in HL
YESB60992875,Walk-in,Converted,2024-06-06 00:00:00,Called for FD
YESB89003767,Digital Campaign,Lost,2024-11-05 00:00:00,Interested in HL
YESB29437120,Walk-in,In Progress,2024-08-26 00:00:00,KYC Pending
YESB88528546,Referral,Converted,2024-11-18 00:00:00,Called for FD
YESB50367441,Digital Campaign,Converted,2024-12-06 00:00:00,Interested in HL
YESB14361901,Referral,In Progress,2024-10-07 00:00:00,Interested in HL
YESB43524737,Referral,In Progress,2024-10-29 00:00:00,Interested in HL
YESB98409793,Walk-in,Converted,2024-03-27 00:00:00,Wait for salary credit
YESB43934354,Digital Campaign,In Progress,2024-02-15 00:00:00,Interested in HL
YESB92411644,Referral,In Progress,2024-03-31 00:00:00,Wait for salary credit
YESB46370551,Walk-in,Converted,2024-11-10 00:00:00,Wait for salary credit
YESB26249604,Walk-in,Lost,2024-06-21 00:00:00,Wait for salary credit
YESB76123424,Digital Campaign,Converted,2024-02-02 00:00:00,KYC Pending
YESB51073783,Referral,Lost,2024-09-28 00:00:00,Wait for salary credit
YESB73103755,Walk-in,Converted,2024-03-24 00:00:00,Wait for salary credit
YESB79154951,Walk-in,Converted,2024-01-22 00:00:00,Called for FD
YESB55205183,Walk-in,Lost,2024-02-01 00:00:00,KYC Pending
YESB90064826,Walk-in,Converted,2024-11-20 00:00:00,KYC Pending
YESB91481401,Digital Campaign,In Progress,2024-10-29 00:00:00,Called for FD
YESB52617381,Digital Campaign,In Progress,2024-05-16 00:00:00,Called for FD
YESB27567100,Digital Campaign,Lost,2024-08-10 00:00:00,Wait for salary credit
YESB26839797,Referral,Converted,2024-01-28 00:00:00,Interested in HL
YESB66974408,Walk-in,In Progress,2024-12-04 00:00:00,KYC Pending
YESB27438317,Referral,In Progress,2024-07-16 00:00:00,Wait for salary credit
YESB22940050,Walk-in,In Progress,2024-01-23 00:00:00,Wait for salary credit
YESB42057380,Digital Campaign,In Progress,2024-06-14 00:00:00,Wait for salary credit
YESB18864360,Walk-in,Converted,2024-08-12 00:00:00,Called for FD
YESB11395359,Referral,Converted,2024-08-15 00:00:00,Wait for salary credit
YESB48582146,Referral,Lost,2024-04-11 00:00:00,Wait for salary credit
YESB63491712,Walk-in,Converted,2024-05-05 00:00:00,Called for FD
YESB58723453,Digital Campaign,In Progress,2024-10-02 00:00:00,Called for FD
YESB52825750,Walk-in,Converted,2024-04-07 00:00:00,KYC Pending
YESB82509244,Referral,Lost,2024-02-18 00:00:00,KYC Pending
YESB82894895,Digital Campaign,In Progress,2024-07-03 00:00:00,Interested in HL
YESB99519009,Referral,In Progress,2024-02-29 00:00:00,Called for FD
YESB43978172,Walk-in,Converted,2024-11-30 00:00:00,KYC Pending
YESB56358518,Walk-in,In Progress,2024-12-05 00:00:00,KYC Pending
YESB24250190,Digital Campaign,Lost,2024-12-29 00:00:00,Called for FD
YESB59832844,Walk-in,Converted,2024-01-28 00:00:00,Called for FD
YESB50745024,Digital Campaign,Lost,2024-12-12 00:00:00,Interested in HL
YESB78621421,Walk-in,Lost,2024-01-12 00:00:00,Called for FD
YESB93311466,Digital Campaign,Lost,2024-03-10 00:00:00,KYC Pending
YESB74948666,Digital Campaign,Lost,2024-02-07 00:00:00,Wait for salary credit
YESB92302925,Walk-in,Lost,2024-04-05 00:00:00,KYC Pending
YESB11761905,Walk-in,Lost,2024-12-17 00:00:00,Called for FD
YESB80963222,Digital Campaign,In Progress,2024-02-13 00:00:00,Called for FD
YESB95923423,Walk-in,Lost,2024-07-06 00:00:00,Interested in HL
YESB44293028,Referral,Lost,2024-10-20 00:00:00,KYC Pending
YESB16335908,Walk-in,In Progress,2024-06-19 00:00:00,KYC Pending
YESB64416912,Referral,In Progress,2024-09-29 00:00:00,Interested in HL
YESB99096250,Digital Campaign,Converted,2024-07-05 00:00:00,Wait for salary credit
YESB78795428,Referral,Converted,2024-12-01 00:00:00,Wait for salary credit
YESB14936969,Referral,In Progress,2024-04-26 00:00:00,KYC Pending
YESB60636983,Walk-in,Lost,2024-12-17 00:00:00,Called for FD
YESB45649235,Walk-in,Converted,2024-07-08 00:00:00,Interested in HL
YESB45586263,Digital Campaign,Converted,2024-01-20 00:00:00,Wait for salary credit
YESB34864490,Referral,In Progress,2024-10-22 00:00:00,Interested in HL
YESB40294346,Digital Campaign,Converted,2024-09-13 00:00:00,KYC Pending
YESB51076074,Digital Campaign,Lost,2024-08-02 00:00:00,KYC Pending
YESB63684980,Digital Campaign,Converted,2024-02-02 00:00:00,Interested in HL
YESB95192909,Walk-in,Lost,2024-09-20 00:00:00,Wait for salary credit
YESB27325402,Referral,In Progress,2024-07-03 00:00:00,KYC Pending
YESB43638743,Walk-in,In Progress,2024-08-29 00:00:00,Called for FD
YESB89562312,Digital Campaign,Lost,2024-03-25 00:00:00,Wait for salary credit
YESB40235293,Referral,In Progress,2024-03-17 00:00:00,Interested in HL
YESB17163636,Walk-in,Lost,2024-08-20 00:00:00,Wait for salary credit
YESB39534498,Walk-in,In Progress,2024-08-24 00:00:00,KYC Pending
YESB20998471,Referral,Converted,2024-05-27 00:00:00,KYC Pending
YESB93678798,Digital Campaign,Converted,2024-07-30 00:00:00,Called for FD
YESB86965681,Walk-in,Converted,2024-02-08 00:00:00,Called for FD
YESB69979782,Referral,Converted,2024-11-30 00:00:00,Called for FD
YESB53107559,Referral,In Progress,2024-10-15 00:00:00,KYC Pending
YESB23392239,Referral,Lost,2024-06-24 00:00:00,Called for FD
YESB16520313,Digital Campaign,Lost,2024-04-08 00:00:00,KYC Pending
YESB49337765,Referral,Lost,2024-05-27 00:00:00,Called for FD
YESB59237166,Referral,Converted,2024-03-11 00:00:00,Interested in HL
YESB26065468,Walk-in,Lost,2024-04-22 00:00:00,Called for FD
YESB52594758,Referral,Lost,2024-12-28 00:00:00,KYC Pending
YESB20660867,Digital Campaign,Converted,2024-03-22 00:00:00,KYC Pending
YESB32021564,Referral,Converted,2024-09-25 00:00:00,Called for FD
YESB48531551,Walk-in,Converted,2024-08-30 00:00:00,Wait for salary credit
YESB68862804,Walk-in,Converted,2024-06-19 00:00:00,Wait for salary credit
YESB25424167,Digital Campaign,Converted,2024-01-25 00:00:00,KYC Pending
YESB43718781,Referral,Lost,2024-01-15 00:00:00,Wait for salary credit
YESB86099368,Walk-in,Lost,2024-08-13 00:00:00,Called for FD
YESB67776250,Referral,Lost,2024-02-19 00:00:00,Wait for salary credit
YESB64638844,Walk-in,Lost,2024-12-22 00:00:00,Wait for salary credit
YESB97450599,Walk-in,Converted,2024-11-14 00:00:00,KYC Pending
YESB62435324,Walk-in,Converted,2024-12-02 00:00:00,KYC Pending
YESB15978528,Digital Campaign,In Progress,2024-12-19 00:00:00,Wait for salary credit
YESB22306146,Referral,Converted,2024-10-03 00:00:00,Called for FD
YESB98469331,Walk-in,In Progress,2024-08-23 00:00:00,Interested in HL
YESB89389236,Referral,In Progress,2024-08-16 00:00:00,Wait for salary credit
YESB32878253,Walk-in,Lost,2024-04-18 00:00:00,Interested in HL
YESB20763117,Walk-in,Lost,2024-01-27 00:00:00,Interested in HL
YESB37972739,Walk-in,Converted,2024-03-06 00:00:00,Called for FD
YESB24291934,Digital Campaign,Lost,2024-07-30 00:00:00,Interested in HL
YESB86576391,Walk-in,Lost,2024-09-10 00:00:00,Called for FD
YESB95358882,Referral,Converted,2024-12-30 00:00:00,Called for FD
YESB86770486,Referral,In Progress,2024-04-19 00:00:00,Interested in HL
YESB83158272,Walk-in,In Progress,2024-10-18 00:00:00,Interested in HL
YESB18469989,Walk-in,In Progress,2024-09-13 00:00:00,Wait for salary credit
YESB54768251,Walk-in,In Progress,2024-09-02 00:00:00,KYC Pending
YESB99162954,Referral,In Progress,2024-08-01 00:00:00,Interested in HL
YESB91165267,Walk-in,Lost,2024-01-10 00:00:00,Interested in HL
YESB68399052,Digital Campaign,Converted,2024-08-26 00:00:00,Interested in HL
YESB30080780,Referral,Lost,2024-02-07 00:00:00,Interested in HL
YESB33438734,Walk-in,In Progress,2024-08-04 00:00:00,Called for FD
YESB43109808,Referral,Lost,2024-02-11 00:00:00,Interested in HL
YESB25872008,Walk-in,In Progress,2024-11-22 00:00:00,KYC Pending
YESB32921221,Referral,Lost,2024-08-15 00:00:00,Called for FD
YESB47498016,Walk-in,In Progress,2024-01-16 00:00:00,Interested in HL
YESB98124346,Referral,Converted,2024-08-01 00:00:00,Interested in HL
YESB22992078,Digital Campaign,Lost,2024-11-15 00:00:00,Wait for salary credit
YESB56408747,Digital Campaign,In Progress,2024-07-08 00:00:00,Called for FD
YESB61550410,Referral,In Progress,2024-05-27 00:00:00,Called for FD
YESB68070926,Walk-in,Lost,2024-07-08 00:00:00,KYC Pending
YESB48059700,Walk-in,Converted,2024-12-21 00:00:00,KYC Pending
YESB48639968,Digital Campaign,Lost,2024-08-09 00:00:00,Called for FD
YESB90861032,Referral,In Progress,2024-04-01 00:00:00,Called for FD
YESB26896393,Referral,In Progress,2024-06-09 00:00:00,KYC Pending
YESB63627765,Digital Campaign,Lost,2024-07-06 00:00:00,KYC Pending
YESB61444612,Digital Campaign,In Progress,2024-04-28 00:00:00,KYC Pending
YESB87138080,Digital Campaign,In Progress,2024-05-13 00:00:00,Called for FD
YESB78904691,Walk-in,Converted,2024-11-21 00:00:00,Wait for salary credit
YESB96928760,Walk-in,In Progress,2024-10-10 00:00:00,KYC Pending
YESB72464637,Referral,Converted,2024-11-08 00:00:00,Interested in HL
YESB86693665,Walk-in,Lost,2024-07-19 00:00:00,Wait for salary credit
YESB53974323,Walk-in,In Progress,2024-08-30 00:00:00,Wait for salary credit
YESB86198752,Walk-in,Lost,2024-04-24 00:00:00,Interested in HL
YESB16167307,Digital Campaign,In Progress,2024-10-26 00:00:00,Called for FD
YESB12969870,Digital Campaign,In Progress,2024-04-23 00:00:00,KYC Pending
YESB81704435,Walk-in,Converted,2024-11-30 00:00:00,Interested in HL
YESB89678828,Walk-in,Lost,2024-01-15 00:00:00,Called for FD
YESB48289005,Referral,Lost,2024-04-12 00:00:00,KYC Pending
YESB86991893,Walk-in,Converted,2024-03-04 00:00:00,Wait for salary credit
YESB47788156,Referral,Lost,2024-03-12 00:00:00,Called for FD
YESB14938180,Digital Campaign,Converted,2024-07-29 00:00:00,KYC Pending
YESB54008882,Digital Campaign,Lost,2024-05-24 00:00:00,Interested in HL
YESB70682718,Referral,Converted,2024-08-16 00:00:00,KYC Pending
YESB56583776,Digital Campaign,Lost,2024-06-09 00:00:00,Wait for salary credit
YESB72045546,Digital Campaign,In Progress,2024-09-21 00:00:00,Interested in HL
YESB33863365,Walk-in,Lost,2024-09-17 00:00:00,KYC Pending
YESB82642602,Digital Campaign,Lost,2024-06-26 00:00:00,KYC Pending
YESB16234497,Digital Campaign,Lost,2024-06-30 00:00:00,KYC Pending
YESB13383695,Walk-in,In Progress,2024-05-17 00:00:00,Wait for salary credit
YESB30720360,Referral,In Progress,2024-01-04 00:00:00,KYC Pending
YESB55021311,Referral,Lost,2024-11-07 00:00:00,KYC Pending
YESB85142302,Walk-in,Lost,2024-10-29 00:00:00,Interested in HL
YESB70983533,Referral,Lost,2024-10-13 00:00:00,Interested in HL
YESB72538792,Referral,Converted,2024-08-11 00:00:00,Called for FD
YESB83814881,Digital Campaign,In Progress,2024-03-21 00:00:00,KYC Pending
YESB25088493,Walk-in,Lost,2024-04-02 00:00:00,Interested in HL
YESB13739322,Digital Campaign,Lost,2024-07-04 00:00:00,Interested in HL
YESB58932102,Referral,Converted,2024-11-30 00:00:00,Wait for salary credit
YESB91635733,Referral,In Progress,2024-10-09 00:00:00,Wait for salary credit
YESB11749719,Walk-in,Converted,2024-04-10 00:00:00,Called for FD
YESB81350262,Walk-in,In Progress,2024-06-09 00:00:00,Called for FD
YESB57494989,Walk-in,Converted,2024-06-12 00:00:00,KYC Pending
YESB40474321,Referral,In Progress,2024-08-27 00:00:00,Called for FD
YESB68619420,Walk-in,Lost,2024-08-19 00:00:00,Wait for salary credit
YESB33806794,Digital Campaign,In Progress,2024-10-25 00:00:00,Wait for salary credit
YESB18804290,Walk-in,Converted,2024-07-03 00:00:00,Called for FD
YESB54328350,Digital Campaign,Lost,2024-08-02 00:00:00,KYC Pending
YESB78131212,Walk-in,Converted,2024-07-27 00:00:00,Interested in HL
YESB17557109,Walk-in,In Progress,2024-08-31 00:00:00,Interested in HL
YESB15305868,Walk-in,Lost,2024-08-26 00:00:00,KYC Pending
YESB85137151,Digital Campaign,In Progress,2024-03-07 00:00:00,Interested in HL
YESB93625507,Digital Campaign,In Progress,2024-06-02 00:00:00,Called for FD
YESB47600752,Referral,Converted,2024-12-25 00:00:00,Wait for salary credit
YESB19115844,Digital Campaign,Converted,2024-11-25 00:00:00,KYC Pending
YESB22268525,Digital Campaign,Lost,2024-04-22 00:00:00,Called for FD
YESB94623499,Referral,In Progress,2024-09-07 00:00:00,Called for FD
YESB82362908,Referral,Lost,2024-05-13 00:00:00,Interested in HL
YESB66016999,Walk-in,In Progress,2024-02-24 00:00:00,KYC Pending
YESB33508713,Digital Campaign,Converted,2024-10-15 00:00:00,KYC Pending
YESB51263540,Digital Campaign,In Progress,2024-04-14 00:00:00,KYC Pending
YESB65340627,Digital Campaign,In Progress,2024-03-08 00:00:00,Called for FD
YESB82816787,Walk-in,Converted,2024-06-28 00:00:00,Interested in HL
YESB65861771,Referral,Lost,2024-03-07 00:00:00,Called for FD
YESB10935933,Referral,In Progress,2024-05-31 00:00:00,KYC Pending
YESB23575236,Walk-in,Converted,2024-12-29 00:00:00,Interested in HL
YESB48048530,Referral,In Progress,2024-08-12 00:00:00,Called for FD
YESB55784998,Digital Campaign,In Progress,2024-02-29 00:00:00,Wait for salary credit
YESB11120491,Digital Campaign,Lost,2024-11-11 00:00:00,Wait for salary credit
YESB76895856,Digital Campaign,In Progress,2024-09-26 00:00:00,Called for FD
YESB87103402,Walk-in,Converted,2024-10-20 00:00:00,Called for FD
YESB20181415,Digital Campaign,Lost,2024-01-08 00:00:00,Wait for salary credit
YESB63286681,Referral,Converted,2024-01-04 00:00:00,Interested in HL
YESB66420337,Walk-in,Converted,2024-07-13 00:00:00,Wait for salary credit
YESB11969370,Digital Campaign,Lost,2024-03-04 00:00:00,KYC Pending
YESB85442503,Referral,In Progress,2024-05-23 00:00:00,Called for FD
YESB14102369,Walk-in,Lost,2024-06-23 00:00:00,Wait for salary credit
YESB81184654,Digital Campaign,Lost,2024-03-23 00:00:00,KYC Pending
YESB37106482,Referral,In Progress,2024-09-22 00:00:00,Interested in HL
YESB72358069,Referral,In Progress,2024-08-10 00:00:00,Wait for salary credit
YESB96140833,Referral,In Progress,2024-08-13 00:00:00,Called for FD
YESB15374582,Walk-in,In Progress,2024-07-24 00:00:00,Interested in HL
YESB51582129,Walk-in,Lost,2024-11-18 00:00:00,KYC Pending
YESB54542792,Referral,In Progress,2024-08-01 00:00:00,Wait for salary credit
YESB98366604,Referral,In Progress,2024-03-27 00:00:00,Called for FD
YESB57079011,Walk-in,Converted,2024-07-07 00:00:00,Interested in HL
YESB29435468,Digital Campaign,Lost,2024-04-28 00:00:00,KYC Pending
YESB76441254,Digital Campaign,In Progress,2024-11-29 00:00:00,Wait for salary credit
YESB65199500,Referral,Lost,2024-05-10 00:00:00,Called for FD
YESB14151055,Referral,Converted,2024-07-19 00:00:00,KYC Pending
YESB60532284,Walk-in,Lost,2024-04-03 00:00:00,Wait for salary credit
YESB55669052,Walk-in,In Progress,2024-11-13 00:00:00,KYC Pending
YESB52723691,Referral,In Progress,2024-03-09 00:00:00,KYC Pending
YESB41063540,Referral,In Progress,2024-12-28 00:00:00,Wait for salary credit
YESB46817200,Digital Campaign,In Progress,2024-03-14 00:00:00,KYC Pending
YESB31329439,Walk-in,In Progress,2024-01-09 00:00:00,Called for FD
YESB39136615,Walk-in,In Progress,2024-08-24 00:00:00,KYC Pending
YESB62915472,Digital Campaign,Lost,2024-06-19 00:00:00,Called for FD
YESB65634103,Digital Campaign,Lost,2024-06-29 00:00:00,Interested in HL
YESB31092767,Walk-in,In Progress,2024-11-11 00:00:00,Interested in HL
YESB82509207,Walk-in,Lost,2024-01-13 00:00:00,Interested in HL
YESB48089562,Referral,In Progress,2024-07-03 00:00:00,Interested in HL
YESB13365910,Digital Campaign,Lost,2024-11-26 00:00:00,Interested in HL
YESB76867117,Digital Campaign,Lost,2024-05-25 00:00:00,Interested in HL
YESB39518664,Digital Campaign,Lost,2024-07-22 00:00:00,Called for FD
YESB23665842,Walk-in,Lost,2024-04-30 00:00:00,Called for FD
YESB39108602,Walk-in,In Progress,2024-04-30 00:00:00,KYC Pending
YESB56324099,Walk-in,In Progress,2024-05-04 00:00:00,KYC Pending
YESB88240429,Referral,In Progress,2024-09-04 00:00:00,Interested in HL
YESB18048176,Walk-in,Converted,2024-05-07 00:00:00,KYC Pending
YESB22502503,Walk-in,Converted,2024-10-19 00:00:00,KYC Pending
YESB29038313,Walk-in,Converted,2024-06-29 00:00:00,Wait for salary credit
YESB80508825,Referral,Lost,2024-04-08 00:00:00,Interested in HL
YESB48901838,Digital Campaign,In Progress,2024-09-18 00:00:00,KYC Pending
YESB80417377,Referral,Converted,2024-09-11 00:00:00,KYC Pending
YESB29742590,Walk-in,Converted,2024-09-22 00:00:00,Interested in HL
YESB13285250,Walk-in,In Progress,2024-07-08 00:00:00,Wait for salary credit
YESB77762496,Referral,Lost,2024-09-07 00:00:00,Interested in HL
YESB78895320,Referral,Converted,2024-06-15 00:00:00,Called for FD
YESB74276041,Digital Campaign,Lost,2024-03-09 00:00:00,Called for FD
YESB23366991,Referral,In Progress,2024-02-19 00:00:00,Called for FD
YESB82035838,Walk-in,Lost,2024-01-28 00:00:00,Wait for salary credit
YESB19548138,Digital Campaign,Converted,2024-03-06 00:00:00,Wait for salary credit
YESB22306146,Referral,Lost,2024-06-27 00:00:00,Interested in HL
YESB98961197,Referral,In Progress,2024-03-20 00:00:00,Wait for salary credit
YESB84896370,Digital Campaign,Converted,2024-01-04 00:00:00,Called for FD
YESB94279480,Referral,Converted,2024-06-25 00:00:00,Wait for salary credit
YESB16767854,Digital Campaign,Converted,2024-01-11 00:00:00,Interested in HL
YESB94559826,Digital Campaign,Converted,2024-12-13 00:00:00,Interested in HL
YESB83990636,Digital Campaign,In Progress,2024-04-20 00:00:00,Interested in HL
YESB83885684,Referral,In Progress,2024-09-25 00:00:00,Interested in HL
YESB98957732,Referral,Converted,2024-06-23 00:00:00,Interested in HL
YESB65362861,Digital Campaign,Lost,2024-05-19 00:00:00,Wait for salary credit
YESB39368261,Walk-in,Lost,2024-11-12 00:00:00,KYC Pending
YESB48237000,Digital Campaign,Converted,2024-11-20 00:00:00,Called for FD
YESB13654341,Walk-in,In Progress,2024-06-26 00:00:00,KYC Pending
YESB89581064,Walk-in,In Progress,2024-01-26 00:00:00,Called for FD
YESB64276001,Digital Campaign,In Progress,2024-02-24 00:00:00,Wait for salary credit
YESB41504931,Referral,In Progress,2024-01-20 00:00:00,Wait for salary credit
YESB13514826,Digital Campaign,Lost,2024-03-16 00:00:00,Wait for salary credit
YESB80701598,Digital Campaign,Converted,2024-02-02 00:00:00,Wait for salary credit
YESB25008150,Walk-in,In Progress,2024-03-01 00:00:00,Wait for salary credit
YESB42123808,Digital Campaign,In Progress,2024-01-11 00:00:00,Wait for salary credit
YESB64578327,Referral,In Progress,2024-09-06 00:00:00,KYC Pending
YESB74115641,Walk-in,Converted,2024-12-14 00:00:00,Interested in HL
YESB31261021,Walk-in,Lost,2024-03-04 00:00:00,KYC Pending
YESB88522537,Digital Campaign,In Progress,2024-06-18 00:00:00,Wait for salary credit
YESB87643500,Digital Campaign,Converted,2024-09-14 00:00:00,Called for FD
YESB74309678,Walk-in,Lost,2024-04-29 00:00:00,Called for FD
YESB32731542,Walk-in,Converted,2024-03-23 00:00:00,Interested in HL
YESB75546255,Digital Campaign,Lost,2024-06-26 00:00:00,KYC Pending
YESB97361449,Digital Campaign,Converted,2024-07-30 00:00:00,Called for FD
YESB42293355,Digital Campaign,In Progress,2024-01-22 00:00:00,Interested in HL
YESB45070538,Digital Campaign,Lost,2024-04-10 00:00:00,Wait for salary credit
YESB44886465,Walk-in,In Progress,2024-11-18 00:00:00,KYC Pending
YESB64028042,Referral,In Progress,2024-07-22 00:00:00,Interested in HL
YESB81919077,Referral,Lost,2024-08-20 00:00:00,Called for FD
YESB52949065,Walk-in,In Progress,2024-05-27 00:00:00,Interested in HL
YESB63766644,Walk-in,In Progress,2024-01-03 00:00:00,KYC Pending
YESB41691731,Walk-in,In Progress,2024-02-17 00:00:00,Wait for salary credit
YESB42655625,Walk-in,In Progress,2024-03-16 00:00:00,KYC Pending
YESB54665325,Digital Campaign,Lost,2024-05-27 00:00:00,Wait for salary credit
YESB24447960,Referral,In Progress,2024-02-07 00:00:00,Interested in HL
YESB50997631,Digital Campaign,In Progress,2024-03-26 00:00:00,Called for FD
YESB38454856,Digital Campaign,In Progress,2024-10-14 00:00:00,Called for FD
YESB51686786,Walk-in,Lost,2024-03-09 00:00:00,Called for FD
YESB74289183,Walk-in,In Progress,2024-02-06 00:00:00,Wait for salary credit
YESB32640103,Walk-in,In Progress,2024-03-14 00:00:00,Wait for salary credit
YESB63525493,Referral,Lost,2024-10-17 00:00:00,Wait for salary credit
YESB86476849,Referral,Lost,2024-04-12 00:00:00,Interested in HL
YESB20992770,Referral,Lost,2024-02-12 00:00:00,Called for FD
YESB30816697,Walk-in,In Progress,2024-09-22 00:00:00,Interested in HL
YESB93927870,Walk-in,Lost,2024-11-07 00:00:00,Called for FD
YESB99611168,Walk-in,Converted,2024-05-18 00:00:00,Interested in HL
YESB54499577,Referral,Converted,2024-11-07 00:00:00,Interested in HL
YESB77693118,Referral,Converted,2024-09-23 00:00:00,Called for FD
YESB10742373,Referral,In Progress,2024-02-24 00:00:00,Wait for salary credit
YESB32316566,Referral,Lost,2024-02-24 00:00:00,KYC Pending
YESB30245625,Walk-in,In Progress,2024-10-25 00:00:00,KYC Pending
YESB73714597,Referral,Converted,2024-09-21 00:00:00,KYC Pending
YESB13358049,Walk-in,Converted,2024-04-28 00:00:00,Interested in HL
YESB10606798,Digital Campaign,Lost,2024-11-25 00:00:00,KYC Pending
YESB31130206,Digital Campaign,Converted,2024-09-14 00:00:00,Wait for salary credit
YESB15568459,Referral,In Progress,2024-06-27 00:00:00,Called for FD
YESB31953216,Referral,Converted,2024-08-04 00:00:00,Wait for salary credit
YESB97124767,Walk-in,Converted,2024-05-07 00:00:00,Wait for salary credit
YESB33061769,Walk-in,In Progress,2024-11-28 00:00:00,Called for FD
YESB19944681,Digital Campaign,Lost,2024-12-05 00:00:00,Called for FD
YESB64257303,Walk-in,Lost,2024-06-21 00:00:00,KYC Pending
YESB68767924,Referral,Converted,2024-08-16 00:00:00,Called for FD
YESB46454924,Referral,Lost,2024-04-05 00:00:00,Called for FD
YESB19922079,Referral,Converted,2024-11-03 00:00:00,Interested in HL
YESB63710658,Digital Campaign,In Progress,2024-10-11 00:00:00,Wait for salary credit
YESB76573441,Referral,Lost,2024-12-12 00:00:00,Wait for salary credit
YESB23595952,Digital Campaign,In Progress,2024-04-27 00:00:00,Called for FD
YESB72096690,Digital Campaign,Converted,2024-07-04 00:00:00,Wait for salary credit
YESB43614216,Walk-in,In Progress,2024-09-07 00:00:00,Interested in HL
YESB94362058,Digital Campaign,Converted,2024-01-24 00:00:00,Wait for salary credit
YESB27017934,Digital Campaign,In Progress,2024-02-22 00:00:00,Wait for salary credit
YESB92762312,Walk-in,Lost,2024-05-20 00:00:00,Interested in HL
YESB52521746,Walk-in,In Progress,2024-03-19 00:00:00,Wait for salary credit
YESB43976535,Digital Campaign,Lost,2024-08-16 00:00:00,Interested in HL
YESB71356749,Digital Campaign,Converted,2024-02-07 00:00:00,KYC Pending
YESB69170836,Digital Campaign,Converted,2024-04-26 00:00:00,KYC Pending
YESB42756212,Digital Campaign,Lost,2024-08-24 00:00:00,Wait for salary credit
YESB27586659,Referral,Converted,2024-12-01 00:00:00,Interested in HL
YESB90429800,Walk-in,Lost,2024-01-03 00:00:00,Interested in HL
YESB75747613,Walk-in,Lost,2024-01-07 00:00:00,KYC Pending
YESB11874556,Digital Campaign,Converted,2024-10-30 00:00:00,Interested in HL
YESB70053848,Digital Campaign,Converted,2024-11-30 00:00:00,Interested in HL
YESB81523195,Walk-in,Lost,2024-05-28 00:00:00,KYC Pending
YESB75898154,Walk-in,Lost,2024-05-30 00:00:00,Interested in HL
YESB50453370,Walk-in,In Progress,2024-06-05 00:00:00,Interested in HL
YESB36034826,Walk-in,Converted,2024-11-28 00:00:00,Called for FD
YESB81850224,Referral,Converted,2024-01-22 00:00:00,KYC Pending
YESB18901649,Walk-in,Lost,2024-11-26 00:00:00,Wait for salary credit
YESB34957340,Referral,In Progress,2024-07-29 00:00:00,Interested in HL
YESB34479106,Digital Campaign,Converted,2024-11-20 00:00:00,Called for FD
YESB68069199,Walk-in,Converted,2024-04-28 00:00:00,Called for FD
YESB93245900,Digital Campaign,In Progress,2024-01-07 00:00:00,Interested in HL
YESB45217331,Referral,Converted,2024-02-13 00:00:00,Wait for salary credit
YESB22547626,Walk-in,Lost,2024-07-13 00:00:00,Wait for salary credit
YESB55454818,Walk-in,In Progress,2024-08-13 00:00:00,Interested in HL
YESB43265890,Referral,Lost,2024-04-04 00:00:00,Interested in HL
YESB71467341,Walk-in,In Progress,2024-05-16 00:00:00,KYC Pending
YESB70413568,Referral,Lost,2024-03-26 00:00:00,Interested in HL
YESB95531140,Referral,In Progress,2024-08-11 00:00:00,Interested in HL
YESB81036270,Digital Campaign,In Progress,2024-07-16 00:00:00,KYC Pending
YESB13738174,Digital Campaign,In Progress,2024-09-27 00:00:00,Interested in HL
YESB21734478,Walk-in,Lost,2024-06-06 00:00:00,Called for FD
YESB40078637,Digital Campaign,In Progress,2024-05-27 00:00:00,Interested in HL
YESB72445024,Referral,Converted,2024-03-03 00:00:00,Wait for salary credit
YESB13551825,Referral,In Progress,2024-02-08 00:00:00,KYC Pending
YESB59742224,Digital Campaign,Lost,2024-08-14 00:00:00,KYC Pending
YESB55183827,Digital Campaign,In Progress,2024-06-07 00:00:00,Interested in HL
YESB29474788,Walk-in,Lost,2024-06-09 00:00:00,KYC Pending
YESB53616767,Referral,In Progress,2024-10-11 00:00:00,Called for FD
YESB61029286,Walk-in,In Progress,2024-06-30 00:00:00,Interested in HL
YESB77466508,Digital Campaign,Lost,2024-07-10 00:00:00,KYC Pending
YESB27049783,Digital Campaign,In Progress,2024-05-24 00:00:00,KYC Pending
YESB63286068,Digital Campaign,In Progress,2024-06-13 00:00:00,Called for FD
YESB49354923,Referral,Lost,2024-12-03 00:00:00,Interested in HL
YESB14528406,Walk-in,In Progress,2024-12-30 00:00:00,Called for FD
YESB70634462,Referral,Converted,2024-01-14 00:00:00,Wait for salary credit
YESB86494696,Digital Campaign,Lost,2024-06-08 00:00:00,KYC Pending
YESB37113903,Digital Campaign,Lost,2024-04-25 00:00:00,Called for FD
YESB57091816,Digital Campaign,In Progress,2024-03-01 00:00:00,Called for FD
YESB52306768,Walk-in,Converted,2024-06-29 00:00:00,Wait for salary credit
YESB87265526,Referral,Lost,2024-05-02 00:00:00,Interested in HL
YESB76374581,Referral,In Progress,2024-06-24 00:00:00,Wait for salary credit
YESB16311574,Walk-in,Converted,2024-08-21 00:00:00,KYC Pending
YESB84514807,Walk-in,Converted,2024-04-28 00:00:00,Interested in HL
YESB77223150,Referral,Converted,2024-10-26 00:00:00,Wait for salary credit
YESB63524990,Digital Campaign,In Progress,2024-03-30 00:00:00,Interested in HL
YESB28258931,Digital Campaign,In Progress,2024-01-08 00:00:00,KYC Pending
YESB19966141,Digital Campaign,In Progress,2024-01-21 00:00:00,Interested in HL
YESB25494343,Referral,Converted,2024-12-17 00:00:00,Wait for salary credit
YESB46442216,Referral,Converted,2024-06-30 00:00:00,KYC Pending
YESB69003137,Walk-in,Converted,2024-02-19 00:00:00,Interested in HL
YESB23999566,Referral,Lost,2024-12-07 00:00:00,Called for FD
YESB27676114,Digital Campaign,In Progress,2024-03-09 00:00:00,Interested in HL
YESB72114762,Walk-in,Lost,2024-05-12 00:00:00,KYC Pending
YESB68957526,Digital Campaign,Lost,2024-02-18 00:00:00,Interested in HL
YESB23471947,Walk-in,Converted,2024-04-27 00:00:00,Wait for salary credit
YESB88704782,Walk-in,Lost,2024-04-18 00:00:00,Interested in HL
YESB47774032,Walk-in,In Progress,2024-10-28 00:00:00,KYC Pending
YESB24707576,Referral,In Progress,2024-06-28 00:00:00,KYC Pending
YESB90394975,Referral,Converted,2024-07-23 00:00:00,KYC Pending
YESB53031139,Walk-in,In Progress,2024-07-31 00:00:00,KYC Pending
YESB55665192,Referral,Lost,2024-04-11 00:00:00,Wait for salary credit
YESB59394161,Referral,Converted,2024-01-12 00:00:00,KYC Pending
YESB70113061,Referral,In Progress,2024-09-19 00:00:00,KYC Pending
YESB94487377,Digital Campaign,Converted,2024-05-17 00:00:00,KYC Pending
YESB60281635,Walk-in,Lost,2024-11-14 00:00:00,Called for FD
YESB37984048,Referral,Lost,2024-10-21 00:00:00,Called for FD
YESB39293811,Digital Campaign,Lost,2024-11-24 00:00:00,Interested in HL
YESB27885975,Digital Campaign,In Progress,2024-06-16 00:00:00,Called for FD
YESB69076890,Referral,Converted,2024-08-25 00:00:00,Wait for salary credit
YESB64114510,Walk-in,Lost,2024-03-31 00:00:00,KYC Pending
YESB36756511,Walk-in,Lost,2024-06-05 00:00:00,KYC Pending
YESB59181816,Walk-in,Converted,2024-02-24 00:00:00,KYC Pending
YESB64910349,Digital Campaign,Converted,2024-04-05 00:00:00,Called for FD
YESB66142175,Walk-in,In Progress,2024-11-24 00:00:00,KYC Pending
YESB34324483,Walk-in,Converted,2024-03-07 00:00:00,Wait for salary credit
YESB10083047,Walk-in,Converted,2024-10-25 00:00:00,Wait for salary credit
YESB92202937,Walk-in,In Progress,2024-05-27 00:00:00,KYC Pending
YESB32911244,Walk-in,Converted,2024-10-24 00:00:00,Called for FD
YESB60474273,Referral,Lost,2024-05-15 00:00:00,Interested in HL
YESB49421899,Walk-in,In Progress,2024-05-23 00:00:00,Wait for salary credit
YESB11293767,Walk-in,Converted,2024-09-03 00:00:00,Called for FD
YESB98836986,Referral,Lost,2024-09-12 00:00:00,Called for FD
YESB39369337,Walk-in,Lost,2024-05-29 00:00:00,Interested in HL
YESB67521606,Referral,In Progress,2024-07-05 00:00:00,Called for FD
YESB84601173,Referral,In Progress,2024-07-08 00:00:00,Interested in HL
YESB84500744,Referral,Lost,2024-03-03 00:00:00,Interested in HL
YESB35403289,Walk-in,Converted,2024-07-18 00:00:00,Called for FD
YESB32293899,Digital Campaign,Converted,2024-10-22 00:00:00,Called for FD
YESB78210255,Referral,Lost,2024-11-24 00:00:00,Called for FD
YESB74609374,Walk-in,Lost,2024-03-29 00:00:00,KYC Pending
YESB99696232,Walk-in,Converted,2024-02-07 00:00:00,Wait for salary credit
YESB19347984,Digital Campaign,Converted,2024-03-12 00:00:00,Wait for salary credit
YESB71998146,Referral,Converted,2024-04-23 00:00:00,Called for FD
YESB91269834,Walk-in,Lost,2024-12-13 00:00:00,KYC Pending
YESB78537877,Referral,In Progress,2024-05-03 00:00:00,Wait for salary credit
YESB31195829,Digital Campaign,Lost,2024-04-26 00:00:00,Interested in HL
YESB15368220,Referral,Lost,2024-01-11 00:00:00,Called for FD
YESB47425698,Walk-in,Converted,2024-08-11 00:00:00,Wait for salary credit
YESB75027594,Walk-in,Lost,2024-05-07 00:00:00,KYC Pending
YESB88422935,Referral,In Progress,2024-08-07 00:00:00,Wait for salary credit
YESB99717703,Referral,Converted,2024-12-02 00:00:00,Called for FD
YESB69038170,Digital Campaign,In Progress,2024-07-18 00:00:00,KYC Pending
YESB87477727,Referral,Converted,2024-03-23 00:00:00,KYC Pending
YESB29664875,Digital Campaign,In Progress,2024-02-11 00:00:00,Interested in HL
YESB14701917,Walk-in,Lost,2024-05-22 00:00:00,Wait for salary credit
YESB38297278,Walk-in,In Progress,2024-04-20 00:00:00,Interested in HL
YESB15169386,Referral,In Progress,2024-09-04 00:00:00,Wait for salary credit
YESB89006522,Referral,In Progress,2024-06-20 00:00:00,Interested in HL
YESB56611620,Walk-in,In Progress,2024-10-30 00:00:00,Called for FD
YESB77390509,Digital Campaign,Lost,2024-12-19 00:00:00,Interested in HL
YESB81160891,Digital Campaign,In Progress,2024-12-27 00:00:00,Called for FD
YESB70525069,Walk-in,In Progress,2024-03-23 00:00:00,Wait for salary credit
YESB18484099,Digital Campaign,Converted,2024-05-04 00:00:00,Called for FD
YESB72838548,Referral,Converted,2024-04-21 00:00:00,Interested in HL
YESB71861347,Referral,In Progress,2024-01-22 00:00:00,KYC Pending
YESB26617491,Walk-in,In Progress,2024-09-17 00:00:00,Wait for salary credit
YESB68366083,Walk-in,Lost,2024-03-30 00:00:00,KYC Pending
YESB92882686,Digital Campaign,Converted,2024-10-03 00:00:00,Called for FD
YESB64078097,Digital Campaign,Lost,2024-06-15 00:00:00,Interested in HL
YESB93418785,Walk-in,Lost,2024-02-07 00:00:00,Called for FD
YESB17871345,Walk-in,Converted,2024-01-10 00:00:00,Interested in HL
YESB92811508,Digital Campaign,Converted,2024-07-05 00:00:00,Wait for salary credit
YESB93203095,Digital Campaign,Converted,2024-09-13 00:00:00,Interested in HL
YESB80995743,Digital Campaign,Converted,2024-04-17 00:00:00,Called for FD
YESB59767961,Digital Campaign,Converted,2024-05-09 00:00:00,Wait for salary credit
YESB77322255,Walk-in,In Progress,2024-01-06 00:00:00,KYC Pending
YESB10080552,Digital Campaign,Converted,2024-12-10 00:00:00,Interested in HL
YESB94858807,Walk-in,Lost,2024-02-16 00:00:00,Called for FD
YESB84945553,Walk-in,In Progress,2024-10-22 00:00:00,Wait for salary credit
YESB36780596,Digital Campaign,In Progress,2024-03-25 00:00:00,Called for FD
YESB68688917,Walk-in,Converted,2024-01-06 00:00:00,Wait for salary credit
YESB54728156,Walk-in,Lost,2024-01-27 00:00:00,Interested in HL
YESB44413972,Referral,Lost,2024-07-06 00:00:00,Called for FD
YESB31435978,Referral,Converted,2024-12-11 00:00:00,Called for FD
YESB79225988,Walk-in,In Progress,2024-01-28 00:00:00,Wait for salary credit
YESB10763818,Referral,Converted,2024-04-07 00:00:00,KYC Pending
YESB73725880,Walk-in,Converted,2024-03-03 00:00:00,Wait for salary credit
YESB12662175,Referral,Converted,2024-03-30 00:00:00,Called for FD
YESB27455648,Referral,In Progress,2024-09-16 00:00:00,Interested in HL
YESB51862957,Referral,In Progress,2024-01-03 00:00:00,Wait for salary credit
YESB61941024,Digital Campaign,Lost,2024-09-30 00:00:00,Called for FD
YESB64224985,Walk-in,Converted,2024-10-02 00:00:00,Interested in HL
YESB76616019,Referral,Converted,2024-04-14 00:00:00,Called for FD
YESB77721911,Walk-in,Converted,2024-02-28 00:00:00,Interested in HL
YESB90062446,Referral,In Progress,2024-05-04 00:00:00,Called for FD
YESB36426708,Referral,Lost,2024-03-01 00:00:00,Wait for salary credit
YESB40499375,Referral,Lost,2024-12-23 00:00:00,Called for FD
YESB23295040,Walk-in,In Progress,2024-10-14 00:00:00,Wait for salary credit
YESB21639536,Digital Campaign,Lost,2024-02-16 00:00:00,Called for FD
YESB63839051,Digital Campaign,Converted,2024-07-14 00:00:00,Wait for salary credit
YESB87370756,Referral,In Progress,2024-03-14 00:00:00,KYC Pending
YESB43262072,Referral,Lost,2024-07-09 00:00:00,Wait for salary credit
YESB69352875,Referral,Converted,2024-02-01 00:00:00,Called for FD
YESB43388009,Referral,Lost,2024-05-28 00:00:00,KYC Pending
YESB44928632,Digital Campaign,Converted,2024-10-02 00:00:00,KYC Pending
YESB61640882,Walk-in,Lost,2024-04-14 00:00:00,Wait for salary credit
YESB42021904,Walk-in,In Progress,2024-06-26 00:00:00,KYC Pending
YESB49564011,Digital Campaign,In Progress,2024-08-07 00:00:00,Interested in HL
YESB63891692,Digital Campaign,Lost,2024-07-15 00:00:00,Called for FD
YESB61696999,Digital Campaign,Lost,2024-12-09 00:00:00,Wait for salary credit
YESB58384367,Walk-in,In Progress,2024-11-10 00:00:00,Called for FD
YESB16283082,Digital Campaign,Lost,2024-03-19 00:00:00,KYC Pending
YESB59464490,Digital Campaign,Converted,2024-06-05 00:00:00,Interested in HL
YESB79761533,Walk-in,Converted,2024-07-23 00:00:00,Called for FD
YESB67165586,Referral,In Progress,2024-11-04 00:00:00,Called for FD
YESB93513341,Digital Campaign,Converted,2024-08-12 00:00:00,Wait for salary credit
YESB17949412,Digital Campaign,Lost,2024-06-05 00:00:00,Interested in HL
YESB93911294,Walk-in,Lost,2024-04-19 00:00:00,Called for FD
YESB67261924,Digital Campaign,Lost,2024-11-27 00:00:00,Called for FD
YESB75073643,Digital Campaign,Converted,2024-10-23 00:00:00,Called for FD
YESB81187422,Digital Campaign,Converted,2024-01-24 00:00:00,Wait for salary credit
YESB33360943,Walk-in,In Progress,2024-11-15 00:00:00,Wait for salary credit
YESB27790003,Referral,Converted,2024-03-24 00:00:00,Wait for salary credit
YESB93186740,Digital Campaign,Lost,2024-05-23 00:00:00,Called for FD
YESB16008630,Digital Campaign,In Progress,2024-09-21 00:00:00,KYC Pending
YESB42108710,Digital Campaign,Converted,2024-03-11 00:00:00,Wait for salary credit
YESB21979520,Digital Campaign,In Progress,2024-03-26 00:00:00,Wait for salary credit
YESB81315463,Walk-in,In Progress,2024-10-02 00:00:00,Wait for salary credit
YESB21970245,Digital Campaign,Lost,2024-02-16 00:00:00,KYC Pending
YESB66226975,Walk-in,Lost,2024-09-28 00:00:00,Wait for salary credit
YESB89030821,Digital Campaign,In Progress,2024-03-23 00:00:00,KYC Pending
YESB83684700,Walk-in,In Progress,2024-07-22 00:00:00,Interested in HL
YESB73338524,Referral,Lost,2024-01-21 00:00:00,Called for FD
YESB79394303,Walk-in,In Progress,2024-04-01 00:00:00,Interested in HL
YESB99881544,Referral,In Progress,2024-08-16 00:00:00,Wait for salary credit
YESB56412032,Referral,Lost,2024-07-26 00:00:00,Wait for salary credit
YESB62808775,Walk-in,Lost,2024-01-24 00:00:00,Called for FD
YESB78380721,Digital Campaign,Converted,2024-03-15 00:00:00,Called for FD
YESB22518779,Referral,Lost,2024-03-13 00:00:00,Called for FD
YESB21967077,Referral,In Progress,2024-04-25 00:00:00,Wait for salary credit
YESB21043750,Referral,In Progress,2024-08-25 00:00:00,Interested in HL
YESB40544823,Digital Campaign,Converted,2024-06-26 00:00:00,Called for FD
YESB28674298,Referral,In Progress,2024-05-31 00:00:00,Interested in HL
YESB32230447,Referral,In Progress,2024-12-22 00:00:00,KYC Pending
YESB77665243,Walk-in,In Progress,2024-08-30 00:00:00,Wait for salary credit
YESB89102109,Digital Campaign,In Progress,2024-04-30 00:00:00,Interested in HL
YESB92544308,Digital Campaign,In Progress,2024-04-11 00:00:00,Wait for salary credit
YESB86523222,Walk-in,In Progress,2024-07-13 00:00:00,Interested in HL
YESB51846984,Referral,Converted,2024-08-10 00:00:00,KYC Pending
YESB16001480,Referral,Converted,2024-10-05 00:00:00,Called for FD
YESB48787941,Referral,Converted,2024-02-05 00:00:00,KYC Pending
YESB19565780,Referral,Lost,2024-03-29 00:00:00,Wait for salary credit
YESB28582687,Referral,Lost,2024-09-26 00:00:00,KYC Pending
YESB59167708,Walk-in,Converted,2024-05-14 00:00:00,Wait for salary credit
YESB58474359,Referral,Converted,2024-09-22 00:00:00,Called for FD
YESB18930565,Walk-in,Converted,2024-01-31 00:00:00,Wait for salary credit
YESB19276874,Digital Campaign,Lost,2024-03-02 00:00:00,Called for FD
YESB10745802,Referral,Lost,2024-08-18 00:00:00,KYC Pending
YESB47656919,Digital Campaign,Lost,2024-04-05 00:00:00,KYC Pending
YESB82710315,Digital Campaign,In Progress,2024-11-30 00:00:00,KYC Pending
YESB23160267,Referral,In Progress,2024-07-12 00:00:00,Interested in HL
YESB78587253,Walk-in,In Progress,2024-06-07 00:00:00,KYC Pending
YESB74884459,Referral,In Progress,2024-07-04 00:00:00,KYC Pending
YESB12034364,Digital Campaign,Lost,2024-02-19 00:00:00,Interested in HL
YESB99280598,Digital Campaign,Converted,2024-07-28 00:00:00,KYC Pending
YESB34601463,Digital Campaign,Converted,2024-05-27 00:00:00,Wait for salary credit
YESB55017620,Digital Campaign,Lost,2024-12-05 00:00:00,Called for FD
YESB59636653,Referral,In Progress,2024-06-05 00:00:00,KYC Pending
YESB87964511,Walk-in,Lost,2024-01-01 00:00:00,Called for FD
YESB94553621,Digital Campaign,In Progress,2024-01-19 00:00:00,Called for FD
YESB37502677,Walk-in,Lost,2024-11-29 00:00:00,Wait for salary credit
YESB64164353,Referral,In Progress,2024-05-03 00:00:00,Wait for salary credit
YESB70124768,Walk-in,Lost,2024-03-06 00:00:00,Interested in HL
YESB22904369,Referral,Converted,2024-03-13 00:00:00,KYC Pending
YESB82921377,Digital Campaign,Lost,2024-05-17 00:00:00,Called for FD
YESB43128399,Walk-in,In Progress,2024-09-13 00:00:00,Called for FD
YESB31980523,Referral,Converted,2024-08-22 00:00:00,Called for FD
YESB83835237,Walk-in,Lost,2024-01-11 00:00:00,Interested in HL
YESB71781179,Referral,Lost,2024-04-26 00:00:00,KYC Pending
YESB10069675,Referral,Lost,2024-10-07 00:00:00,Called for FD
YESB58395800,Referral,In Progress,2024-03-20 00:00:00,Wait for salary credit
YESB78865262,Digital Campaign,In Progress,2024-07-02 00:00:00,Called for FD
YESB52867078,Digital Campaign,Lost,2024-07-23 00:00:00,KYC Pending
YESB73768685,Digital Campaign,Converted,2024-03-09 00:00:00,Wait for salary credit
YESB47415200,Referral,Lost,2024-02-01 00:00:00,Interested in HL
YESB80606908,Digital Campaign,Converted,2024-07-14 00:00:00,KYC Pending
YESB20609313,Referral,Lost,2024-07-13 00:00:00,Called for FD
YESB51383043,Walk-in,Converted,2024-07-15 00:00:00,Interested in HL
YESB30993501,Referral,Converted,2024-04-28 00:00:00,Called for FD
YESB66017150,Referral,Converted,2024-08-13 00:00:00,KYC Pending
YESB19203127,Referral,Converted,2024-01-11 00:00:00,Interested in HL
YESB81296265,Referral,In Progress,2024-11-07 00:00:00,Wait for salary credit
YESB79043272,Digital Campaign,Converted,2024-03-01 00:00:00,Interested in HL
YESB29706159,Referral,Converted,2024-06-06 00:00:00,Interested in HL
YESB37375246,Digital Campaign,Lost,2024-03-25 00:00:00,Interested in HL
YESB62316192,Walk-in,Lost,2024-09-04 00:00:00,Wait for salary credit
YESB22452959,Walk-in,In Progress,2024-05-30 00:00:00,Called for FD
YESB16822058,Referral,In Progress,2024-07-19 00:00:00,Interested in HL
YESB24380102,Referral,In Progress,2024-04-08 00:00:00,Interested in HL
YESB25508379,Walk-in,In Progress,2024-01-05 00:00:00,Interested in HL
YESB89340466,Referral,Converted,2024-11-14 00:00:00,Interested in HL
YESB34534932,Digital Campaign,Lost,2024-07-07 00:00:00,Wait for salary credit
YESB98258583,Digital Campaign,Lost,2024-01-02 00:00:00,KYC Pending
YESB81129364,Digital Campaign,Lost,2024-10-24 00:00:00,Interested in HL
YESB62176054,Referral,Lost,2024-09-30 00:00:00,Wait for salary credit
YESB39436810,Referral,Converted,2024-08-28 00:00:00,Interested in HL
YESB96761211,Digital Campaign,Converted,2024-02-01 00:00:00,KYC Pending
YESB91696335,Walk-in,Lost,2024-07-20 00:00:00,Interested in HL
YESB27076168,Digital Campaign,Converted,2024-08-27 00:00:00,KYC Pending
YESB62741195,Walk-in,In Progress,2024-12-19 00:00:00,Interested in HL
YESB38582994,Referral,Converted,2024-01-18 00:00:00,Interested in HL
YESB60534755,Referral,Lost,2024-10-28 00:00:00,Interested in HL
YESB82278575,Referral,Lost,2024-08-21 00:00:00,Called for FD
YESB24575979,Referral,In Progress,2024-03-18 00:00:00,KYC Pending
YESB84151285,Walk-in,Lost,2024-05-23 00:00:00,Interested in HL
YESB76148514,Referral,Converted,2024-04-16 00:00:00,Called for FD
YESB89669978,Referral,In Progress,2024-07-12 00:00:00,Called for FD
YESB23921357,Referral,Lost,2024-02-27 00:00:00,Wait for salary credit
YESB48673789,Digital Campaign,In Progress,2024-05-06 00:00:00,Wait for salary credit
YESB77025073,Walk-in,Converted,2024-10-02 00:00:00,Wait for salary credit
YESB82109877,Digital Campaign,Lost,2024-12-26 00:00:00,Interested in HL
YESB88621233,Digital Campaign,Converted,2024-04-27 00:00:00,Called for FD
YESB45798745,Digital Campaign,In Progress,2024-05-29 00:00:00,KYC Pending
YESB36288990,Referral,Converted,2024-12-25 00:00:00,Called for FD
YESB87111040,Referral,Lost,2024-01-14 00:00:00,KYC Pending
YESB66031077,Digital Campaign,Lost,2024-04-26 00:00:00,Interested in HL
YESB40315948,Walk-in,In Progress,2024-09-20 00:00:00,KYC Pending
YESB61245774,Walk-in,Lost,2024-04-04 00:00:00,Called for FD
YESB27591596,Walk-in,In Progress,2024-11-02 00:00:00,Interested in HL
YESB32521455,Referral,Lost,2024-03-08 00:00:00,KYC Pending
YESB85132383,Referral,Lost,2024-02-15 00:00:00,KYC Pending
YESB67297799,Walk-in,Converted,2024-08-08 00:00:00,Wait for salary credit
YESB46710614,Digital Campaign,Lost,2024-01-09 00:00:00,Interested in HL
YESB42055423,Walk-in,Converted,2024-06-26 00:00:00,Called for FD
YESB75777695,Digital Campaign,In Progress,2024-08-19 00:00:00,Interested in HL
YESB63421719,Referral,In Progress,2024-05-12 00:00:00,Wait for salary credit
YESB43104258,Walk-in,Lost,2024-02-17 00:00:00,Called for FD
YESB69649305,Walk-in,Converted,2024-04-25 00:00:00,Wait for salary credit
YESB51226969,Digital Campaign,Converted,2024-04-25 00:00:00,Called for FD
YESB63441936,Digital Campaign,Converted,2024-07-12 00:00:00,Called for FD
YESB45258602,Digital Campaign,In Progress,2024-10-03 00:00:00,Interested in HL
YESB41191461,Digital Campaign,In Progress,2024-02-09 00:00:00,Interested in HL
YESB94349327,Referral,In Progress,2024-09-05 00:00:00,KYC Pending
YESB22838767,Referral,Converted,2024-05-16 00:00:00,Interested in HL
YESB77443776,Digital Campaign,In Progress,2024-09-22 00:00:00,KYC Pending
YESB82500578,Digital Campaign,Lost,2024-03-13 00:00:00,Wait for salary credit
YESB12171078,Digital Campaign,In Progress,2024-06-30 00:00:00,Called for FD
YESB84003070,Walk-in,Converted,2024-01-12 00:00:00,Called for FD
YESB81976054,Referral,Lost,2024-12-07 00:00:00,Wait for salary credit
YESB68585645,Referral,Converted,2024-08-13 00:00:00,KYC Pending
YESB64199919,Referral,In Progress,2024-08-12 00:00:00,Wait for salary credit
YESB40712403,Referral,In Progress,2024-02-04 00:00:00,Called for FD
YESB89685101,Walk-in,Converted,2024-09-30 00:00:00,KYC Pending
YESB70156185,Referral,Lost,2024-10-22 00:00:00,KYC Pending
YESB51353910,Referral,Lost,2024-05-15 00:00:00,Called for FD
YESB26676341,Digital Campaign,Lost,2024-05-20 00:00:00,Interested in HL
YESB45253677,Referral,Converted,2024-02-08 00:00:00,Called for FD
YESB64605237,Referral,Lost,2024-12-04 00:00:00,KYC Pending
YESB59752695,Referral,In Progress,2024-12-04 00:00:00,KYC Pending
YESB85990437,Digital Campaign,Converted,2024-10-30 00:00:00,Interested in HL
YESB30310144,Walk-in,Converted,2024-04-13 00:00:00,Wait for salary credit
YESB58255829,Walk-in,In Progress,2024-08-22 00:00:00,Interested in HL
YESB70143427,Referral,Lost,2024-06-12 00:00:00,Called for FD
YESB57981514,Digital Campaign,In Progress,2024-10-29 00:00:00,Wait for salary credit
YESB48955351,Walk-in,In Progress,2024-09-09 00:00:00,Wait for salary credit
YESB38901418,Digital Campaign,Lost,2024-03-18 00:00:00,Interested in HL
YESB14601675,Digital Campaign,Converted,2024-08-19 00:00:00,KYC Pending
YESB96180088,Referral,In Progress,2024-05-09 00:00:00,KYC Pending
YESB37085707,Referral,Converted,2024-04-16 00:00:00,Called for FD
YESB59015018,Referral,In Progress,2024-07-27 00:00:00,KYC Pending
YESB29263342,Referral,Lost,2024-01-09 00:00:00,Interested in HL
YESB73137050,Referral,In Progress,2024-09-24 00:00:00,KYC Pending
YESB97316048,Referral,Converted,2024-04-21 00:00:00,Called for FD
YESB13952844,Walk-in,In Progress,2024-10-28 00:00:00,Wait for salary credit
YESB21204340,Walk-in,In Progress,2024-08-08 00:00:00,Wait for salary credit
YESB67820129,Digital Campaign,Lost,2024-02-11 00:00:00,Called for FD
YESB40021575,Digital Campaign,Lost,2024-11-13 00:00:00,Wait for salary credit
YESB90001041,Referral,Lost,2024-07-07 00:00:00,Called for FD
YESB36168642,Walk-in,Lost,2024-11-27 00:00:00,Called for FD
YESB56227225,Referral,In Progress,2024-09-24 00:00:00,KYC Pending
YESB75278943,Walk-in,Converted,2024-06-19 00:00:00,Called for FD
YESB74528159,Digital Campaign,Converted,2024-05-22 00:00:00,Called for FD
YESB61106626,Digital Campaign,Lost,2024-12-06 00:00:00,Called for FD
YESB44482362,Digital Campaign,Lost,2024-07-30 00:00:00,KYC Pending
YESB42183131,Digital Campaign,In Progress,2024-02-14 00:00:00,Called for FD
YESB77037889,Digital Campaign,In Progress,2024-10-31 00:00:00,Wait for salary credit
YESB88149323,Walk-in,Converted,2024-03-23 00:00:00,Interested in HL
YESB54470379,Referral,Converted,2024-06-03 00:00:00,Wait for salary credit
YESB87237023,Referral,Converted,2024-07-04 00:00:00,Wait for salary credit
YESB55599912,Digital Campaign,Lost,2024-04-26 00:00:00,Wait for salary credit
YESB91807269,Digital Campaign,Lost,2024-09-03 00:00:00,Called for FD
YESB15879528,Walk-in,Lost,2024-02-13 00:00:00,Interested in HL
YESB30217641,Referral,Lost,2024-11-26 00:00:00,KYC Pending
YESB41697689,Referral,In Progress,2024-01-20 00:00:00,KYC Pending
YESB73541620,Walk-in,Lost,2024-12-19 00:00:00,KYC Pending
YESB82844663,Digital Campaign,Lost,2024-07-09 00:00:00,KYC Pending
YESB98960155,Referral,Converted,2024-02-19 00:00:00,KYC Pending
YESB52540008,Walk-in,Converted,2024-07-02 00:00:00,KYC Pending
YESB69512384,Digital Campaign,Lost,2024-05-19 00:00:00,Interested in HL
YESB35926301,Digital Campaign,Lost,2024-03-09 00:00:00,Wait for salary credit
YESB58844279,Walk-in,Lost,2024-09-03 00:00:00,Called for FD
YESB71844402,Digital Campaign,Lost,2024-08-07 00:00:00,Interested in HL
YESB67862443,Digital Campaign,Lost,2024-08-16 00:00:00,KYC Pending
YESB44792931,Walk-in,Lost,2024-02-26 00:00:00,Wait for salary credit
YESB47402928,Digital Campaign,In Progress,2024-07-19 00:00:00,Wait for salary credit
YESB19193177,Referral,In Progress,2024-04-23 00:00:00,KYC Pending
YESB77927904,Referral,Lost,2024-07-03 00:00:00,Called for FD
YESB63245621,Digital Campaign,Converted,2024-03-25 00:00:00,Interested in HL
YESB35739479,Referral,Converted,2024-03-07 00:00:00,KYC Pending
YESB50314825,Referral,Lost,2024-04-16 00:00:00,Wait for salary credit
YESB50092134,Walk-in,Converted,2024-04-12 00:00:00,Wait for salary credit
YESB16346578,Walk-in,In Progress,2024-02-27 00:00:00,KYC Pending
YESB17840167,Digital Campaign,In Progress,2024-10-06 00:00:00,Interested in HL
YESB55897245,Digital Campaign,Lost,2024-01-22 00:00:00,Called for FD
YESB58297445,Referral,In Progress,2024-10-16 00:00:00,Wait for salary credit
YESB57101211,Digital Campaign,In Progress,2024-09-08 00:00:00,KYC Pending
YESB32617444,Walk-in,Converted,2024-11-12 00:00:00,Called for FD
YESB39631725,Walk-in,Converted,2024-04-12 00:00:00,KYC Pending
YESB56292884,Digital Campaign,Converted,2024-08-27 00:00:00,Wait for salary credit
YESB14226861,Digital Campaign,In Progress,2024-04-05 00:00:00,Wait for salary credit
YESB12537985,Referral,In Progress,2024-03-17 00:00:00,Called for FD
YESB59821122,Walk-in,In Progress,2024-01-02 00:00:00,Called for FD
YESB93631252,Digital Campaign,In Progress,2024-11-18 00:00:00,Wait for salary credit
YESB89206688,Walk-in,Lost,2024-11-23 00:00:00,KYC Pending
YESB78476176,Walk-in,In Progress,2024-08-18 00:00:00,Called for FD
YESB51795728,Referral,Converted,2024-01-24 00:00:00,Interested in HL
YESB20133400,Referral,In Progress,2024-08-26 00:00:00,Wait for salary credit
YESB19744572,Walk-in,In Progress,2024-03-25 00:00:00,KYC Pending
YESB13426914,Walk-in,Converted,2024-05-28 00:00:00,Interested in HL
YESB46413456,Referral,Converted,2024-12-19 00:00:00,Called for FD
YESB90029281,Walk-in,Lost,2024-02-10 00:00:00,Wait for salary credit
YESB63174509,Walk-in,Converted,2024-10-10 00:00:00,Called for FD
YESB85328242,Walk-in,In Progress,2024-09-25 00:00:00,KYC Pending
YESB99501012,Referral,Converted,2024-10-21 00:00:00,KYC Pending
YESB21054444,Walk-in,Lost,2024-01-29 00:00:00,Called for FD
YESB91621407,Referral,Converted,2024-02-06 00:00:00,KYC Pending
YESB42236511,Walk-in,In Progress,2024-12-12 00:00:00,Called for FD
YESB85892286,Referral,In Progress,2024-10-27 00:00:00,Wait for salary credit
YESB69813369,Walk-in,In Progress,2024-10-09 00:00:00,Interested in HL
YESB59152393,Digital Campaign,Converted,2024-03-16 00:00:00,Wait for salary credit
YESB90718342,Referral,Lost,2024-08-28 00:00:00,KYC Pending
YESB86198752,Digital Campaign,Lost,2024-08-19 00:00:00,Wait for salary credit
YESB54887310,Walk-in,Converted,2024-10-09 00:00:00,KYC Pending
YESB24540912,Walk-in,In Progress,2024-05-12 00:00:00,Called for FD
YESB49267266,Referral,In Progress,2024-07-29 00:00:00,Wait for salary credit
YESB72040031,Digital Campaign,In Progress,2024-08-11 00:00:00,Called for FD
YESB52814773,Digital Campaign,In Progress,2024-03-21 00:00:00,Wait for salary credit
YESB47560169,Digital Campaign,In Progress,2024-11-01 00:00:00,KYC Pending
YESB60576647,Walk-in,In Progress,2024-07-18 00:00:00,Called for FD
YESB85590923,Walk-in,Converted,2024-01-14 00:00:00,KYC Pending
YESB45762655,Referral,Converted,2024-08-19 00:00:00,Wait for salary credit
YESB82223167,Digital Campaign,Lost,2024-07-10 00:00:00,KYC Pending
YESB80290253,Walk-in,Lost,2024-06-19 00:00:00,KYC Pending
YESB16488064,Walk-in,Converted,2024-09-28 00:00:00,KYC Pending
YESB93932621,Digital Campaign,Lost,2024-08-06 00:00:00,Interested in HL
YESB28255737,Walk-in,In Progress,2024-03-05 00:00:00,KYC Pending
YESB48436630,Digital Campaign,Lost,2024-01-07 00:00:00,KYC Pending
YESB10162628,Referral,Lost,2024-05-26 00:00:00,Called for FD
YESB26443501,Referral,Converted,2024-09-20 00:00:00,KYC Pending
YESB27048323,Referral,In Progress,2024-12-30 00:00:00,Wait for salary credit
YESB36372904,Referral,Lost,2024-05-14 00:00:00,Wait for salary credit
YESB35638859,Digital Campaign,Converted,2024-01-06 00:00:00,Called for FD
YESB75507409,Referral,Lost,2024-03-16 00:00:00,Interested in HL
YESB22680030,Walk-in,In Progress,2024-01-12 00:00:00,Interested in HL
YESB43930577,Digital Campaign,Lost,2024-09-08 00:00:00,Wait for salary credit
YESB13553975,Walk-in,Lost,2024-12-26 00:00:00,Wait for salary credit
YESB82505016,Referral,In Progress,2024-06-01 00:00:00,KYC Pending
YESB94758480,Digital Campaign,Converted,2024-01-23 00:00:00,Called for FD
YESB36853850,Referral,In Progress,2024-02-24 00:00:00,KYC Pending
YESB28234955,Referral,Converted,2024-08-07 00:00:00,Wait for salary credit
YESB63970563,Walk-in,In Progress,2024-04-18 00:00:00,Wait for salary credit
YESB80864732,Walk-in,Converted,2024-04-22 00:00:00,Interested in HL
YESB29725805,Walk-in,Lost,2024-10-10 00:00:00,Wait for salary credit
YESB66388988,Referral,In Progress,2024-03-17 00:00:00,Wait for salary credit
YESB70618127,Digital Campaign,In Progress,2024-11-15 00:00:00,Called for FD
YESB48032158,Walk-in,Converted,2024-05-17 00:00:00,Called for FD
YESB18100899,Referral,Converted,2024-09-26 00:00:00,KYC Pending
YESB38670680,Referral,Converted,2024-09-09 00:00:00,Called for FD
YESB58464991,Referral,Converted,2024-12-06 00:00:00,Interested in HL
YESB77878144,Walk-in,In Progress,2024-12-25 00:00:00,KYC Pending
YESB21631403,Walk-in,Lost,2024-11-16 00:00:00,Called for FD
YESB86171849,Walk-in,Converted,2024-10-10 00:00:00,KYC Pending
YESB29345267,Digital Campaign,In Progress,2024-12-06 00:00:00,Interested in HL
YESB89179317,Digital Campaign,Lost,2024-11-23 00:00:00,KYC Pending
YESB85618341,Walk-in,Converted,2024-11-19 00:00:00,Called for FD
YESB71988710,Digital Campaign,Converted,2024-02-18 00:00:00,Interested in HL
YESB92587708,Walk-in,In Progress,2024-03-28 00:00:00,Interested in HL
YESB39736781,Digital Campaign,Converted,2024-07-19 00:00:00,Wait for salary credit
YESB64490428,Referral,Converted,2024-09-25 00:00:00,KYC Pending
YESB18357109,Walk-in,Converted,2024-12-02 00:00:00,KYC Pending
YESB36603660,Walk-in,Lost,2024-04-09 00:00:00,Wait for salary credit
YESB19244640,Referral,Lost,2024-07-11 00:00:00,Called for FD
YESB66563833,Digital Campaign,Converted,2024-08-04 00:00:00,Wait for salary credit
YESB84945553,Walk-in,In Progress,2024-08-01 00:00:00,Interested in HL
YESB98801986,Referral,Lost,2024-04-16 00:00:00,Interested in HL
YESB39754124,Referral,Converted,2024-03-28 00:00:00,Wait for salary credit
YESB86965494,Walk-in,Lost,2024-11-05 00:00:00,Wait for salary credit
YESB30926165,Walk-in,Converted,2024-09-22 00:00:00,Interested in HL
YESB66435590,Digital Campaign,Lost,2024-10-30 00:00:00,Interested in HL
YESB47685734,Digital Campaign,Converted,2024-11-08 00:00:00,Called for FD
YESB43849504,Referral,Converted,2024-09-27 00:00:00,Called for FD
YESB23906454,Walk-in,Converted,2024-03-04 00:00:00,KYC Pending
YESB91925881,Referral,Converted,2024-08-20 00:00:00,KYC Pending
YESB20332151,Referral,Converted,2024-06-19 00:00:00,KYC Pending
YESB70749330,Referral,Converted,2024-08-28 00:00:00,Interested in HL
YESB36057680,Referral,Converted,2024-06-26 00:00:00,Wait for salary credit
YESB91055811,Digital Campaign,Converted,2024-06-15 00:00:00,Wait for salary credit
YESB87882375,Walk-in,In Progress,2024-09-13 00:00:00,Called for FD
YESB51621749,Digital Campaign,Converted,2024-08-20 00:00:00,KYC Pending
YESB68663268,Digital Campaign,In Progress,2024-01-30 00:00:00,KYC Pending
YESB62323576,Referral,Converted,2024-10-08 00:00:00,Called for FD
YESB13237313,Referral,Converted,2024-10-05 00:00:00,Wait for salary credit
YESB95356399,Walk-in,In Progress,2024-02-03 00:00:00,Wait for salary credit
YESB75009077,Walk-in,In Progress,2024-01-18 00:00:00,KYC Pending
YESB24659233,Digital Campaign,Lost,2024-11-29 00:00:00,Called for FD
YESB77212324,Walk-in,Lost,2024-04-07 00:00:00,KYC Pending
YESB47158144,Referral,In Progress,2024-10-21 00:00:00,Interested in HL
YESB65091043,Digital Campaign,Converted,2024-01-06 00:00:00,Interested in HL
YESB28823795,Digital Campaign,In Progress,2024-04-29 00:00:00,Wait for salary credit
YESB51875668,Referral,Converted,2024-07-07 00:00:00,Interested in HL
YESB59635389,Referral,In Progress,2024-11-25 00:00:00,KYC Pending
YESB53893200,Referral,Lost,2024-08-15 00:00:00,Interested in HL
YESB55578046,Referral,In Progress,2024-01-08 00:00:00,KYC Pending
YESB58789049,Referral,In Progress,2024-05-29 00:00:00,Wait for salary credit
YESB38599852,Walk-in,In Progress,2024-08-05 00:00:00,Wait for salary credit
YESB85541082,Digital Campaign,In Progress,2024-01-31 00:00:00,Wait for salary credit
YESB41522927,Digital Campaign,In Progress,2024-04-17 00:00:00,Called for FD
YESB23111090,Digital Campaign,In Progress,2024-08-10 00:00:00,Called for FD
YESB32166729,Walk-in,Lost,2024-04-19 00:00:00,Called for FD
YESB72155331,Referral,In Progress,2024-03-14 00:00:00,Called for FD
YESB33864576,Referral,Lost,2024-01-07 00:00:00,Called for FD
YESB69072013,Walk-in,Converted,2024-11-03 00:00:00,KYC Pending
YESB98447086,Digital Campaign,Converted,2024-11-27 00:00:00,Wait for salary credit
YESB28269029,Digital Campaign,Lost,2024-02-28 00:00:00,KYC Pending
YESB92612207,Digital Campaign,In Progress,2024-05-21 00:00:00,Called for FD
YESB76047110,Walk-in,Converted,2024-03-05 00:00:00,Interested in HL
YESB76810960,Digital Campaign,Lost,2024-05-08 00:00:00,Wait for salary credit
YESB35268439,Walk-in,In Progress,2024-02-16 00:00:00,Wait for salary credit
YESB59887041,Referral,In Progress,2024-08-07 00:00:00,Interested in HL
YESB63569383,Walk-in,Lost,2024-10-27 00:00:00,Wait for salary credit
YESB19884962,Walk-in,Lost,2024-03-26 00:00:00,Wait for salary credit
YESB61141769,Walk-in,In Progress,2024-02-22 00:00:00,Called for FD
YESB30443021,Referral,Converted,2024-08-19 00:00:00,KYC Pending
YESB20423825,Referral,Lost,2024-08-07 00:00:00,KYC Pending
YESB88110956,Walk-in,Converted,2024-09-19 00:00:00,Called for FD
YESB56286732,Walk-in,Converted,2024-08-06 00:00:00,KYC Pending
YESB28889381,Walk-in,Lost,2024-10-26 00:00:00,Wait for salary credit
YESB60664981,Referral,In Progress,2024-04-13 00:00:00,Called for FD
YESB90017344,Walk-in,Converted,2024-03-04 00:00:00,Called for FD
YESB91869890,Walk-in,In Progress,2024-09-08 00:00:00,KYC Pending
YESB20665775,Walk-in,In Progress,2024-05-17 00:00:00,Wait for salary credit
YESB19673517,Walk-in,Converted,2024-03-05 00:00:00,Interested in HL
YESB39101823,Referral,In Progress,2024-06-11 00:00:00,Wait for salary credit
YESB81589940,Referral,Lost,2024-10-09 00:00:00,Interested in HL
YESB81190553,Walk-in,Lost,2024-07-17 00:00:00,KYC Pending
YESB32377836,Digital Campaign,In Progress,2024-09-14 00:00:00,Interested in HL
YESB94630947,Walk-in,In Progress,2024-04-02 00:00:00,Wait for salary credit
YESB19920771,Walk-in,In Progress,2024-02-03 00:00:00,Wait for salary credit
YESB85767807,Referral,In Progress,2024-05-25 00:00:00,Called for FD
YESB64999864,Digital Campaign,Converted,2024-10-23 00:00:00,KYC Pending
YESB44565584,Referral,Lost,2024-11-07 00:00:00,Called for FD
YESB14916810,Walk-in,Converted,2024-01-07 00:00:00,Called for FD
YESB25212395,Walk-in,Lost,2024-08-25 00:00:00,Wait for salary credit
YESB30309839,Referral,Converted,2024-05-14 00:00:00,KYC Pending
YESB54035886,Digital Campaign,Lost,2024-08-13 00:00:00,Called for FD
YESB40267505,Walk-in,In Progress,2024-05-12 00:00:00,Interested in HL
YESB45670488,Digital Campaign,Lost,2024-12-04 00:00:00,KYC Pending
YESB81537798,Referral,Lost,2024-03-03 00:00:00,Interested in HL
YESB63439920,Walk-in,Converted,2024-07-20 00:00:00,Wait for salary credit
YESB77768237,Referral,Converted,2024-07-04 00:00:00,KYC Pending
YESB91136243,Referral,Converted,2024-03-27 00:00:00,Wait for salary credit
YESB35491969,Digital Campaign,In Progress,2024-12-28 00:00:00,Wait for salary credit
YESB67192614,Referral,Converted,2024-10-30 00:00:00,Interested in HL
YESB81174608,Referral,Lost,2024-08-07 00:00:00,Interested in HL
YESB26523257,Digital Campaign,In Progress,2024-04-19 00:00:00,Interested in HL
YESB98535939,Referral,Lost,2024-07-09 00:00:00,KYC Pending
YESB86248668,Walk-in,Converted,2024-10-25 00:00:00,Wait for salary credit
YESB39652091,Referral,In Progress,2024-11-22 00:00:00,Wait for salary credit
YESB18453837,Digital Campaign,Converted,2024-10-28 00:00:00,Wait for salary credit
YESB16118554,Walk-in,Converted,2024-01-31 00:00:00,Called for FD
YESB68025102,Walk-in,Lost,2024-05-07 00:00:00,KYC Pending
YESB45493277,Referral,Lost,2024-12-11 00:00:00,Wait for salary credit
YESB69160319,Digital Campaign,In Progress,2024-02-27 00:00:00,Called for FD
YESB53231018,Digital Campaign,Converted,2024-06-28 00:00:00,KYC Pending
YESB61080687,Walk-in,In Progress,2024-06-10 00:00:00,KYC Pending
YESB36160840,Walk-in,In Progress,2024-09-14 00:00:00,Called for FD
YESB31046637,Walk-in,Converted,2024-08-18 00:00:00,Wait for salary credit
YESB97288633,Digital Campaign,Converted,2024-11-15 00:00:00,Called for FD
YESB51078610,Digital Campaign,In Progress,2024-08-24 00:00:00,Interested in HL
YESB29431851,Walk-in,Converted,2024-08-15 00:00:00,Interested in HL
YESB70562189,Digital Campaign,In Progress,2024-12-05 00:00:00,Wait for salary credit
YESB84683415,Referral,In Progress,2024-06-02 00:00:00,KYC Pending
YESB46840427,Digital Campaign,Converted,2024-03-04 00:00:00,Interested in HL
YESB85451996,Walk-in,In Progress,2024-10-21 00:00:00,KYC Pending
YESB38250285,Referral,In Progress,2024-06-24 00:00:00,Interested in HL
YESB98240536,Referral,In Progress,2024-06-22 00:00:00,KYC Pending
YESB15235852,Digital Campaign,Lost,2024-07-11 00:00:00,KYC Pending
YESB57979367,Walk-in,Lost,2024-11-24 00:00:00,KYC Pending
YESB41078975,Referral,Lost,2024-08-09 00:00:00,Called for FD
YESB95929660,Referral,Converted,2024-05-04 00:00:00,KYC Pending
YESB75371735,Referral,In Progress,2024-07-11 00:00:00,Interested in HL
YESB67327181,Walk-in,Converted,2024-08-11 00:00:00,Wait for salary credit
YESB62518081,Digital Campaign,Converted,2024-06-27 00:00:00,Wait for salary credit
YESB91117443,Digital Campaign,Converted,2024-11-01 00:00:00,Called for FD
YESB54581674,Digital Campaign,In Progress,2024-01-31 00:00:00,KYC Pending
YESB36703082,Walk-in,In Progress,2024-05-28 00:00:00,Called for FD
YESB22022824,Digital Campaign,Converted,2024-04-19 00:00:00,KYC Pending
YESB25519586,Referral,Converted,2024-03-20 00:00:00,KYC Pending
YESB63155327,Referral,In Progress,2024-07-08 00:00:00,Called for FD
YESB64474760,Walk-in,Lost,2024-04-07 00:00:00,KYC Pending
YESB11435163,Referral,Converted,2024-06-15 00:00:00,Wait for salary credit
YESB63862414,Walk-in,Converted,2024-02-26 00:00:00,Interested in HL
YESB55677929,Referral,Lost,2024-03-01 00:00:00,Called for FD
YESB42251764,Walk-in,Converted,2024-01-17 00:00:00,Interested in HL
YESB76360598,Digital Campaign,Converted,2024-09-18 00:00:00,KYC Pending
YESB49655470,Walk-in,Lost,2024-11-30 00:00:00,Wait for salary credit
YESB29650265,Referral,In Progress,2024-09-10 00:00:00,Called for FD
YESB96788312,Digital Campaign,Lost,2024-11-10 00:00:00,Wait for salary credit
YESB40623984,Walk-in,In Progress,2024-07-03 00:00:00,Interested in HL
YESB91325656,Referral,Converted,2024-10-31 00:00:00,Wait for salary credit
YESB56033568,Digital Campaign,Lost,2024-04-10 00:00:00,Interested in HL
YESB12674354,Referral,Lost,2024-11-19 00:00:00,Interested in HL
YESB42980091,Walk-in,Lost,2024-07-14 00:00:00,Wait for salary credit
YESB65202838,Digital Campaign,Lost,2024-08-11 00:00:00,Interested in HL
YESB40438930,Walk-in,In Progress,2024-01-02 00:00:00,Wait for salary credit
YESB98996438,Digital Campaign,In Progress,2024-07-23 00:00:00,KYC Pending
YESB50807595,Digital Campaign,Converted,2024-09-07 00:00:00,Interested in HL
YESB87319392,Walk-in,Converted,2024-01-23 00:00:00,Interested in HL
YESB29223310,Referral,Converted,2024-06-11 00:00:00,Called for FD
YESB40537150,Digital Campaign,Converted,2024-07-07 00:00:00,Called for FD
YESB88577686,Walk-in,Lost,2024-02-06 00:00:00,Wait for salary credit
YESB60446486,Walk-in,In Progress,2024-10-22 00:00:00,Interested in HL
YESB72777160,Referral,Lost,2024-07-25 00:00:00,Wait for salary credit
YESB43744884,Referral,In Progress,2024-08-18 00:00:00,Interested in HL
YESB25096573,Digital Campaign,Converted,2024-12-24 00:00:00,Wait for salary credit
YESB44313543,Digital Campaign,Converted,2024-03-09 00:00:00,KYC Pending
YESB15538364,Walk-in,Converted,2024-12-14 00:00:00,Interested in HL
YESB21336095,Referral,Converted,2024-11-06 00:00:00,KYC Pending
YESB62488823,Walk-in,Lost,2024-07-22 00:00:00,KYC Pending
YESB39600393,Walk-in,Lost,2024-04-10 00:00:00,Wait for salary credit
YESB14587465,Walk-in,In Progress,2024-06-26 00:00:00,KYC Pending
YESB68743506,Walk-in,Lost,2024-03-01 00:00:00,Wait for salary credit
YESB61992455,Referral,In Progress,2024-02-12 00:00:00,KYC Pending
YESB64495086,Walk-in,Converted,2024-07-31 00:00:00,Called for FD
YESB24326663,Walk-in,Lost,2024-05-19 00:00:00,Called for FD
YESB52946199,Walk-in,Lost,2024-05-28 00:00:00,KYC Pending
YESB70572759,Digital Campaign,Converted,2024-08-10 00:00:00,Called for FD
YESB15272958,Digital Campaign,In Progress,2024-06-28 00:00:00,Wait for salary credit
YESB51864763,Digital Campaign,In Progress,2024-07-17 00:00:00,Wait for salary credit
YESB21020842,Referral,Converted,2024-08-19 00:00:00,Called for FD
YESB20843385,Referral,Converted,2024-09-10 00:00:00,Wait for salary credit
YESB29056200,Digital Campaign,In Progress,2024-03-05 00:00:00,KYC Pending
YESB13430897,Referral,Converted,2024-07-02 00:00:00,KYC Pending
YESB46450145,Digital Campaign,In Progress,2024-11-02 00:00:00,Wait for salary credit
YESB18147077,Digital Campaign,In Progress,2024-08-24 00:00:00,Called for FD
YESB66177221,Referral,Lost,2024-03-08 00:00:00,Called for FD
YESB61593415,Referral,In Progress,2024-09-21 00:00:00,Called for FD
YESB54791180,Walk-in,Lost,2024-09-24 00:00:00,Interested in HL
YESB28076356,Digital Campaign,In Progress,2024-02-10 00:00:00,Interested in HL
YESB58134779,Walk-in,Converted,2024-11-23 00:00:00,Called for FD
YESB36101197,Referral,Lost,2024-06-03 00:00:00,Interested in HL
YESB93657534,Digital Campaign,In Progress,2024-10-16 00:00:00,Wait for salary credit
YESB44732474,Referral,In Progress,2024-01-28 00:00:00,Called for FD
YESB83579405,Walk-in,Lost,2024-06-07 00:00:00,Wait for salary credit
YESB25563878,Referral,In Progress,2024-09-09 00:00:00,Wait for salary credit
YESB80870998,Referral,Converted,2024-01-19 00:00:00,Called for FD
YESB23662406,Digital Campaign,Lost,2024-07-12 00:00:00,KYC Pending
YESB98307241,Digital Campaign,In Progress,2024-07-06 00:00:00,KYC Pending
YESB64665279,Walk-in,In Progress,2024-01-17 00:00:00,KYC Pending
YESB96461426,Referral,In Progress,2024-07-11 00:00:00,KYC Pending
YESB18745308,Digital Campaign,In Progress,2024-11-29 00:00:00,Wait for salary credit
YESB39462056,Digital Campaign,Converted,2024-01-15 00:00:00,Called for FD
YESB74440276,Walk-in,Converted,2024-03-14 00:00:00,Called for FD
YESB83876262,Digital Campaign,In Progress,2024-04-29 00:00:00,KYC Pending
YESB74101167,Walk-in,In Progress,2024-12-26 00:00:00,Called for FD
YESB30483836,Referral,In Progress,2024-07-04 00:00:00,Called for FD
YESB42396188,Referral,Converted,2024-01-12 00:00:00,KYC Pending
YESB84725883,Walk-in,Lost,2024-09-29 00:00:00,Interested in HL
YESB21981579,Walk-in,Lost,2024-07-06 00:00:00,Interested in HL
YESB97121776,Referral,Lost,2024-09-13 00:00:00,KYC Pending
YESB84395294,Referral,Lost,2024-10-19 00:00:00,Called for FD
YESB94237158,Digital Campaign,Lost,2024-09-04 00:00:00,KYC Pending
YESB93592575,Digital Campaign,Lost,2024-07-03 00:00:00,Called for FD
YESB84849121,Referral,Converted,2024-12-21 00:00:00,Interested in HL
YESB52835197,Referral,In Progress,2024-08-18 00:00:00,Called for FD
YESB87677333,Walk-in,Converted,2024-04-07 00:00:00,Interested in HL
YESB32731542,Walk-in,Converted,2024-09-07 00:00:00,Wait for salary credit
YESB97573728,Digital Campaign,In Progress,2024-03-17 00:00:00,KYC Pending
YESB20790939,Referral,Lost,2024-11-07 00:00:00,KYC Pending
YESB71786503,Walk-in,In Progress,2024-07-02 00:00:00,Called for FD
YESB78788024,Referral,Lost,2024-01-07 00:00:00,Interested in HL
YESB92399365,Walk-in,Lost,2024-08-12 00:00:00,Wait for salary credit
YESB90586782,Referral,In Progress,2024-12-15 00:00:00,Called for FD
YESB97005161,Referral,In Progress,2024-07-21 00:00:00,Interested in HL
YESB43689187,Walk-in,In Progress,2024-09-16 00:00:00,Called for FD
YESB76741685,Walk-in,Converted,2024-11-30 00:00:00,Interested in HL
YESB23380290,Digital Campaign,Converted,2024-07-28 00:00:00,Wait for salary credit
YESB21860218,Walk-in,In Progress,2024-12-02 00:00:00,KYC Pending
YESB89826737,Referral,Converted,2024-12-06 00:00:00,Wait for salary credit
YESB99723470,Digital Campaign,Converted,2024-11-13 00:00:00,KYC Pending
YESB76207220,Walk-in,In Progress,2024-10-06 00:00:00,Interested in HL
YESB94869783,Walk-in,Converted,2024-11-04 00:00:00,Interested in HL
YESB18917187,Walk-in,Converted,2024-08-16 00:00:00,Interested in HL
YESB24083609,Referral,Converted,2024-03-15 00:00:00,Wait for salary credit
YESB30518360,Referral,Lost,2024-07-20 00:00:00,Called for FD
YESB18578230,Digital Campaign,In Progress,2024-01-18 00:00:00,Interested in HL
YESB65652571,Referral,Converted,2024-11-12 00:00:00,Called for FD
YESB64718207,Digital Campaign,Lost,2024-12-31 00:00:00,Interested in HL
YESB50582051,Digital Campaign,Lost,2024-07-04 00:00:00,Wait for salary credit
YESB38582252,Referral,Converted,2024-04-16 00:00:00,Interested in HL
YESB44981651,Digital Campaign,In Progress,2024-04-08 00:00:00,KYC Pending
YESB16405778,Digital Campaign,In Progress,2024-12-13 00:00:00,Wait for salary credit
YESB66467501,Referral,Lost,2024-12-10 00:00:00,Interested in HL
YESB87099115,Referral,Lost,2024-04-07 00:00:00,Wait for salary credit
YESB33442542,Referral,Lost,2024-08-03 00:00:00,KYC Pending
YESB64150595,Referral,Converted,2024-05-16 00:00:00,KYC Pending
YESB50967754,Referral,Lost,2024-07-11 00:00:00,KYC Pending
YESB52235394,Walk-in,Converted,2024-12-01 00:00:00,Interested in HL
YESB31079526,Referral,Converted,2024-01-25 00:00:00,KYC Pending
YESB45107204,Walk-in,Converted,2024-02-01 00:00:00,Interested in HL
YESB53880744,Digital Campaign,Lost,2024-01-20 00:00:00,Wait for salary credit
YESB83134602,Referral,Converted,2024-12-17 00:00:00,Called for FD
YESB81168047,Referral,Lost,2024-09-19 00:00:00,Wait for salary credit
YESB75124093,Walk-in,Lost,2024-05-05 00:00:00,Wait for salary credit
YESB64195421,Referral,Lost,2024-12-22 00:00:00,Called for FD
YESB47904412,Walk-in,Lost,2024-01-15 00:00:00,Wait for salary credit
YESB74010376,Referral,Lost,2024-02-19 00:00:00,Wait for salary credit
YESB50583356,Walk-in,Lost,2024-02-02 00:00:00,Called for FD
YESB88949596,Referral,Converted,2024-01-17 00:00:00,Interested in HL
YESB66595365,Referral,In Progress,2024-08-09 00:00:00,Called for FD
YESB15555292,Referral,Converted,2024-11-06 00:00:00,Interested in HL
YESB13034004,Digital Campaign,Lost,2024-03-22 00:00:00,Interested in HL
YESB85496735,Walk-in,Converted,2024-02-10 00:00:00,Wait for salary credit
YESB78778587,Referral,Lost,2024-03-11 00:00:00,KYC Pending
YESB58224171,Digital Campaign,Lost,2024-12-15 00:00:00,Interested in HL
YESB45963383,Walk-in,Converted,2024-09-10 00:00:00,Called for FD
YESB47293357,Digital Campaign,Converted,2024-05-05 00:00:00,Called for FD
YESB36030350,Digital Campaign,Converted,2024-06-30 00:00:00,Interested in HL
YESB57936320,Referral,Lost,2024-09-27 00:00:00,Interested in HL
YESB74577638,Digital Campaign,Converted,2024-04-13 00:00:00,KYC Pending
YESB78731273,Referral,Converted,2024-09-16 00:00:00,Called for FD
YESB99724824,Walk-in,In Progress,2024-10-01 00:00:00,Called for FD
YESB14128557,Referral,Converted,2024-08-13 00:00:00,Called for FD
YESB19734250,Referral,In Progress,2024-10-29 00:00:00,KYC Pending
YESB17004312,Digital Campaign,Lost,2024-11-13 00:00:00,KYC Pending
YESB67400732,Walk-in,Converted,2024-11-16 00:00:00,KYC Pending
YESB22863582,Referral,In Progress,2024-03-04 00:00:00,Called for FD
YESB92146364,Referral,Converted,2024-10-28 00:00:00,Wait for salary credit
YESB48741598,Referral,In Progress,2024-07-30 00:00:00,Interested in HL
YESB46462230,Digital Campaign,Converted,2024-11-28 00:00:00,Interested in HL
YESB48518349,Digital Campaign,Lost,2024-07-24 00:00:00,Wait for salary credit
YESB14531578,Walk-in,Lost,2024-06-30 00:00:00,Wait for salary credit
YESB67462422,Referral,Converted,2024-11-19 00:00:00,Interested in HL
YESB38303663,Referral,In Progress,2024-02-21 00:00:00,Wait for salary credit
YESB96408243,Digital Campaign,Converted,2024-03-27 00:00:00,Wait for salary credit
YESB15940018,Walk-in,Lost,2024-04-29 00:00:00,Wait for salary credit
YESB62866426,Referral,In Progress,2024-05-03 00:00:00,Called for FD
YESB77685591,Digital Campaign,Lost,2024-10-10 00:00:00,Called for FD
YESB33036220,Digital Campaign,Converted,2024-02-15 00:00:00,Interested in HL
YESB73751901,Walk-in,Converted,2024-05-12 00:00:00,Wait for salary credit
YESB75767890,Walk-in,Converted,2024-09-07 00:00:00,Interested in HL
YESB57284452,Referral,Lost,2024-08-03 00:00:00,KYC Pending
YESB39568246,Referral,In Progress,2024-06-24 00:00:00,KYC Pending
YESB24797000,Digital Campaign,In Progress,2024-04-10 00:00:00,Called for FD
YESB24385780,Referral,Lost,2024-06-11 00:00:00,Called for FD
YESB33750363,Referral,Lost,2024-09-17 00:00:00,KYC Pending
YESB89199239,Walk-in,In Progress,2024-01-24 00:00:00,Wait for salary credit
YESB15764929,Walk-in,In Progress,2024-01-14 00:00:00,Called for FD
YESB38765910,Referral,Converted,2024-08-03 00:00:00,Called for FD
YESB13369761,Walk-in,In Progress,2024-12-29 00:00:00,Called for FD
YESB24040652,Referral,In Progress,2024-10-09 00:00:00,Called for FD
YESB94245727,Digital Campaign,Converted,2024-04-24 00:00:00,KYC Pending
YESB36067543,Walk-in,In Progress,2024-04-25 00:00:00,Interested in HL
YESB96842245,Referral,In Progress,2024-12-27 00:00:00,Called for FD
YESB82948192,Digital Campaign,In Progress,2024-02-27 00:00:00,Wait for salary credit
YESB76623926,Referral,Converted,2024-10-27 00:00:00,Called for FD
YESB97462668,Digital Campaign,Lost,2024-07-14 00:00:00,Interested in HL
YESB35832327,Walk-in,Lost,2024-08-02 00:00:00,Wait for salary credit
YESB42671255,Walk-in,In Progress,2024-04-11 00:00:00,Interested in HL
YESB14920309,Digital Campaign,Lost,2024-05-21 00:00:00,Called for FD
YESB23981383,Referral,Lost,2024-06-24 00:00:00,KYC Pending
YESB28598829,Digital Campaign,In Progress,2024-10-08 00:00:00,Interested in HL
YESB85797904,Digital Campaign,Converted,2024-12-29 00:00:00,Called for FD
YESB90142651,Walk-in,In Progress,2024-05-27 00:00:00,Called for FD
YESB79992455,Digital Campaign,Lost,2024-02-01 00:00:00,KYC Pending
YESB42150796,Digital Campaign,Converted,2024-11-30 00:00:00,Called for FD
YESB64760093,Digital Campaign,In Progress,2024-06-11 00:00:00,Interested in HL
YESB75997354,Walk-in,In Progress,2024-10-19 00:00:00,Called for FD
YESB91074334,Referral,Converted,2024-05-20 00:00:00,KYC Pending
YESB71592218,Walk-in,Converted,2024-07-17 00:00:00,Interested in HL
YESB91289886,Referral,Lost,2024-06-14 00:00:00,KYC Pending
YESB52267778,Digital Campaign,Converted,2024-10-27 00:00:00,Called for FD
YESB68710157,Referral,Lost,2024-10-13 00:00:00,KYC Pending
YESB98597009,Walk-in,Lost,2024-02-23 00:00:00,KYC Pending
YESB31456056,Referral,Lost,2024-06-03 00:00:00,Called for FD
YESB19385318,Referral,Converted,2024-03-19 00:00:00,Wait for salary credit
YESB87401458,Walk-in,Converted,2024-01-08 00:00:00,Wait for salary credit
YESB67450994,Walk-in,In Progress,2024-05-31 00:00:00,Interested in HL
YESB54347593,Walk-in,Converted,2024-03-22 00:00:00,Interested in HL
YESB11124333,Digital Campaign,Lost,2024-12-02 00:00:00,Wait for salary credit
YESB39903612,Walk-in,Converted,2024-09-06 00:00:00,Interested in HL
YESB37898614,Referral,Converted,2024-12-15 00:00:00,Called for FD
YESB86519904,Digital Campaign,Lost,2024-05-23 00:00:00,Interested in HL
YESB31676251,Referral,Converted,2024-11-22 00:00:00,Wait for salary credit
YESB99772922,Walk-in,Converted,2024-05-05 00:00:00,Interested in HL
YESB89802677,Walk-in,Lost,2024-09-13 00:00:00,Wait for salary credit
YESB37238825,Referral,Converted,2024-12-09 00:00:00,Called for FD
YESB12642267,Walk-in,Converted,2024-11-15 00:00:00,Interested in HL
YESB38175404,Referral,Converted,2024-06-06 00:00:00,Called for FD
YESB59695297,Walk-in,In Progress,2024-11-23 00:00:00,Wait for salary credit
YESB11519256,Digital Campaign,Lost,2024-04-22 00:00:00,Called for FD
YESB86909205,Walk-in,Lost,2024-06-10 00:00:00,Interested in HL
YESB13557074,Digital Campaign,In Progress,2024-05-06 00:00:00,Interested in HL
YESB49014704,Digital Campaign,Converted,2024-05-29 00:00:00,KYC Pending
YESB66142331,Walk-in,Lost,2024-05-15 00:00:00,KYC Pending
YESB86413501,Walk-in,In Progress,2024-10-17 00:00:00,KYC Pending
YESB84938636,Referral,Converted,2024-05-27 00:00:00,KYC Pending
YESB35426420,Digital Campaign,In Progress,2024-07-30 00:00:00,KYC Pending
YESB63882460,Referral,In Progress,2024-02-29 00:00:00,Wait for salary credit
YESB71081706,Referral,Lost,2024-08-18 00:00:00,Wait for salary credit
YESB36321733,Walk-in,Lost,2024-08-15 00:00:00,Interested in HL
YESB74250029,Referral,Converted,2024-09-29 00:00:00,Called for FD
YESB52536767,Digital Campaign,Lost,2024-10-21 00:00:00,Interested in HL
YESB44692535,Walk-in,Converted,2024-06-12 00:00:00,Wait for salary credit
YESB79134197,Walk-in,Lost,2024-03-10 00:00:00,Interested in HL
YESB94279140,Referral,In Progress,2024-11-14 00:00:00,Interested in HL
YESB72506554,Referral,Lost,2024-10-31 00:00:00,Wait for salary credit
YESB87579092,Walk-in,Converted,2024-12-13 00:00:00,Wait for salary credit
YESB88327256,Digital Campaign,Lost,2024-05-07 00:00:00,KYC Pending
YESB55305674,Referral,Lost,2024-05-01 00:00:00,KYC Pending
YESB22516366,Digital Campaign,Lost,2024-01-24 00:00:00,Interested in HL
YESB68897437,Walk-in,Lost,2024-01-25 00:00:00,Interested in HL
YESB11367432,Walk-in,In Progress,2024-09-01 00:00:00,Called for FD
YESB45584907,Digital Campaign,In Progress,2024-12-30 00:00:00,Interested in HL
YESB45991111,Referral,Converted,2024-01-01 00:00:00,KYC Pending
YESB83938464,Digital Campaign,Lost,2024-12-15 00:00:00,Wait for salary credit
YESB79961582,Digital Campaign,In Progress,2024-06-20 00:00:00,Interested in HL
YESB91605732,Walk-in,Lost,2024-02-02 00:00:00,KYC Pending
YESB96732587,Referral,In Progress,2024-09-17 00:00:00,KYC Pending
YESB84360561,Referral,Lost,2024-04-08 00:00:00,Interested in HL
YESB24973206,Digital Campaign,Lost,2024-06-15 00:00:00,KYC Pending
YESB61701546,Referral,Lost,2024-09-20 00:00:00,KYC Pending
YESB38013148,Walk-in,Lost,2024-04-26 00:00:00,Wait for salary credit
YESB60720890,Walk-in,Converted,2024-09-17 00:00:00,KYC Pending
YESB79224317,Referral,Converted,2024-08-10 00:00:00,KYC Pending
YESB93148749,Digital Campaign,Converted,2024-08-18 00:00:00,KYC Pending
YESB61143080,Walk-in,In Progress,2024-03-30 00:00:00,KYC Pending
YESB38454440,Walk-in,Lost,2024-08-09 00:00:00,Wait for salary credit
YESB19366208,Digital Campaign,Lost,2024-05-07 00:00:00,Interested in HL
YESB20565293,Digital Campaign,In Progress,2024-09-26 00:00:00,Called for FD
YESB83694187,Walk-in,Lost,2024-05-14 00:00:00,Wait for salary credit
YESB69725674,Digital Campaign,Converted,2024-06-25 00:00:00,KYC Pending
YESB71937391,Referral,Converted,2024-11-21 00:00:00,Wait for salary credit
YESB72497676,Referral,Converted,2024-05-05 00:00:00,KYC Pending
YESB32136708,Referral,In Progress,2024-04-06 00:00:00,Called for FD
YESB34434776,Digital Campaign,Lost,2024-04-18 00:00:00,KYC Pending
YESB55443052,Digital Campaign,Lost,2024-10-26 00:00:00,Called for FD
YESB85866949,Referral,In Progress,2024-10-06 00:00:00,KYC Pending
YESB79884830,Digital Campaign,In Progress,2024-08-06 00:00:00,Interested in HL
YESB30815786,Walk-in,In Progress,2024-10-02 00:00:00,Called for FD
YESB36159031,Digital Campaign,In Progress,2024-04-30 00:00:00,KYC Pending
YESB27193271,Walk-in,In Progress,2024-01-19 00:00:00,KYC Pending
YESB41180096,Digital Campaign,Lost,2024-11-11 00:00:00,Wait for salary credit
YESB18579730,Referral,Lost,2024-11-30 00:00:00,Called for FD
YESB49632335,Walk-in,Converted,2024-06-15 00:00:00,Wait for salary credit
YESB28568583,Digital Campaign,Lost,2024-05-22 00:00:00,Interested in HL
YESB31671085,Digital Campaign,Lost,2024-03-26 00:00:00,Called for FD
YESB25841316,Referral,Converted,2024-12-17 00:00:00,Interested in HL
YESB73829196,Referral,Lost,2024-03-07 00:00:00,Called for FD
YESB37436479,Walk-in,Converted,2024-09-01 00:00:00,Interested in HL
YESB37988209,Digital Campaign,Converted,2024-05-11 00:00:00,KYC Pending
YESB45457484,Walk-in,Converted,2024-02-03 00:00:00,Wait for salary credit
YESB84919772,Referral,Converted,2024-10-22 00:00:00,Wait for salary credit
YESB74234556,Referral,Lost,2024-11-05 00:00:00,Wait for salary credit
YESB89366326,Walk-in,Lost,2024-10-19 00:00:00,KYC Pending
YESB14940384,Digital Campaign,Converted,2024-02-21 00:00:00,Wait for salary credit
YESB48786822,Referral,Lost,2024-07-06 00:00:00,KYC Pending
YESB26111628,Walk-in,Lost,2024-01-30 00:00:00,Called for FD
YESB30216834,Walk-in,Converted,2024-11-20 00:00:00,KYC Pending
YESB80241482,Walk-in,Lost,2024-01-07 00:00:00,Interested in HL
YESB37278589,Walk-in,Lost,2024-07-22 00:00:00,Interested in HL
YESB41889101,Digital Campaign,Converted,2024-01-31 00:00:00,KYC Pending
YESB32568529,Walk-in,In Progress,2024-10-04 00:00:00,KYC Pending
YESB27504969,Digital Campaign,In Progress,2024-10-28 00:00:00,Wait for salary credit
YESB56245210,Digital Campaign,Lost,2024-01-19 00:00:00,Interested in HL
YESB68261942,Referral,In Progress,2024-02-17 00:00:00,KYC Pending
YESB36890463,Walk-in,In Progress,2024-03-13 00:00:00,Called for FD
YESB66961356,Walk-in,In Progress,2024-04-27 00:00:00,KYC Pending
YESB66577753,Digital Campaign,Lost,2024-12-25 00:00:00,KYC Pending
YESB34622007,Digital Campaign,Lost,2024-12-20 00:00:00,Called for FD
YESB25608710,Digital Campaign,In Progress,2024-08-24 00:00:00,Wait for salary credit
YESB68960304,Walk-in,In Progress,2024-12-24 00:00:00,Interested in HL
YESB66804811,Referral,Converted,2024-08-07 00:00:00,Wait for salary credit
YESB49004679,Walk-in,In Progress,2024-06-22 00:00:00,Wait for salary credit
YESB69385712,Walk-in,Converted,2024-10-07 00:00:00,Wait for salary credit
YESB82374318,Digital Campaign,In Progress,2024-03-10 00:00:00,Called for FD
YESB85507774,Walk-in,Lost,2024-08-05 00:00:00,KYC Pending
YESB10751206,Walk-in,In Progress,2024-04-03 00:00:00,Called for FD
YESB34234980,Referral,In Progress,2024-04-02 00:00:00,Interested in HL
YESB18767820,Referral,Converted,2024-04-06 00:00:00,Interested in HL
YESB93611740,Walk-in,Converted,2024-08-28 00:00:00,KYC Pending
YESB67271844,Digital Campaign,Lost,2024-12-12 00:00:00,Called for FD
YESB48921023,Referral,In Progress,2024-07-15 00:00:00,KYC Pending
YESB45949686,Referral,Lost,2024-02-01 00:00:00,Called for FD
YESB72004157,Walk-in,In Progress,2024-03-10 00:00:00,Interested in HL
YESB28393552,Walk-in,Lost,2024-02-06 00:00:00,Interested in HL
YESB24217994,Referral,Converted,2024-07-28 00:00:00,KYC Pending
YESB35854412,Digital Campaign,Converted,2024-05-17 00:00:00,Called for FD
YESB95514416,Digital Campaign,Converted,2024-03-20 00:00:00,Called for FD
YESB63948533,Walk-in,Converted,2024-12-21 00:00:00,Called for FD
YESB34711943,Referral,Converted,2024-12-20 00:00:00,Called for FD
YESB11684191,Referral,Converted,2024-02-04 00:00:00,Called for FD
YESB66456811,Walk-in,In Progress,2024-11-05 00:00:00,KYC Pending
YESB48222019,Referral,In Progress,2024-11-30 00:00:00,Called for FD
YESB14587465,Walk-in,Converted,2024-07-05 00:00:00,Called for FD
YESB79592687,Digital Campaign,Lost,2024-06-23 00:00:00,Called for FD
YESB45449195,Digital Campaign,Converted,2024-04-24 00:00:00,Wait for salary credit
YESB79725814,Digital Campaign,In Progress,2024-11-22 00:00:00,Wait for salary credit
YESB60116658,Walk-in,In Progress,2024-08-29 00:00:00,KYC Pending
YESB95271405,Walk-in,Converted,2024-07-05 00:00:00,KYC Pending
YESB40726716,Digital Campaign,Converted,2024-10-02 00:00:00,Interested in HL
YESB81552324,Digital Campaign,Lost,2024-05-06 00:00:00,KYC Pending
YESB51563873,Referral,Converted,2024-07-11 00:00:00,Called for FD
YESB10966356,Digital Campaign,In Progress,2024-04-01 00:00:00,Interested in HL
YESB98714067,Referral,Converted,2024-01-03 00:00:00,Interested in HL
YESB21613426,Walk-in,Converted,2024-09-05 00:00:00,Interested in HL
YESB97156545,Walk-in,Converted,2024-11-16 00:00:00,Interested in HL
YESB89318327,Walk-in,Lost,2024-08-22 00:00:00,Called for FD
YESB49824731,Referral,Lost,2024-02-06 00:00:00,Interested in HL
YESB78890532,Digital Campaign,Converted,2024-09-12 00:00:00,Called for FD
YESB85001820,Referral,Lost,2024-06-23 00:00:00,Called for FD
YESB80718239,Digital Campaign,Converted,2024-01-05 00:00:00,Wait for salary credit
YESB96679116,Digital Campaign,Converted,2024-01-07 00:00:00,KYC Pending
YESB55238275,Referral,Converted,2024-04-18 00:00:00,Wait for salary credit
YESB65092343,Referral,Lost,2024-02-12 00:00:00,Called for FD
YESB87324783,Referral,Converted,2024-03-13 00:00:00,KYC Pending
YESB16484369,Digital Campaign,Lost,2024-08-04 00:00:00,Called for FD
YESB55143494,Walk-in,In Progress,2024-05-30 00:00:00,Called for FD
YESB22659657,Digital Campaign,Converted,2024-06-18 00:00:00,Called for FD
YESB72605669,Digital Campaign,In Progress,2024-03-04 00:00:00,KYC Pending
YESB68588062,Walk-in,Lost,2024-03-29 00:00:00,KYC Pending
YESB99947249,Walk-in,In Progress,2024-02-02 00:00:00,Called for FD
YESB69111458,Digital Campaign,In Progress,2024-02-10 00:00:00,Called for FD
YESB93741072,Walk-in,Lost,2024-04-12 00:00:00,Wait for salary credit
YESB82029384,Referral,Converted,2024-02-10 00:00:00,Wait for salary credit
YESB18519289,Walk-in,Lost,2024-04-03 00:00:00,Interested in HL
YESB56324099,Referral,In Progress,2024-06-07 00:00:00,KYC Pending
YESB70009017,Walk-in,Lost,2024-04-28 00:00:00,Wait for salary credit
YESB52773797,Digital Campaign,Converted,2024-12-29 00:00:00,Interested in HL
YESB31096185,Referral,In Progress,2024-08-16 00:00:00,Called for FD
YESB88071421,Digital Campaign,In Progress,2024-04-06 00:00:00,Called for FD
YESB82693319,Walk-in,Converted,2024-04-05 00:00:00,Interested in HL
YESB86057071,Referral,Lost,2024-11-14 00:00:00,Called for FD
YESB97222334,Digital Campaign,Converted,2024-10-15 00:00:00,KYC Pending
YESB74604965,Walk-in,Lost,2024-04-12 00:00:00,Interested in HL
YESB92750271,Walk-in,Lost,2024-07-08 00:00:00,KYC Pending
YESB99301460,Digital Campaign,In Progress,2024-03-26 00:00:00,Interested in HL
YESB83487236,Walk-in,Lost,2024-04-23 00:00:00,Interested in HL
YESB15635646,Walk-in,Converted,2024-12-27 00:00:00,Wait for salary credit
YESB67482770,Referral,In Progress,2024-12-17 00:00:00,Interested in HL
YESB25624281,Digital Campaign,Lost,2024-01-27 00:00:00,Wait for salary credit
YESB39511948,Walk-in,Converted,2024-06-25 00:00:00,KYC Pending
YESB87581737,Walk-in,Converted,2024-01-22 00:00:00,Called for FD
YESB76824894,Walk-in,Converted,2024-07-17 00:00:00,Called for FD
YESB46371439,Walk-in,Lost,2024-06-08 00:00:00,Interested in HL
YESB99728970,Walk-in,In Progress,2024-08-31 00:00:00,Interested in HL
YESB98312637,Digital Campaign,In Progress,2024-05-01 00:00:00,Called for FD
YESB89366326,Walk-in,In Progress,2024-01-22 00:00:00,Called for FD
YESB48901895,Digital Campaign,In Progress,2024-02-02 00:00:00,Interested in HL
YESB44814055,Referral,Converted,2024-09-01 00:00:00,Called for FD
YESB72459915,Digital Campaign,Converted,2024-10-01 00:00:00,KYC Pending
YESB29916144,Digital Campaign,Converted,2024-05-01 00:00:00,KYC Pending
YESB67450994,Referral,In Progress,2024-10-28 00:00:00,Called for FD
YESB85928752,Walk-in,Lost,2024-05-01 00:00:00,Wait for salary credit
YESB38761595,Walk-in,In Progress,2024-02-02 00:00:00,KYC Pending
YESB74732641,Referral,In Progress,2024-07-19 00:00:00,Interested in HL
YESB30194327,Walk-in,Converted,2024-01-18 00:00:00,Interested in HL
YESB24103669,Walk-in,In Progress,2024-06-06 00:00:00,Wait for salary credit
YESB16842789,Digital Campaign,In Progress,2024-07-07 00:00:00,Wait for salary credit
YESB62271773,Referral,Lost,2024-05-23 00:00:00,Wait for salary credit
YESB65654142,Digital Campaign,In Progress,2024-08-11 00:00:00,Interested in HL
YESB94339031,Walk-in,In Progress,2024-04-26 00:00:00,Wait for salary credit
YESB42627452,Walk-in,In Progress,2024-06-04 00:00:00,Interested in HL
YESB47635307,Digital Campaign,In Progress,2024-04-08 00:00:00,Wait for salary credit
YESB21487736,Referral,In Progress,2024-05-30 00:00:00,KYC Pending
YESB43343433,Walk-in,In Progress,2024-04-02 00:00:00,KYC Pending
YESB29664200,Walk-in,Converted,2024-03-09 00:00:00,KYC Pending
YESB83181439,Digital Campaign,Converted,2024-01-13 00:00:00,Called for FD
YESB16750957,Referral,In Progress,2024-04-13 00:00:00,Called for FD
YESB45361539,Referral,Converted,2024-04-03 00:00:00,Wait for salary credit
YESB51562471,Digital Campaign,Lost,2024-11-01 00:00:00,KYC Pending
YESB94858898,Walk-in,Converted,2024-01-13 00:00:00,Called for FD
YESB56305828,Walk-in,In Progress,2024-03-14 00:00:00,Interested in HL
YESB90499101,Digital Campaign,Lost,2024-10-27 00:00:00,Wait for salary credit
YESB87372406,Digital Campaign,Lost,2024-02-16 00:00:00,Interested in HL
YESB36062935,Walk-in,Lost,2024-11-11 00:00:00,KYC Pending
YESB78470867,Referral,In Progress,2024-01-29 00:00:00,Interested in HL
YESB76559510,Walk-in,Converted,2024-03-28 00:00:00,KYC Pending
YESB39367217,Digital Campaign,Converted,2024-03-29 00:00:00,Called for FD
YESB56648454,Walk-in,Converted,2024-07-10 00:00:00,Wait for salary credit
YESB99546765,Digital Campaign,In Progress,2024-09-22 00:00:00,KYC Pending
YESB62104013,Digital Campaign,Lost,2024-11-02 00:00:00,KYC Pending
YESB12898752,Referral,Lost,2024-12-16 00:00:00,Interested in HL
YESB63909235,Digital Campaign,Lost,2024-12-27 00:00:00,KYC Pending
YESB55659888,Walk-in,In Progress,2024-05-30 00:00:00,Wait for salary credit
YESB32308449,Walk-in,Lost,2024-10-23 00:00:00,Called for FD
YESB12839452,Referral,Lost,2024-05-07 00:00:00,Interested in HL
YESB13772842,Walk-in,Converted,2024-03-11 00:00:00,Called for FD
YESB60166744,Digital Campaign,In Progress,2024-08-14 00:00:00,KYC Pending
YESB33421504,Referral,Lost,2024-01-17 00:00:00,Interested in HL
YESB72232581,Digital Campaign,In Progress,2024-01-02 00:00:00,Called for FD
YESB44460539,Referral,In Progress,2024-09-04 00:00:00,Interested in HL
YESB66004733,Referral,In Progress,2024-08-30 00:00:00,Interested in HL
YESB44167552,Walk-in,In Progress,2024-04-27 00:00:00,Interested in HL
YESB60319822,Referral,In Progress,2024-04-15 00:00:00,KYC Pending
YESB34538072,Walk-in,Lost,2024-03-19 00:00:00,Interested in HL
YESB45496162,Digital Campaign,Lost,2024-10-17 00:00:00,Wait for salary credit
YESB15738415,Digital Campaign,Converted,2024-04-10 00:00:00,Called for FD
YESB97626944,Walk-in,Lost,2024-03-31 00:00:00,Called for FD
YESB50376644,Walk-in,Converted,2024-02-06 00:00:00,Called for FD
YESB22494383,Walk-in,Lost,2024-12-08 00:00:00,Interested in HL
YESB50010138,Walk-in,Converted,2024-10-01 00:00:00,Called for FD
YESB65986316,Referral,Lost,2024-12-04 00:00:00,Interested in HL
YESB60826250,Walk-in,Converted,2024-05-21 00:00:00,Interested in HL
YESB50020837,Referral,In Progress,2024-02-15 00:00:00,Wait for salary credit
YESB30691233,Referral,Lost,2024-01-05 00:00:00,KYC Pending
YESB13413588,Referral,Converted,2024-04-23 00:00:00,Wait for salary credit
YESB84378849,Walk-in,Lost,2024-06-12 00:00:00,KYC Pending
YESB54073785,Referral,Lost,2024-11-06 00:00:00,Interested in HL
YESB23008089,Digital Campaign,Lost,2024-12-24 00:00:00,Called for FD
YESB22829991,Referral,In Progress,2024-03-02 00:00:00,Interested in HL
YESB35573035,Digital Campaign,In Progress,2024-03-18 00:00:00,KYC Pending
YESB68860527,Referral,Lost,2024-02-23 00:00:00,Wait for salary credit
YESB74935076,Walk-in,In Progress,2024-08-01 00:00:00,Called for FD
YESB34812164,Walk-in,Lost,2024-04-21 00:00:00,Called for FD
YESB35066658,Digital Campaign,Lost,2024-07-28 00:00:00,Interested in HL
YESB52922059,Referral,Lost,2024-06-20 00:00:00,KYC Pending
YESB65926720,Digital Campaign,Converted,2024-08-30 00:00:00,Called for FD
YESB40365446,Digital Campaign,In Progress,2024-12-22 00:00:00,KYC Pending
YESB50861357,Referral,In Progress,2024-06-22 00:00:00,Called for FD
YESB61253963,Digital Campaign,Lost,2024-07-01 00:00:00,KYC Pending
YESB17431538,Digital Campaign,Lost,2024-03-18 00:00:00,Wait for salary credit
YESB86248668,Digital Campaign,Lost,2024-03-15 00:00:00,Wait for salary credit
YESB79188913,Referral,In Progress,2024-10-03 00:00:00,KYC Pending
YESB16176481,Walk-in,Converted,2024-04-11 00:00:00,Interested in HL
YESB82437323,Referral,In Progress,2024-07-23 00:00:00,Called for FD
YESB13007384,Walk-in,In Progress,2024-01-06 00:00:00,Called for FD
YESB21641672,Walk-in,In Progress,2024-07-20 00:00:00,Wait for salary credit
YESB70476090,Referral,In Progress,2024-01-29 00:00:00,KYC Pending
YESB65937545,Walk-in,Converted,2024-12-21 00:00:00,KYC Pending
YESB61785448,Referral,Lost,2024-10-17 00:00:00,Interested in HL
YESB15272958,Referral,In Progress,2024-12-28 00:00:00,Interested in HL
YESB17905365,Referral,Lost,2024-06-17 00:00:00,Interested in HL
YESB92818352,Walk-in,Converted,2024-04-07 00:00:00,Interested in HL
YESB21488834,Referral,Lost,2024-02-01 00:00:00,KYC Pending
YESB20924106,Walk-in,Converted,2024-02-02 00:00:00,KYC Pending
YESB94909677,Referral,Lost,2024-03-25 00:00:00,Interested in HL
YESB58434796,Referral,Lost,2024-10-07 00:00:00,KYC Pending
YESB61791167,Walk-in,Lost,2024-04-19 00:00:00,Interested in HL
YESB83410020,Walk-in,Lost,2024-07-18 00:00:00,KYC Pending
YESB48314521,Walk-in,Lost,2024-12-24 00:00:00,Called for FD
YESB74205939,Referral,Lost,2024-08-11 00:00:00,Wait for salary credit
YESB33579309,Referral,Lost,2024-12-15 00:00:00,Interested in HL
YESB91043485,Digital Campaign,Lost,2024-07-14 00:00:00,Wait for salary credit
YESB74660979,Digital Campaign,Lost,2024-07-13 00:00:00,Called for FD
YESB72426939,Digital Campaign,Lost,2024-08-22 00:00:00,Wait for salary credit
YESB57674877,Digital Campaign,Converted,2024-11-07 00:00:00,Wait for salary credit
YESB33380843,Digital Campaign,Converted,2024-08-11 00:00:00,Wait for salary credit
YESB83830447,Walk-in,Converted,2024-08-13 00:00:00,Wait for salary credit
YESB69276469,Walk-in,In Progress,2024-06-24 00:00:00,Wait for salary credit
YESB92759473,Referral,Lost,2024-08-31 00:00:00,KYC Pending
YESB23996357,Walk-in,Lost,2024-03-15 00:00:00,Called for FD
YESB15870187,Referral,Lost,2024-10-24 00:00:00,Interested in HL
YESB11723569,Digital Campaign,Converted,2024-11-16 00:00:00,KYC Pending
YESB67119645,Walk-in,Lost,2024-11-26 00:00:00,Interested in HL
YESB16727188,Digital Campaign,In Progress,2024-09-02 00:00:00,KYC Pending
YESB32824241,Referral,In Progress,2024-04-30 00:00:00,Interested in HL
YESB42536150,Walk-in,In Progress,2024-09-12 00:00:00,Wait for salary credit
YESB54955484,Referral,Converted,2024-08-07 00:00:00,Called for FD
YESB54629216,Digital Campaign,Lost,2024-12-30 00:00:00,Called for FD
YESB24070793,Referral,In Progress,2024-05-22 00:00:00,Wait for salary credit
YESB18876000,Walk-in,Converted,2024-02-16 00:00:00,Interested in HL
YESB99107630,Walk-in,Lost,2024-05-14 00:00:00,Called for FD
YESB44279165,Walk-in,Converted,2024-08-18 00:00:00,Wait for salary credit
YESB10160546,Digital Campaign,Lost,2024-06-14 00:00:00,Called for FD
YESB16362150,Digital Campaign,Converted,2024-10-31 00:00:00,Interested in HL
YESB93603701,Referral,Converted,2024-05-23 00:00:00,Wait for salary credit
YESB22600426,Walk-in,In Progress,2024-07-29 00:00:00,Interested in HL
YESB26072248,Digital Campaign,In Progress,2024-05-04 00:00:00,KYC Pending
YESB56845614,Walk-in,In Progress,2024-12-23 00:00:00,Interested in HL
YESB39442419,Referral,Lost,2024-01-01 00:00:00,Interested in HL
YESB70443655,Digital Campaign,Converted,2024-02-20 00:00:00,Wait for salary credit
YESB61638788,Referral,Lost,2024-06-24 00:00:00,KYC Pending
YESB43262072,Walk-in,Lost,2024-01-10 00:00:00,KYC Pending
YESB26511139,Walk-in,Lost,2024-08-22 00:00:00,Interested in HL
YESB38377924,Digital Campaign,Lost,2024-09-06 00:00:00,Wait for salary credit
YESB81229181,Digital Campaign,Lost,2024-02-06 00:00:00,KYC Pending
YESB47214261,Digital Campaign,In Progress,2024-01-05 00:00:00,Called for FD
YESB84865654,Referral,Lost,2024-05-12 00:00:00,Wait for salary credit
YESB55035786,Digital Campaign,Converted,2024-06-06 00:00:00,KYC Pending
YESB98280905,Digital Campaign,Converted,2024-09-11 00:00:00,Called for FD
YESB65029503,Walk-in,Lost,2024-03-18 00:00:00,Called for FD
YESB79111051,Digital Campaign,Lost,2024-06-06 00:00:00,Called for FD
YESB67046378,Digital Campaign,Lost,2024-10-09 00:00:00,Wait for salary credit
YESB37654145,Digital Campaign,In Progress,2024-05-01 00:00:00,Called for FD
YESB44874069,Walk-in,Converted,2024-10-18 00:00:00,Wait for salary credit
YESB76627355,Walk-in,In Progress,2024-04-28 00:00:00,KYC Pending
YESB82499048,Referral,Converted,2024-04-03 00:00:00,Wait for salary credit
YESB22203001,Digital Campaign,Converted,2024-01-20 00:00:00,Wait for salary credit
YESB69949140,Walk-in,Lost,2024-05-02 00:00:00,Interested in HL
YESB71086758,Referral,In Progress,2024-07-13 00:00:00,Called for FD
YESB61959492,Walk-in,Lost,2024-05-25 00:00:00,Called for FD
YESB15708638,Referral,Converted,2024-09-03 00:00:00,Called for FD
YESB81748554,Walk-in,Lost,2024-05-18 00:00:00,Wait for salary credit
YESB80009309,Walk-in,Converted,2024-03-14 00:00:00,KYC Pending
YESB21529012,Digital Campaign,In Progress,2024-02-09 00:00:00,KYC Pending
YESB68875625,Digital Campaign,Converted,2024-09-01 00:00:00,Interested in HL
YESB41422841,Digital Campaign,In Progress,2024-01-10 00:00:00,Called for FD
YESB80849308,Walk-in,Lost,2024-01-15 00:00:00,KYC Pending
YESB26113623,Digital Campaign,Lost,2024-03-19 00:00:00,KYC Pending
YESB75220570,Walk-in,In Progress,2024-11-21 00:00:00,Interested in HL
YESB16666356,Referral,Lost,2024-07-25 00:00:00,Called for FD
YESB95929660,Walk-in,In Progress,2024-10-03 00:00:00,Wait for salary credit
YESB59278984,Walk-in,In Progress,2024-09-09 00:00:00,KYC Pending
YESB59948247,Referral,Lost,2024-07-21 00:00:00,Interested in HL
YESB67059825,Walk-in,Lost,2024-01-16 00:00:00,Called for FD
YESB96584861,Referral,In Progress,2024-12-06 00:00:00,Called for FD
YESB57981514,Digital Campaign,Converted,2024-07-06 00:00:00,Wait for salary credit
YESB74603538,Referral,Converted,2024-07-15 00:00:00,Wait for salary credit
YESB94582263,Referral,Lost,2024-10-19 00:00:00,Called for FD
YESB55189940,Referral,Converted,2024-04-18 00:00:00,Called for FD
YESB45554401,Walk-in,Lost,2024-06-10 00:00:00,KYC Pending
YESB10037025,Walk-in,In Progress,2024-04-19 00:00:00,Called for FD
YESB37022611,Digital Campaign,In Progress,2024-12-09 00:00:00,Interested in HL
YESB92753172,Walk-in,Lost,2024-11-18 00:00:00,Wait for salary credit
YESB86413501,Walk-in,In Progress,2024-05-21 00:00:00,Called for FD
YESB66063398,Digital Campaign,Lost,2024-08-12 00:00:00,Called for FD
YESB46208172,Digital Campaign,Converted,2024-05-08 00:00:00,KYC Pending
YESB70434173,Digital Campaign,In Progress,2024-01-16 00:00:00,Interested in HL
YESB91464745,Referral,Lost,2024-02-05 00:00:00,Wait for salary credit
YESB24594716,Walk-in,Lost,2024-02-21 00:00:00,Interested in HL
YESB58852960,Referral,Lost,2024-06-10 00:00:00,Called for FD
YESB31863031,Walk-in,Lost,2024-03-05 00:00:00,KYC Pending
YESB53079804,Digital Campaign,Converted,2024-11-29 00:00:00,KYC Pending
YESB87521974,Digital Campaign,In Progress,2024-03-04 00:00:00,KYC Pending
YESB53508135,Walk-in,In Progress,2024-01-03 00:00:00,Wait for salary credit
YESB53350685,Digital Campaign,Converted,2024-12-11 00:00:00,Wait for salary credit
YESB89975157,Walk-in,In Progress,2024-11-29 00:00:00,Called for FD
YESB20981268,Referral,Lost,2024-05-12 00:00:00,Wait for salary credit
YESB78164438,Referral,Lost,2024-02-26 00:00:00,Wait for salary credit
YESB67546094,Walk-in,Lost,2024-11-15 00:00:00,Called for FD
YESB44047346,Digital Campaign,Lost,2024-04-27 00:00:00,Called for FD
YESB87710681,Referral,Lost,2024-04-17 00:00:00,Interested in HL
YESB38501104,Digital Campaign,Converted,2024-11-22 00:00:00,Called for FD
YESB90280146,Walk-in,Converted,2024-07-26 00:00:00,Wait for salary credit
YESB51115922,Walk-in,Lost,2024-07-23 00:00:00,Called for FD
YESB12559136,Digital Campaign,Converted,2024-03-13 00:00:00,Interested in HL
YESB99206734,Walk-in,In Progress,2024-09-23 00:00:00,KYC Pending
YESB76188594,Referral,In Progress,2024-04-24 00:00:00,Wait for salary credit
YESB59011650,Walk-in,In Progress,2024-07-15 00:00:00,KYC Pending
YESB75123815,Referral,Lost,2024-07-24 00:00:00,Interested in HL
YESB62821752,Digital Campaign,Converted,2024-10-20 00:00:00,Wait for salary credit
YESB87148877,Referral,Lost,2024-04-21 00:00:00,KYC Pending
YESB76939816,Referral,Converted,2024-04-01 00:00:00,Called for FD
YESB46513251,Referral,Converted,2024-06-10 00:00:00,KYC Pending
YESB75681661,Referral,Lost,2024-10-04 00:00:00,KYC Pending
YESB74335475,Walk-in,Lost,2024-07-03 00:00:00,Called for FD
YESB55480342,Digital Campaign,Lost,2024-10-05 00:00:00,Called for FD
YESB60734197,Referral,In Progress,2024-11-14 00:00:00,Wait for salary credit
YESB74162802,Walk-in,In Progress,2024-10-20 00:00:00,Called for FD
YESB71472300,Digital Campaign,Lost,2024-09-06 00:00:00,Wait for salary credit
YESB68690418,Digital Campaign,Lost,2024-07-24 00:00:00,Wait for salary credit
YESB85464664,Digital Campaign,In Progress,2024-07-07 00:00:00,KYC Pending
YESB97801284,Digital Campaign,In Progress,2024-10-05 00:00:00,KYC Pending
YESB23317866,Referral,Lost,2024-07-14 00:00:00,Wait for salary credit
YESB21013431,Digital Campaign,In Progress,2024-11-09 00:00:00,Called for FD
YESB55301156,Walk-in,In Progress,2024-02-10 00:00:00,Interested in HL
YESB47978790,Digital Campaign,Converted,2024-08-22 00:00:00,Interested in HL
YESB28272882,Digital Campaign,In Progress,2024-06-17 00:00:00,Called for FD
YESB14052458,Digital Campaign,Converted,2024-10-02 00:00:00,Wait for salary credit
YESB74718799,Walk-in,Converted,2024-08-18 00:00:00,Called for FD
YESB36137723,Referral,Lost,2024-12-22 00:00:00,Called for FD
YESB99993925,Referral,In Progress,2024-05-18 00:00:00,KYC Pending
YESB24315452,Digital Campaign,In Progress,2024-12-23 00:00:00,Wait for salary credit
YESB24018762,Walk-in,Lost,2024-10-03 00:00:00,KYC Pending
YESB51306330,Walk-in,In Progress,2024-06-05 00:00:00,Interested in HL
YESB88942548,Digital Campaign,Converted,2024-07-16 00:00:00,Called for FD
YESB67172033,Walk-in,In Progress,2024-10-09 00:00:00,Wait for salary credit
YESB49191569,Walk-in,In Progress,2024-03-09 00:00:00,Interested in HL
YESB20814015,Referral,Lost,2024-08-02 00:00:00,Called for FD
YESB53721948,Digital Campaign,Lost,2024-03-09 00:00:00,Wait for salary credit
YESB62694149,Digital Campaign,In Progress,2024-03-01 00:00:00,Called for FD
YESB22975033,Digital Campaign,Lost,2024-02-14 00:00:00,KYC Pending
YESB94527302,Walk-in,Converted,2024-06-01 00:00:00,KYC Pending
YESB29463874,Digital Campaign,Lost,2024-06-26 00:00:00,Wait for salary credit
YESB16127218,Digital Campaign,Lost,2024-02-10 00:00:00,Wait for salary credit
YESB34090902,Walk-in,Lost,2024-07-03 00:00:00,Interested in HL
YESB28589330,Referral,In Progress,2024-11-23 00:00:00,KYC Pending
YESB31742068,Digital Campaign,Converted,2024-09-19 00:00:00,Interested in HL
YESB91925272,Digital Campaign,Converted,2024-01-07 00:00:00,Wait for salary credit
YESB80127407,Referral,In Progress,2024-10-09 00:00:00,Interested in HL
YESB93918567,Walk-in,In Progress,2024-01-20 00:00:00,Called for FD
YESB48746564,Referral,In Progress,2024-06-26 00:00:00,KYC Pending
YESB83134602,Walk-in,In Progress,2024-12-01 00:00:00,Called for FD
YESB66623759,Walk-in,Lost,2024-02-13 00:00:00,KYC Pending
YESB51134278,Referral,Lost,2024-09-11 00:00:00,Called for FD
YESB40939803,Walk-in,Converted,2024-12-09 00:00:00,Interested in HL
YESB68377757,Referral,In Progress,2024-04-27 00:00:00,Wait for salary credit
YESB46511569,Referral,In Progress,2024-04-09 00:00:00,Called for FD
YESB86037164,Referral,Lost,2024-01-08 00:00:00,Wait for salary credit
YESB78652796,Digital Campaign,In Progress,2024-09-02 00:00:00,Interested in HL
YESB44663278,Digital Campaign,Converted,2024-04-04 00:00:00,Called for FD
YESB87099314,Digital Campaign,Lost,2024-07-07 00:00:00,KYC Pending
YESB32095930,Referral,In Progress,2024-10-23 00:00:00,KYC Pending
YESB92446306,Walk-in,Converted,2024-08-19 00:00:00,Wait for salary credit
YESB51974357,Digital Campaign,In Progress,2024-05-12 00:00:00,Wait for salary credit
YESB78350172,Walk-in,Converted,2024-07-14 00:00:00,KYC Pending
YESB52030823,Referral,Converted,2024-02-10 00:00:00,Wait for salary credit
YESB17441811,Referral,In Progress,2024-11-01 00:00:00,Called for FD
YESB49650065,Referral,Converted,2024-09-12 00:00:00,KYC Pending
YESB99458982,Digital Campaign,In Progress,2024-03-19 00:00:00,Called for FD
YESB23096768,Referral,In Progress,2024-02-01 00:00:00,Called for FD
YESB86387653,Walk-in,Lost,2024-08-21 00:00:00,Interested in HL
YESB69803508,Referral,Lost,2024-11-07 00:00:00,KYC Pending
YESB40172818,Referral,Lost,2024-06-27 00:00:00,Interested in HL
YESB16104470,Referral,In Progress,2024-01-11 00:00:00,Wait for salary credit
YESB84184482,Referral,In Progress,2024-12-31 00:00:00,Called for FD
YESB37077156,Referral,Converted,2024-08-18 00:00:00,Wait for salary credit
YESB87351553,Referral,Lost,2024-08-21 00:00:00,Wait for salary credit
YESB61304857,Digital Campaign,Lost,2024-06-29 00:00:00,Wait for salary credit
YESB43396466,Digital Campaign,In Progress,2024-03-20 00:00:00,KYC Pending
YESB23138012,Referral,Lost,2024-07-19 00:00:00,Wait for salary credit
YESB83584684,Walk-in,Converted,2024-12-24 00:00:00,Wait for salary credit
YESB39023749,Referral,Converted,2024-09-06 00:00:00,Called for FD
YESB30203206,Referral,Lost,2024-02-12 00:00:00,Called for FD
YESB61809857,Referral,Lost,2024-07-27 00:00:00,Interested in HL
YESB89808725,Digital Campaign,In Progress,2024-02-08 00:00:00,KYC Pending
YESB77863485,Walk-in,In Progress,2024-11-22 00:00:00,KYC Pending
YESB59522453,Walk-in,In Progress,2024-10-12 00:00:00,KYC Pending
YESB35109776,Walk-in,Converted,2024-03-07 00:00:00,Interested in HL
YESB14875097,Walk-in,In Progress,2024-12-04 00:00:00,Called for FD
YESB65455563,Referral,In Progress,2024-03-11 00:00:00,Called for FD
YESB61481254,Digital Campaign,Lost,2024-07-27 00:00:00,KYC Pending
YESB55532410,Referral,In Progress,2024-02-28 00:00:00,Called for FD
YESB48087995,Referral,Lost,2024-09-11 00:00:00,Wait for salary credit
YESB13318186,Referral,Converted,2024-09-13 00:00:00,Interested in HL
YESB99491716,Digital Campaign,Converted,2024-08-11 00:00:00,Wait for salary credit
YESB88003740,Digital Campaign,Lost,2024-08-04 00:00:00,Wait for salary credit
YESB73266716,Walk-in,Lost,2024-03-18 00:00:00,Wait for salary credit
YESB36167165,Referral,Lost,2024-01-10 00:00:00,KYC Pending
YESB81285902,Digital Campaign,In Progress,2024-11-30 00:00:00,KYC Pending
YESB43636019,Walk-in,Converted,2024-07-08 00:00:00,KYC Pending
YESB73327573,Referral,Converted,2024-12-02 00:00:00,Wait for salary credit
YESB90318112,Walk-in,In Progress,2024-09-01 00:00:00,KYC Pending
YESB34210650,Walk-in,In Progress,2024-06-19 00:00:00,Wait for salary credit
YESB68063940,Referral,In Progress,2024-02-01 00:00:00,Wait for salary credit
YESB56792910,Digital Campaign,In Progress,2024-11-04 00:00:00,KYC Pending
YESB59140552,Walk-in,In Progress,2024-02-06 00:00:00,KYC Pending
YESB22719324,Walk-in,Lost,2024-07-17 00:00:00,Wait for salary credit
YESB60207257,Referral,Lost,2024-03-31 00:00:00,Called for FD
YESB77584691,Digital Campaign,In Progress,2024-03-01 00:00:00,Interested in HL
YESB17712318,Walk-in,Converted,2024-04-11 00:00:00,KYC Pending
YESB94965473,Referral,Lost,2024-03-09 00:00:00,KYC Pending
YESB66812208,Walk-in,Lost,2024-02-22 00:00:00,KYC Pending
YESB21644653,Referral,Converted,2024-05-10 00:00:00,Called for FD
YESB81232229,Referral,Converted,2024-04-10 00:00:00,Interested in HL
YESB66326044,Referral,Lost,2024-06-21 00:00:00,Interested in HL
YESB11643598,Digital Campaign,In Progress,2024-09-07 00:00:00,Called for FD
YESB90214118,Referral,Converted,2024-12-02 00:00:00,Wait for salary credit
YESB23234412,Digital Campaign,Converted,2024-09-21 00:00:00,Wait for salary credit
YESB47354160,Referral,Lost,2024-01-17 00:00:00,KYC Pending
YESB75596255,Digital Campaign,Converted,2024-08-04 00:00:00,Wait for salary credit
YESB81929176,Digital Campaign,Lost,2024-06-03 00:00:00,Called for FD
YESB40946321,Walk-in,Lost,2024-04-07 00:00:00,Interested in HL
YESB57207456,Walk-in,In Progress,2024-06-07 00:00:00,Wait for salary credit
YESB51116358,Walk-in,Converted,2024-12-28 00:00:00,Wait for salary credit
YESB73878635,Digital Campaign,Lost,2024-02-29 00:00:00,Interested in HL
YESB64040022,Digital Campaign,Lost,2024-04-11 00:00:00,Wait for salary credit
YESB24670574,Referral,Lost,2024-09-17 00:00:00,Called for FD
YESB64763932,Walk-in,In Progress,2024-04-22 00:00:00,KYC Pending
YESB11924893,Digital Campaign,In Progress,2024-12-16 00:00:00,KYC Pending
YESB23919767,Walk-in,Converted,2024-04-14 00:00:00,Wait for salary credit
YESB81111685,Referral,In Progress,2024-05-17 00:00:00,Called for FD
YESB96142578,Walk-in,In Progress,2024-09-26 00:00:00,Wait for salary credit
YESB18564803,Walk-in,Converted,2024-05-19 00:00:00,Called for FD
YESB60482413,Walk-in,Converted,2024-09-20 00:00:00,Wait for salary credit
YESB49734954,Walk-in,In Progress,2024-01-22 00:00:00,Called for FD
YESB67097790,Referral,Lost,2024-11-27 00:00:00,Called for FD
YESB55803171,Referral,Converted,2024-09-05 00:00:00,Called for FD
YESB16353352,Walk-in,Converted,2024-05-12 00:00:00,Interested in HL
YESB32896539,Walk-in,Converted,2024-06-05 00:00:00,Called for FD
YESB99799139,Walk-in,In Progress,2024-10-24 00:00:00,KYC Pending
YESB93616556,Digital Campaign,Lost,2024-03-19 00:00:00,Wait for salary credit
YESB73373082,Digital Campaign,In Progress,2024-05-24 00:00:00,Called for FD
YESB71164597,Walk-in,In Progress,2024-10-02 00:00:00,Called for FD
YESB39609958,Digital Campaign,Lost,2024-04-28 00:00:00,Called for FD
YESB70401181,Digital Campaign,In Progress,2024-08-05 00:00:00,Interested in HL
YESB57483365,Walk-in,In Progress,2024-11-19 00:00:00,Wait for salary credit
YESB52233017,Referral,Converted,2024-09-04 00:00:00,Interested in HL
YESB73418246,Digital Campaign,Lost,2024-10-01 00:00:00,Called for FD
YESB33953363,Referral,In Progress,2024-09-27 00:00:00,KYC Pending
YESB63525493,Walk-in,Lost,2024-11-11 00:00:00,KYC Pending
YESB17756234,Digital Campaign,Converted,2024-09-16 00:00:00,Interested in HL
YESB87034871,Walk-in,Lost,2024-11-25 00:00:00,Called for FD
YESB17149388,Walk-in,Lost,2024-04-07 00:00:00,Interested in HL
YESB71896890,Referral,Lost,2024-11-30 00:00:00,Called for FD
YESB72648373,Digital Campaign,Lost,2024-11-09 00:00:00,Wait for salary credit
YESB94700673,Referral,Converted,2024-06-11 00:00:00,Called for FD
YESB74238200,Referral,Converted,2024-10-09 00:00:00,KYC Pending
YESB39062868,Walk-in,Lost,2024-04-04 00:00:00,KYC Pending
YESB27926057,Walk-in,Lost,2024-11-27 00:00:00,Interested in HL
YESB45217331,Referral,Converted,2024-06-05 00:00:00,Wait for salary credit
YESB73699620,Walk-in,In Progress,2024-10-01 00:00:00,Interested in HL
YESB33330186,Digital Campaign,Converted,2024-10-22 00:00:00,KYC Pending
YESB32718367,Referral,Converted,2024-10-23 00:00:00,KYC Pending
YESB49155875,Referral,Converted,2024-04-15 00:00:00,KYC Pending
YESB40992463,Walk-in,Converted,2024-11-22 00:00:00,KYC Pending
YESB13451225,Walk-in,Converted,2024-05-18 00:00:00,Called for FD
YESB34213248,Digital Campaign,Converted,2024-02-27 00:00:00,Interested in HL
YESB51741914,Walk-in,Converted,2024-04-26 00:00:00,Wait for salary credit
YESB16852059,Referral,Lost,2024-03-19 00:00:00,Called for FD
YESB99205950,Digital Campaign,Lost,2024-03-28 00:00:00,Wait for salary credit
YESB52702384,Digital Campaign,In Progress,2024-02-06 00:00:00,Wait for salary credit
YESB31598784,Walk-in,In Progress,2024-09-02 00:00:00,KYC Pending
YESB26877201,Digital Campaign,In Progress,2024-08-20 00:00:00,Wait for salary credit
YESB20423825,Digital Campaign,Converted,2024-08-13 00:00:00,Wait for salary credit
YESB25523064,Walk-in,Lost,2024-03-24 00:00:00,Wait for salary credit
YESB24715573,Digital Campaign,Converted,2024-09-06 00:00:00,Wait for salary credit
YESB34704833,Digital Campaign,In Progress,2024-04-18 00:00:00,Interested in HL
YESB24396378,Walk-in,Lost,2024-02-21 00:00:00,Wait for salary credit
YESB10431171,Walk-in,In Progress,2024-07-07 00:00:00,Wait for salary credit
YESB52918379,Referral,Converted,2024-06-11 00:00:00,Wait for salary credit
YESB28094430,Digital Campaign,In Progress,2024-09-01 00:00:00,Called for FD
YESB77800574,Walk-in,Converted,2024-03-22 00:00:00,Called for FD
YESB40149687,Digital Campaign,Lost,2024-08-15 00:00:00,Interested in HL
YESB76810960,Walk-in,In Progress,2024-01-08 00:00:00,KYC Pending
YESB92982257,Referral,Lost,2024-07-22 00:00:00,Wait for salary credit
YESB23738019,Referral,Lost,2024-05-29 00:00:00,Wait for salary credit
YESB20557566,Referral,Lost,2024-08-11 00:00:00,KYC Pending
YESB98801174,Walk-in,Converted,2024-08-13 00:00:00,Wait for salary credit
YESB63891692,Digital Campaign,Converted,2024-09-25 00:00:00,Wait for salary credit
YESB10346656,Walk-in,Lost,2024-06-24 00:00:00,KYC Pending
YESB98806876,Digital Campaign,Lost,2024-01-25 00:00:00,Called for FD
YESB41585493,Referral,Lost,2024-01-30 00:00:00,Wait for salary credit
YESB70905401,Referral,In Progress,2024-11-22 00:00:00,KYC Pending
YESB32103907,Referral,Converted,2024-12-21 00:00:00,KYC Pending
YESB18286292,Walk-in,In Progress,2024-08-21 00:00:00,Interested in HL
YESB58914002,Walk-in,Lost,2024-06-16 00:00:00,Wait for salary credit
YESB57510564,Walk-in,In Progress,2024-01-19 00:00:00,Interested in HL
YESB33833742,Digital Campaign,Converted,2024-01-24 00:00:00,KYC Pending
YESB18376329,Digital Campaign,Lost,2024-12-23 00:00:00,Called for FD
YESB21853062,Referral,In Progress,2024-02-07 00:00:00,Interested in HL
YESB96242094,Walk-in,In Progress,2024-04-03 00:00:00,Interested in HL
YESB74081410,Digital Campaign,Converted,2024-04-23 00:00:00,Called for FD
YESB20443442,Digital Campaign,Lost,2024-09-02 00:00:00,Wait for salary credit
YESB25107452,Walk-in,Lost,2024-03-26 00:00:00,Wait for salary credit
YESB25081781,Walk-in,In Progress,2024-01-09 00:00:00,Called for FD
YESB37639924,Digital Campaign,Converted,2024-12-30 00:00:00,Wait for salary credit
YESB29693707,Referral,Lost,2024-10-15 00:00:00,Called for FD
YESB28103134,Digital Campaign,Lost,2024-08-21 00:00:00,Wait for salary credit
YESB75769987,Walk-in,In Progress,2024-02-09 00:00:00,Called for FD
YESB40766234,Referral,Lost,2024-04-09 00:00:00,Called for FD
YESB77432172,Walk-in,Converted,2024-02-13 00:00:00,Called for FD
YESB97823543,Digital Campaign,In Progress,2024-02-20 00:00:00,Interested in HL
YESB70476154,Digital Campaign,Converted,2024-02-21 00:00:00,KYC Pending
YESB38254803,Referral,Lost,2024-12-28 00:00:00,Interested in HL
YESB59831823,Digital Campaign,Converted,2024-11-06 00:00:00,Called for FD
YESB76952875,Referral,In Progress,2024-08-23 00:00:00,KYC Pending
YESB38605500,Walk-in,Lost,2024-03-27 00:00:00,Interested in HL
YESB79763414,Walk-in,In Progress,2024-06-16 00:00:00,KYC Pending
YESB87709530,Digital Campaign,In Progress,2024-09-03 00:00:00,KYC Pending
YESB77869807,Walk-in,Converted,2024-11-19 00:00:00,KYC Pending
YESB20720558,Walk-in,Lost,2024-11-10 00:00:00,Wait for salary credit
YESB95705605,Digital Campaign,Converted,2024-06-28 00:00:00,Interested in HL
YESB69731464,Walk-in,Converted,2024-06-03 00:00:00,Called for FD
YESB33991298,Referral,Lost,2024-11-04 00:00:00,Called for FD
YESB34065998,Walk-in,In Progress,2024-07-08 00:00:00,Called for FD
YESB52564533,Referral,In Progress,2024-04-01 00:00:00,Interested in HL
YESB20175897,Digital Campaign,In Progress,2024-01-14 00:00:00,KYC Pending
YESB23672824,Referral,Converted,2024-08-12 00:00:00,Wait for salary credit
YESB25091425,Referral,Lost,2024-09-08 00:00:00,KYC Pending
YESB40000364,Walk-in,Converted,2024-02-27 00:00:00,Interested in HL
YESB16270689,Digital Campaign,Lost,2024-06-06 00:00:00,Wait for salary credit
YESB59941034,Walk-in,In Progress,2024-05-17 00:00:00,KYC Pending
YESB17313026,Walk-in,In Progress,2024-10-26 00:00:00,Wait for salary credit
YESB64119709,Digital Campaign,In Progress,2024-05-28 00:00:00,Interested in HL
YESB24073351,Referral,Lost,2024-03-24 00:00:00,Wait for salary credit
YESB45478005,Digital Campaign,Converted,2024-12-16 00:00:00,Interested in HL
YESB46542086,Digital Campaign,Converted,2024-11-03 00:00:00,KYC Pending
YESB26949807,Digital Campaign,In Progress,2024-05-28 00:00:00,Called for FD
YESB28617284,Referral,Converted,2024-07-03 00:00:00,KYC Pending
YESB55495852,Digital Campaign,In Progress,2024-12-29 00:00:00,Interested in HL
YESB65150119,Referral,Converted,2024-11-22 00:00:00,Wait for salary credit
YESB28940886,Referral,Converted,2024-02-01 00:00:00,Called for FD
YESB91519071,Referral,Converted,2024-06-23 00:00:00,Wait for salary credit
YESB95643324,Walk-in,In Progress,2024-03-16 00:00:00,Interested in HL
YESB30785884,Digital Campaign,Converted,2024-06-01 00:00:00,KYC Pending
YESB55787107,Digital Campaign,Lost,2024-11-28 00:00:00,Called for FD
YESB74603538,Referral,Lost,2024-08-27 00:00:00,Wait for salary credit
YESB65911000,Digital Campaign,Converted,2024-08-31 00:00:00,Wait for salary credit
YESB82207063,Walk-in,Lost,2024-10-11 00:00:00,Interested in HL
YESB31590717,Digital Campaign,In Progress,2024-09-28 00:00:00,Called for FD
YESB91772171,Referral,Converted,2024-03-23 00:00:00,Wait for salary credit
YESB89263661,Walk-in,In Progress,2024-07-27 00:00:00,KYC Pending
YESB59310739,Walk-in,Converted,2024-01-07 00:00:00,KYC Pending
YESB67298543,Referral,Lost,2024-12-21 00:00:00,Interested in HL
YESB84651790,Walk-in,Lost,2024-09-12 00:00:00,KYC Pending
YESB69334329,Referral,In Progress,2024-10-04 00:00:00,Interested in HL
YESB16877031,Referral,Converted,2024-01-14 00:00:00,Interested in HL
YESB13434052,Digital Campaign,In Progress,2024-10-07 00:00:00,KYC Pending
YESB44220704,Walk-in,In Progress,2024-10-20 00:00:00,Called for FD
YESB69521445,Walk-in,Lost,2024-11-15 00:00:00,Called for FD
YESB66020176,Referral,In Progress,2024-05-28 00:00:00,KYC Pending
YESB82889472,Referral,Converted,2024-07-17 00:00:00,Called for FD
YESB16784641,Referral,Converted,2024-06-26 00:00:00,Interested in HL
YESB47385209,Digital Campaign,Lost,2024-05-25 00:00:00,KYC Pending
YESB86785153,Walk-in,Lost,2024-07-20 00:00:00,Interested in HL
YESB22518779,Referral,Lost,2024-07-27 00:00:00,KYC Pending
YESB47669940,Walk-in,In Progress,2024-04-05 00:00:00,Wait for salary credit
YESB12565554,Referral,Lost,2024-02-08 00:00:00,Interested in HL
YESB85700417,Walk-in,Lost,2024-04-23 00:00:00,Interested in HL
YESB95672980,Walk-in,Converted,2024-12-28 00:00:00,Interested in HL
YESB11927842,Referral,Lost,2024-01-08 00:00:00,Called for FD
YESB75483634,Digital Campaign,Converted,2024-07-16 00:00:00,Called for FD
YESB41892725,Digital Campaign,Converted,2024-04-14 00:00:00,KYC Pending
YESB21389699,Referral,Lost,2024-01-09 00:00:00,KYC Pending
YESB99981766,Walk-in,Lost,2024-03-02 00:00:00,KYC Pending
YESB23008089,Referral,Converted,2024-07-16 00:00:00,Wait for salary credit
YESB33185370,Digital Campaign,Converted,2024-05-15 00:00:00,Interested in HL
YESB56144872,Walk-in,Lost,2024-07-11 00:00:00,KYC Pending
YESB60785408,Referral,Converted,2024-03-26 00:00:00,Wait for salary credit
YESB47039584,Referral,Lost,2024-07-08 00:00:00,Wait for salary credit
YESB76443754,Referral,In Progress,2024-09-28 00:00:00,Interested in HL
YESB38841497,Walk-in,Converted,2024-08-09 00:00:00,Wait for salary credit
YESB88961291,Digital Campaign,In Progress,2024-02-25 00:00:00,Wait for salary credit
YESB39976832,Walk-in,Lost,2024-12-22 00:00:00,Interested in HL
YESB55410310,Walk-in,In Progress,2024-11-30 00:00:00,KYC Pending
YESB66319833,Referral,Lost,2024-01-17 00:00:00,Called for FD
YESB71667785,Walk-in,In Progress,2024-10-16 00:00:00,Wait for salary credit
YESB58658004,Referral,Lost,2024-06-20 00:00:00,Interested in HL
YESB96180088,Digital Campaign,Lost,2024-06-04 00:00:00,KYC Pending
YESB25490018,Referral,In Progress,2024-01-16 00:00:00,Wait for salary credit
YESB13048444,Walk-in,Converted,2024-11-21 00:00:00,KYC Pending
YESB59812806,Referral,Converted,2024-07-14 00:00:00,Called for FD
YESB17530827,Walk-in,In Progress,2024-09-11 00:00:00,Interested in HL
YESB45741287,Walk-in,Converted,2024-07-20 00:00:00,Wait for salary credit
YESB40101002,Walk-in,Lost,2024-04-26 00:00:00,Wait for salary credit
YESB91751122,Digital Campaign,In Progress,2024-10-07 00:00:00,KYC Pending
YESB78797245,Digital Campaign,Lost,2024-11-10 00:00:00,Wait for salary credit
YESB73698891,Referral,Converted,2024-07-03 00:00:00,Called for FD
YESB92711831,Referral,In Progress,2024-08-28 00:00:00,Called for FD
YESB13253340,Walk-in,In Progress,2024-05-24 00:00:00,Wait for salary credit
YESB67214162,Digital Campaign,In Progress,2024-03-31 00:00:00,Called for FD
YESB96953519,Referral,Lost,2024-03-23 00:00:00,Interested in HL
YESB94151633,Referral,Lost,2024-09-09 00:00:00,Interested in HL
YESB32813901,Referral,In Progress,2024-08-14 00:00:00,Interested in HL
YESB18614022,Walk-in,Converted,2024-11-24 00:00:00,Called for FD
YESB56724692,Digital Campaign,Converted,2024-03-22 00:00:00,Interested in HL
YESB77804466,Walk-in,Converted,2024-11-14 00:00:00,Wait for salary credit
YESB78680053,Walk-in,In Progress,2024-10-15 00:00:00,Called for FD
YESB50611203,Walk-in,Lost,2024-05-28 00:00:00,KYC Pending
YESB68408013,Digital Campaign,Lost,2024-10-13 00:00:00,Interested in HL
YESB72707595,Referral,Converted,2024-04-11 00:00:00,KYC Pending
YESB51407760,Referral,In Progress,2024-09-07 00:00:00,Called for FD
YESB44893284,Walk-in,Converted,2024-11-22 00:00:00,Interested in HL
YESB73690438,Referral,Converted,2024-12-12 00:00:00,Interested in HL
YESB61431387,Walk-in,In Progress,2024-12-16 00:00:00,Interested in HL
YESB99287436,Walk-in,In Progress,2024-08-12 00:00:00,Interested in HL
YESB94374149,Walk-in,Converted,2024-06-02 00:00:00,KYC Pending
YESB69850517,Digital Campaign,Lost,2024-03-27 00:00:00,Interested in HL
YESB23684509,Walk-in,In Progress,2024-12-28 00:00:00,Called for FD
YESB60601502,Digital Campaign,In Progress,2024-07-15 00:00:00,Interested in HL
YESB88756775,Digital Campaign,Converted,2024-02-08 00:00:00,KYC Pending
YESB69453333,Referral,Converted,2024-07-13 00:00:00,Wait for salary credit
YESB16137027,Digital Campaign,Converted,2024-10-21 00:00:00,Wait for salary credit
YESB88365956,Walk-in,Converted,2024-02-24 00:00:00,KYC Pending
YESB10375691,Digital Campaign,Converted,2024-10-11 00:00:00,Interested in HL
YESB44108959,Walk-in,In Progress,2024-11-02 00:00:00,KYC Pending
YESB90492499,Walk-in,In Progress,2024-03-15 00:00:00,Called for FD
YESB80675122,Walk-in,Converted,2024-09-25 00:00:00,Wait for salary credit
YESB74820969,Referral,Lost,2024-07-09 00:00:00,Wait for salary credit
YESB51781794,Referral,Lost,2024-04-18 00:00:00,KYC Pending
YESB60923018,Walk-in,Lost,2024-08-20 00:00:00,KYC Pending
YESB43630225,Referral,Converted,2024-05-26 00:00:00,Called for FD
YESB61946337,Walk-in,Lost,2024-11-03 00:00:00,Interested in HL
YESB86733601,Referral,In Progress,2024-11-01 00:00:00,Wait for salary credit
YESB87921113,Referral,Lost,2024-07-23 00:00:00,KYC Pending
YESB64167365,Referral,Converted,2024-12-26 00:00:00,Called for FD
YESB15861359,Digital Campaign,Lost,2024-08-05 00:00:00,KYC Pending
YESB35034997,Digital Campaign,In Progress,2024-01-05 00:00:00,Called for FD
YESB57017669,Referral,Converted,2024-06-15 00:00:00,Called for FD
YESB93525654,Walk-in,Lost,2024-11-17 00:00:00,Interested in HL
YESB11370815,Walk-in,Lost,2024-10-29 00:00:00,Called for FD
YESB45829933,Digital Campaign,In Progress,2024-11-11 00:00:00,Called for FD
YESB52594758,Walk-in,Lost,2024-07-18 00:00:00,KYC Pending
YESB80120252,Digital Campaign,Converted,2024-06-02 00:00:00,Interested in HL
YESB64160697,Digital Campaign,Converted,2024-01-08 00:00:00,Wait for salary credit
YESB74118730,Walk-in,Converted,2024-12-03 00:00:00,KYC Pending
YESB89331964,Referral,Lost,2024-05-21 00:00:00,KYC Pending
YESB69880625,Referral,Lost,2024-08-19 00:00:00,Interested in HL
YESB56899628,Referral,Converted,2024-02-13 00:00:00,Wait for salary credit
YESB17707527,Digital Campaign,Lost,2024-03-04 00:00:00,KYC Pending
YESB49098015,Referral,Lost,2024-04-26 00:00:00,Interested in HL
YESB35574511,Digital Campaign,In Progress,2024-05-23 00:00:00,KYC Pending
YESB81766242,Walk-in,Converted,2024-04-30 00:00:00,KYC Pending
YESB54014846,Referral,Converted,2024-05-02 00:00:00,KYC Pending
YESB71261891,Digital Campaign,Converted,2024-09-10 00:00:00,Interested in HL
YESB38295339,Walk-in,In Progress,2024-04-24 00:00:00,KYC Pending
YESB17665967,Digital Campaign,Lost,2024-12-28 00:00:00,KYC Pending
YESB72915773,Walk-in,Converted,2024-09-22 00:00:00,Called for FD
YESB39313034,Digital Campaign,Converted,2024-04-20 00:00:00,Interested in HL
YESB91674675,Referral,Lost,2024-05-03 00:00:00,Wait for salary credit
YESB69615540,Walk-in,Lost,2024-03-03 00:00:00,KYC Pending
YESB27420675,Walk-in,Converted,2024-10-13 00:00:00,Interested in HL
YESB95607164,Walk-in,Converted,2024-05-21 00:00:00,Wait for salary credit
YESB67524125,Digital Campaign,In Progress,2024-03-14 00:00:00,Called for FD
YESB91287233,Digital Campaign,Converted,2024-09-15 00:00:00,Interested in HL
YESB24779186,Digital Campaign,Lost,2024-01-31 00:00:00,KYC Pending
YESB93020061,Digital Campaign,In Progress,2024-03-30 00:00:00,KYC Pending
YESB64813134,Digital Campaign,In Progress,2024-01-18 00:00:00,Called for FD
YESB91974367,Digital Campaign,Converted,2024-06-30 00:00:00,Called for FD
YESB37636356,Digital Campaign,Lost,2024-12-06 00:00:00,Wait for salary credit
YESB34656969,Digital Campaign,In Progress,2024-09-29 00:00:00,KYC Pending
YESB58081757,Walk-in,Converted,2024-09-22 00:00:00,Called for FD
YESB66985541,Digital Campaign,In Progress,2024-03-31 00:00:00,KYC Pending
YESB58612628,Referral,In Progress,2024-01-20 00:00:00,Wait for salary credit
YESB48352871,Walk-in,Converted,2024-11-24 00:00:00,Called for FD
YESB85991253,Digital Campaign,Lost,2024-09-01 00:00:00,KYC Pending
YESB22146706,Digital Campaign,In Progress,2024-05-16 00:00:00,Wait for salary credit
YESB28223134,Walk-in,Lost,2024-12-23 00:00:00,Called for FD
YESB62396366,Referral,Converted,2024-10-06 00:00:00,Wait for salary credit
YESB92752064,Referral,Converted,2024-08-21 00:00:00,Interested in HL
YESB56306138,Walk-in,In Progress,2024-03-26 00:00:00,Interested in HL
YESB12704600,Referral,Converted,2024-05-29 00:00:00,Wait for salary credit
YESB59085629,Referral,Converted,2024-08-22 00:00:00,Wait for salary credit
YESB34509393,Walk-in,Converted,2024-05-05 00:00:00,Interested in HL
YESB72993769,Walk-in,In Progress,2024-02-28 00:00:00,Wait for salary credit
YESB39030864,Referral,Lost,2024-07-27 00:00:00,Called for FD
YESB49420983,Walk-in,Lost,2024-12-14 00:00:00,Called for FD
YESB94656634,Digital Campaign,In Progress,2024-09-26 00:00:00,Wait for salary credit
YESB46326396,Referral,Converted,2024-01-17 00:00:00,Wait for salary credit
YESB73007536,Referral,Lost,2024-12-15 00:00:00,Interested in HL
YESB30621282,Walk-in,Converted,2024-02-18 00:00:00,Interested in HL
YESB13774280,Referral,Lost,2024-07-11 00:00:00,KYC Pending
YESB29390171,Digital Campaign,In Progress,2024-08-08 00:00:00,Wait for salary credit
YESB82276591,Walk-in,Converted,2024-03-14 00:00:00,Wait for salary credit
YESB46696904,Digital Campaign,Lost,2024-03-21 00:00:00,Called for FD
YESB37179715,Walk-in,Lost,2024-12-20 00:00:00,Interested in HL
YESB79995832,Referral,In Progress,2024-11-30 00:00:00,KYC Pending
YESB98114338,Walk-in,Lost,2024-12-27 00:00:00,Called for FD
YESB71542329,Digital Campaign,Converted,2024-02-09 00:00:00,Interested in HL
YESB82851142,Referral,In Progress,2024-10-10 00:00:00,Wait for salary credit
YESB93070083,Digital Campaign,Converted,2024-07-08 00:00:00,Called for FD
YESB16727188,Referral,Converted,2024-11-22 00:00:00,Called for FD
YESB32166729,Referral,In Progress,2024-09-27 00:00:00,Called for FD
YESB47137208,Referral,In Progress,2024-12-29 00:00:00,Called for FD
YESB51528566,Walk-in,In Progress,2024-12-24 00:00:00,Interested in HL
YESB33645173,Digital Campaign,In Progress,2024-06-23 00:00:00,Interested in HL
YESB46067880,Walk-in,In Progress,2024-02-26 00:00:00,Interested in HL
YESB94943198,Walk-in,Lost,2024-11-05 00:00:00,Interested in HL
YESB40052291,Referral,Converted,2024-09-27 00:00:00,KYC Pending
YESB65321902,Walk-in,In Progress,2024-02-02 00:00:00,Wait for salary credit
YESB29689828,Digital Campaign,Converted,2024-03-24 00:00:00,Interested in HL
YESB20893814,Referral,In Progress,2024-01-21 00:00:00,Wait for salary credit
YESB74718348,Digital Campaign,Converted,2024-06-04 00:00:00,Called for FD
YESB70725840,Walk-in,In Progress,2024-04-16 00:00:00,KYC Pending
YESB62999850,Referral,Lost,2024-07-15 00:00:00,Interested in HL
YESB14438426,Walk-in,Converted,2024-11-29 00:00:00,Wait for salary credit
YESB37587876,Referral,Converted,2024-08-20 00:00:00,Wait for salary credit
YESB28798660,Digital Campaign,Converted,2024-09-16 00:00:00,Called for FD
YESB57484117,Digital Campaign,In Progress,2024-12-22 00:00:00,KYC Pending
YESB72754248,Referral,Lost,2024-04-16 00:00:00,Called for FD
YESB76603314,Walk-in,Lost,2024-06-18 00:00:00,KYC Pending
YESB98386651,Walk-in,Lost,2024-09-26 00:00:00,Called for FD
YESB51749041,Referral,Converted,2024-11-02 00:00:00,Called for FD
YESB70403149,Referral,Lost,2024-07-01 00:00:00,Called for FD
YESB82526045,Referral,In Progress,2024-10-29 00:00:00,Interested in HL
YESB76188531,Walk-in,Converted,2024-06-15 00:00:00,Called for FD
YESB44652907,Digital Campaign,In Progress,2024-07-23 00:00:00,Wait for salary credit
YESB11014891,Digital Campaign,Lost,2024-06-22 00:00:00,KYC Pending
YESB33975120,Referral,Lost,2024-11-07 00:00:00,Wait for salary credit
YESB75177725,Referral,Lost,2024-10-04 00:00:00,Called for FD
YESB34233505,Referral,In Progress,2024-03-18 00:00:00,KYC Pending
YESB95748499,Referral,Lost,2024-12-03 00:00:00,Wait for salary credit
YESB55396176,Walk-in,Converted,2024-04-29 00:00:00,Interested in HL
YESB41671788,Walk-in,Lost,2024-01-20 00:00:00,Called for FD
YESB22989511,Referral,Lost,2024-05-03 00:00:00,KYC Pending
YESB20258872,Walk-in,Lost,2024-10-20 00:00:00,Wait for salary credit
YESB79430759,Walk-in,Converted,2024-12-21 00:00:00,Called for FD
YESB97771349,Digital Campaign,In Progress,2024-10-18 00:00:00,Called for FD
YESB74753078,Referral,Converted,2024-06-16 00:00:00,Called for FD
YESB30108819,Referral,Converted,2024-05-02 00:00:00,KYC Pending
YESB86868868,Referral,Converted,2024-09-10 00:00:00,KYC Pending
YESB49861886,Referral,Lost,2024-05-24 00:00:00,Wait for salary credit
YESB27346556,Walk-in,In Progress,2024-03-19 00:00:00,KYC Pending
YESB64262145,Walk-in,Converted,2024-04-11 00:00:00,Wait for salary credit
YESB21452081,Walk-in,Converted,2024-12-16 00:00:00,Interested in HL
YESB66986993,Digital Campaign,Lost,2024-03-20 00:00:00,KYC Pending
YESB60259204,Referral,In Progress,2024-03-29 00:00:00,Interested in HL
YESB25400634,Referral,Lost,2024-09-18 00:00:00,Called for FD
YESB41597635,Walk-in,In Progress,2024-07-08 00:00:00,Interested in HL
YESB36790119,Walk-in,Converted,2024-08-23 00:00:00,Called for FD
YESB92477008,Walk-in,In Progress,2024-07-23 00:00:00,Called for FD
YESB19218295,Digital Campaign,Lost,2024-10-31 00:00:00,Interested in HL
YESB33487859,Walk-in,Converted,2024-04-05 00:00:00,Wait for salary credit
YESB67269448,Digital Campaign,In Progress,2024-04-24 00:00:00,Wait for salary credit
YESB96118584,Referral,Converted,2024-01-31 00:00:00,KYC Pending
YESB58419593,Referral,Lost,2024-07-29 00:00:00,Interested in HL
YESB83649394,Referral,Lost,2024-11-29 00:00:00,KYC Pending
YESB93845126,Referral,In Progress,2024-10-15 00:00:00,Called for FD
YESB96906039,Walk-in,Converted,2024-09-15 00:00:00,Wait for salary credit
YESB59905851,Referral,Converted,2024-01-20 00:00:00,KYC Pending
YESB37636356,Referral,Converted,2024-03-14 00:00:00,Called for FD
YESB38722002,Walk-in,Converted,2024-12-21 00:00:00,Called for FD
YESB21643541,Digital Campaign,Lost,2024-05-14 00:00:00,KYC Pending
YESB65371728,Referral,Lost,2024-09-20 00:00:00,Called for FD
YESB85177274,Digital Campaign,In Progress,2024-04-14 00:00:00,Called for FD
YESB75574695,Digital Campaign,Converted,2024-04-02 00:00:00,Called for FD
YESB64108281,Referral,Lost,2024-08-01 00:00:00,Wait for salary credit
YESB83229858,Digital Campaign,In Progress,2024-07-31 00:00:00,KYC Pending
YESB24518266,Digital Campaign,Converted,2024-05-08 00:00:00,Interested in HL
YESB46069467,Walk-in,Converted,2024-05-04 00:00:00,KYC Pending
YESB94532609,Referral,Lost,2024-12-05 00:00:00,Interested in HL
YESB34371610,Referral,Converted,2024-04-30 00:00:00,Wait for salary credit
YESB65786709,Digital Campaign,Lost,2024-11-05 00:00:00,KYC Pending
YESB87452369,Referral,Converted,2024-01-23 00:00:00,Called for FD
YESB39675718,Walk-in,In Progress,2024-01-28 00:00:00,Wait for salary credit
YESB37827079,Referral,Converted,2024-11-08 00:00:00,Interested in HL
YESB93026587,Referral,In Progress,2024-01-28 00:00:00,Wait for salary credit
YESB56166528,Walk-in,Lost,2024-09-17 00:00:00,Interested in HL
YESB70993712,Digital Campaign,In Progress,2024-06-29 00:00:00,Called for FD
YESB21106838,Walk-in,Lost,2024-01-30 00:00:00,KYC Pending
YESB51470965,Walk-in,In Progress,2024-12-28 00:00:00,KYC Pending
YESB94285923,Referral,In Progress,2024-06-06 00:00:00,KYC Pending
YESB15999904,Digital Campaign,Converted,2024-11-06 00:00:00,Interested in HL
YESB81366381,Walk-in,Converted,2024-05-09 00:00:00,Wait for salary credit
YESB62732668,Digital Campaign,Lost,2024-09-03 00:00:00,Called for FD
YESB81866742,Walk-in,Converted,2024-01-12 00:00:00,Called for FD
YESB79261680,Referral,In Progress,2024-05-30 00:00:00,KYC Pending
YESB15526509,Walk-in,In Progress,2024-10-16 00:00:00,Interested in HL
YESB14351990,Walk-in,In Progress,2024-05-11 00:00:00,Wait for salary credit
YESB71521038,Referral,Lost,2024-01-02 00:00:00,Called for FD
YESB80064271,Walk-in,In Progress,2024-02-25 00:00:00,Called for FD
YESB98801174,Digital Campaign,In Progress,2024-08-18 00:00:00,Wait for salary credit
YESB95964192,Digital Campaign,In Progress,2024-05-12 00:00:00,Interested in HL
YESB25549150,Walk-in,Converted,2024-08-19 00:00:00,Interested in HL
YESB84345636,Walk-in,In Progress,2024-01-29 00:00:00,KYC Pending
YESB69547235,Digital Campaign,In Progress,2024-08-02 00:00:00,Wait for salary credit
YESB96728588,Walk-in,In Progress,2024-04-23 00:00:00,KYC Pending
YESB58036708,Referral,Lost,2024-02-27 00:00:00,Wait for salary credit
YESB40990240,Walk-in,Converted,2024-03-15 00:00:00,Wait for salary credit
YESB70248615,Referral,Converted,2024-02-05 00:00:00,Called for FD
YESB62662169,Walk-in,In Progress,2024-11-09 00:00:00,Interested in HL
YESB14983976,Digital Campaign,In Progress,2024-05-09 00:00:00,Wait for salary credit
YESB86086873,Walk-in,In Progress,2024-06-01 00:00:00,KYC Pending
YESB37137751,Referral,In Progress,2024-10-10 00:00:00,Wait for salary credit
YESB79911938,Digital Campaign,In Progress,2024-07-20 00:00:00,KYC Pending
YESB53199462,Referral,In Progress,2024-05-10 00:00:00,Wait for salary credit
YESB34428228,Walk-in,Lost,2024-09-19 00:00:00,KYC Pending
YESB93858193,Walk-in,Converted,2024-10-24 00:00:00,Called for FD
YESB39485548,Digital Campaign,Converted,2024-04-10 00:00:00,Interested in HL
YESB36676919,Digital Campaign,Converted,2024-09-02 00:00:00,Wait for salary credit
YESB29185216,Referral,Converted,2024-09-02 00:00:00,Interested in HL
YESB91330606,Digital Campaign,Lost,2024-11-17 00:00:00,Called for FD
YESB33851303,Walk-in,Converted,2024-01-02 00:00:00,Interested in HL
YESB38115796,Digital Campaign,Lost,2024-06-12 00:00:00,Wait for salary credit
YESB50458880,Walk-in,Converted,2024-03-06 00:00:00,KYC Pending
YESB90276317,Referral,Lost,2024-09-10 00:00:00,KYC Pending
YESB71003262,Referral,Converted,2024-09-19 00:00:00,Interested in HL
YESB29694987,Referral,In Progress,2024-01-07 00:00:00,Wait for salary credit
YESB21362712,Referral,In Progress,2024-12-27 00:00:00,Interested in HL
YESB74352089,Referral,Converted,2024-05-03 00:00:00,Interested in HL
YESB58989680,Referral,In Progress,2024-01-04 00:00:00,Wait for salary credit
YESB13246884,Referral,Converted,2024-02-20 00:00:00,Interested in HL
YESB12939640,Referral,Converted,2024-01-05 00:00:00,Called for FD
YESB87288147,Walk-in,Lost,2024-06-26 00:00:00,KYC Pending
YESB47329748,Referral,Converted,2024-07-28 00:00:00,Wait for salary credit
YESB75152942,Walk-in,Converted,2024-09-16 00:00:00,Wait for salary credit
YESB53932838,Walk-in,In Progress,2024-04-01 00:00:00,KYC Pending
YESB50544270,Referral,In Progress,2024-08-24 00:00:00,KYC Pending
YESB62621064,Digital Campaign,In Progress,2024-01-12 00:00:00,Called for FD
YESB30943123,Walk-in,Converted,2024-02-18 00:00:00,Called for FD
YESB66219753,Walk-in,Lost,2024-04-17 00:00:00,Called for FD
YESB47470148,Digital Campaign,In Progress,2024-03-01 00:00:00,Wait for salary credit
YESB14630200,Referral,Lost,2024-12-25 00:00:00,Called for FD
YESB65173714,Digital Campaign,Converted,2024-06-29 00:00:00,Called for FD
YESB21516675,Referral,In Progress,2024-10-25 00:00:00,KYC Pending
YESB55565196,Walk-in,Lost,2024-03-02 00:00:00,KYC Pending
YESB79040706,Walk-in,Lost,2024-05-22 00:00:00,KYC Pending
YESB32870924,Referral,In Progress,2024-10-26 00:00:00,Called for FD
YESB49360532,Digital Campaign,Lost,2024-08-31 00:00:00,Interested in HL
YESB42449322,Referral,Lost,2024-12-12 00:00:00,Wait for salary credit
YESB30807397,Referral,Converted,2024-09-11 00:00:00,Interested in HL
YESB96947661,Walk-in,In Progress,2024-02-24 00:00:00,Interested in HL
YESB10932074,Walk-in,Lost,2024-05-07 00:00:00,Wait for salary credit
YESB98284722,Referral,Lost,2024-11-15 00:00:00,Wait for salary credit
YESB24503391,Walk-in,Converted,2024-03-10 00:00:00,Wait for salary credit
YESB50806331,Digital Campaign,Lost,2024-04-05 00:00:00,Interested in HL
YESB54813527,Digital Campaign,Lost,2024-11-07 00:00:00,Wait for salary credit
YESB38944783,Digital Campaign,Converted,2024-12-04 00:00:00,Interested in HL
YESB20219581,Walk-in,Converted,2024-03-29 00:00:00,Wait for salary credit
YESB73828372,Walk-in,In Progress,2024-04-13 00:00:00,Wait for salary credit
YESB76402185,Walk-in,Lost,2024-06-11 00:00:00,Interested in HL
YESB71394942,Digital Campaign,Converted,2024-01-24 00:00:00,Called for FD
YESB92865380,Referral,In Progress,2024-04-05 00:00:00,Called for FD
YESB35925879,Digital Campaign,Lost,2024-07-10 00:00:00,Interested in HL
YESB17544656,Walk-in,Lost,2024-05-01 00:00:00,Interested in HL
YESB47401947,Digital Campaign,Converted,2024-03-25 00:00:00,Wait for salary credit
YESB91786512,Digital Campaign,Lost,2024-07-10 00:00:00,Wait for salary credit
YESB41329809,Walk-in,Converted,2024-04-24 00:00:00,KYC Pending
YESB41910211,Digital Campaign,Lost,2024-01-05 00:00:00,Interested in HL
YESB50811876,Walk-in,In Progress,2024-07-12 00:00:00,KYC Pending
YESB17790595,Digital Campaign,Lost,2024-05-22 00:00:00,KYC Pending
YESB98806024,Walk-in,Lost,2024-01-30 00:00:00,KYC Pending
YESB33559421,Digital Campaign,Lost,2024-09-07 00:00:00,Called for FD
YESB12434118,Referral,Lost,2024-10-23 00:00:00,Interested in HL
YESB28268645,Digital Campaign,Lost,2024-11-28 00:00:00,Called for FD
YESB71650371,Digital Campaign,Lost,2024-02-19 00:00:00,KYC Pending
YESB76926841,Digital Campaign,Converted,2024-12-14 00:00:00,Interested in HL
YESB26978086,Walk-in,Lost,2024-11-24 00:00:00,KYC Pending
YESB87586482,Walk-in,In Progress,2024-06-15 00:00:00,Called for FD
YESB58839136,Digital Campaign,Converted,2024-03-24 00:00:00,Wait for salary credit
YESB65825801,Walk-in,Lost,2024-02-03 00:00:00,Called for FD
YESB26254906,Walk-in,Lost,2024-03-27 00:00:00,Interested in HL
YESB59149692,Referral,In Progress,2024-06-15 00:00:00,Wait for salary credit
YESB39705859,Walk-in,In Progress,2024-11-16 00:00:00,Called for FD
YESB64738260,Referral,In Progress,2024-08-08 00:00:00,Wait for salary credit
YESB14028895,Walk-in,Converted,2024-02-10 00:00:00,Called for FD
YESB30532335,Referral,Converted,2024-10-21 00:00:00,Wait for salary credit
YESB46846348,Referral,Lost,2024-10-26 00:00:00,KYC Pending
YESB85240058,Referral,Converted,2024-05-09 00:00:00,Interested in HL
YESB98434150,Walk-in,Converted,2024-02-09 00:00:00,Interested in HL
YESB88468548,Digital Campaign,In Progress,2024-05-25 00:00:00,KYC Pending
YESB71653585,Digital Campaign,In Progress,2024-01-17 00:00:00,Called for FD
YESB50245905,Digital Campaign,Converted,2024-03-18 00:00:00,Wait for salary credit
YESB88376006,Referral,Lost,2024-08-29 00:00:00,Interested in HL
YESB20907794,Digital Campaign,Lost,2024-10-08 00:00:00,Interested in HL
YESB39174454,Walk-in,Lost,2024-04-17 00:00:00,Wait for salary credit
YESB59800012,Referral,In Progress,2024-01-15 00:00:00,Wait for salary credit
YESB31309242,Digital Campaign,Lost,2024-04-15 00:00:00,Interested in HL
YESB45951018,Digital Campaign,In Progress,2024-12-23 00:00:00,Called for FD
YESB57858523,Walk-in,In Progress,2024-04-13 00:00:00,Wait for salary credit
YESB68587882,Digital Campaign,Converted,2024-04-02 00:00:00,KYC Pending
YESB62821752,Walk-in,Converted,2024-02-26 00:00:00,KYC Pending
YESB41891622,Walk-in,Converted,2024-02-10 00:00:00,Wait for salary credit
YESB50283287,Digital Campaign,Lost,2024-01-06 00:00:00,Interested in HL
YESB52845710,Referral,Converted,2024-01-20 00:00:00,KYC Pending
YESB14432755,Digital Campaign,In Progress,2024-09-30 00:00:00,Called for FD
YESB22879417,Referral,Lost,2024-05-10 00:00:00,Interested in HL
YESB10433979,Walk-in,Lost,2024-08-24 00:00:00,Called for FD
YESB92754772,Digital Campaign,Lost,2024-03-21 00:00:00,KYC Pending
YESB83779146,Walk-in,Lost,2024-11-18 00:00:00,Called for FD
YESB21841995,Digital Campaign,Lost,2024-01-05 00:00:00,Interested in HL
YESB53954945,Walk-in,In Progress,2024-07-18 00:00:00,KYC Pending
YESB21044625,Walk-in,In Progress,2024-07-02 00:00:00,KYC Pending
YESB20895741,Walk-in,Converted,2024-05-13 00:00:00,KYC Pending
YESB23938099,Digital Campaign,Lost,2024-02-20 00:00:00,Interested in HL
YESB71270015,Referral,In Progress,2024-06-13 00:00:00,Interested in HL
YESB57397772,Referral,Converted,2024-11-28 00:00:00,KYC Pending
YESB58598657,Referral,Converted,2024-02-05 00:00:00,Wait for salary credit
YESB54667082,Referral,Converted,2024-07-01 00:00:00,Wait for salary credit
YESB81269536,Digital Campaign,Lost,2024-02-22 00:00:00,Called for FD
YESB29222422,Digital Campaign,Converted,2024-12-22 00:00:00,Interested in HL
YESB14276832,Digital Campaign,Lost,2024-11-11 00:00:00,Called for FD
YESB41479867,Digital Campaign,Converted,2024-03-23 00:00:00,Called for FD
YESB25268348,Walk-in,Lost,2024-01-11 00:00:00,Called for FD
YESB38239089,Digital Campaign,Converted,2024-06-20 00:00:00,KYC Pending
YESB13195197,Digital Campaign,Converted,2024-02-09 00:00:00,Wait for salary credit
YESB26871221,Digital Campaign,Lost,2024-08-28 00:00:00,Interested in HL
YESB10928868,Digital Campaign,Lost,2024-09-02 00:00:00,Interested in HL
YESB73152787,Digital Campaign,Lost,2024-11-21 00:00:00,Wait for salary credit
YESB28297759,Walk-in,In Progress,2024-05-22 00:00:00,Wait for salary credit
YESB87591841,Referral,Lost,2024-10-05 00:00:00,KYC Pending
YESB40127584,Digital Campaign,Converted,2024-11-29 00:00:00,Interested in HL
YESB48780189,Walk-in,Lost,2024-01-14 00:00:00,KYC Pending
YESB23008089,Referral,Lost,2024-08-08 00:00:00,Wait for salary credit
YESB68124538,Digital Campaign,Converted,2024-11-15 00:00:00,KYC Pending
YESB33973728,Digital Campaign,Lost,2024-08-04 00:00:00,KYC Pending
YESB26368970,Referral,In Progress,2024-10-03 00:00:00,Interested in HL
YESB23317866,Digital Campaign,Converted,2024-08-28 00:00:00,Wait for salary credit
YESB57454627,Walk-in,Converted,2024-08-18 00:00:00,Called for FD
YESB26966827,Digital Campaign,In Progress,2024-05-23 00:00:00,Called for FD
YESB20870180,Referral,Lost,2024-01-23 00:00:00,KYC Pending
YESB57634049,Referral,Lost,2024-12-22 00:00:00,Called for FD
YESB15676295,Referral,Converted,2024-04-19 00:00:00,Interested in HL
YESB46117952,Digital Campaign,In Progress,2024-04-05 00:00:00,KYC Pending
YESB21074216,Walk-in,In Progress,2024-01-21 00:00:00,Called for FD
YESB13458207,Referral,Lost,2024-12-06 00:00:00,KYC Pending
YESB84732919,Referral,In Progress,2024-12-11 00:00:00,Wait for salary credit
YESB55901265,Referral,Lost,2024-04-11 00:00:00,Wait for salary credit
YESB99513975,Digital Campaign,In Progress,2024-10-02 00:00:00,Called for FD
YESB37100710,Digital Campaign,Lost,2024-03-20 00:00:00,KYC Pending
YESB34553723,Digital Campaign,Lost,2024-04-14 00:00:00,KYC Pending
YESB97208402,Digital Campaign,Converted,2024-04-03 00:00:00,KYC Pending
YESB63704097,Walk-in,Converted,2024-12-25 00:00:00,Interested in HL
YESB46384399,Digital Campaign,In Progress,2024-10-25 00:00:00,KYC Pending
YESB28436747,Walk-in,In Progress,2024-09-16 00:00:00,Interested in HL
YESB59167241,Referral,Converted,2024-02-23 00:00:00,Called for FD
YESB60708177,Digital Campaign,Lost,2024-12-18 00:00:00,Wait for salary credit
YESB75070954,Digital Campaign,In Progress,2024-10-14 00:00:00,Interested in HL
YESB14408461,Referral,Converted,2024-05-12 00:00:00,Interested in HL
YESB68558119,Digital Campaign,Lost,2024-01-04 00:00:00,Wait for salary credit
YESB69686793,Walk-in,Converted,2024-03-31 00:00:00,Interested in HL
YESB88828622,Referral,Lost,2024-10-11 00:00:00,KYC Pending
YESB87308456,Walk-in,Converted,2024-01-12 00:00:00,KYC Pending
YESB72161773,Digital Campaign,Converted,2024-03-13 00:00:00,Interested in HL
YESB59957890,Walk-in,In Progress,2024-02-22 00:00:00,Wait for salary credit
YESB53248933,Digital Campaign,Lost,2024-10-30 00:00:00,Wait for salary credit
YESB12745752,Referral,Lost,2024-07-13 00:00:00,KYC Pending
YESB33576123,Referral,Converted,2024-02-13 00:00:00,Called for FD
YESB77723896,Walk-in,In Progress,2024-08-26 00:00:00,Called for FD
YESB53753753,Digital Campaign,Lost,2024-11-26 00:00:00,Called for FD
YESB91192460,Referral,Lost,2024-08-29 00:00:00,KYC Pending
YESB73405748,Digital Campaign,Lost,2024-09-19 00:00:00,Called for FD
YESB73847899,Referral,Converted,2024-05-25 00:00:00,KYC Pending
YESB73129808,Walk-in,Converted,2024-05-03 00:00:00,Wait for salary credit
YESB37203088,Referral,In Progress,2024-09-12 00:00:00,Called for FD
YESB58387302,Referral,Lost,2024-08-16 00:00:00,KYC Pending
YESB22801120,Digital Campaign,Lost,2024-01-14 00:00:00,Called for FD
YESB79962089,Walk-in,Converted,2024-06-16 00:00:00,KYC Pending
YESB72193686,Referral,Lost,2024-04-04 00:00:00,KYC Pending
YESB79552062,Digital Campaign,Lost,2024-08-31 00:00:00,Wait for salary credit
YESB62685275,Referral,Lost,2024-07-17 00:00:00,KYC Pending
YESB42535644,Digital Campaign,In Progress,2024-05-29 00:00:00,Interested in HL
YESB52465454,Digital Campaign,Lost,2024-06-10 00:00:00,KYC Pending
YESB72481113,Referral,In Progress,2024-09-28 00:00:00,Interested in HL
YESB28696331,Digital Campaign,Lost,2024-06-25 00:00:00,Wait for salary credit
YESB21037010,Referral,Converted,2024-12-07 00:00:00,Interested in HL
YESB70628088,Referral,Lost,2024-07-26 00:00:00,Called for FD
YESB21419510,Referral,Lost,2024-06-19 00:00:00,Interested in HL
YESB79372892,Digital Campaign,In Progress,2024-11-11 00:00:00,Wait for salary credit
YESB14373380,Referral,In Progress,2024-07-05 00:00:00,Wait for salary credit
YESB75880071,Walk-in,Lost,2024-11-19 00:00:00,Wait for salary credit
YESB40235293,Digital Campaign,Lost,2024-09-03 00:00:00,KYC Pending
YESB96009137,Digital Campaign,In Progress,2024-05-11 00:00:00,KYC Pending
YESB50619237,Referral,Lost,2024-12-25 00:00:00,Called for FD
YESB61677319,Digital Campaign,Lost,2024-05-30 00:00:00,Called for FD
YESB44685232,Digital Campaign,Converted,2024-12-24 00:00:00,Wait for salary credit
YESB11349552,Walk-in,Lost,2024-03-12 00:00:00,Wait for salary credit
YESB19272984,Digital Campaign,In Progress,2024-06-05 00:00:00,Wait for salary credit
YESB62011959,Digital Campaign,Converted,2024-06-28 00:00:00,KYC Pending
YESB46460843,Walk-in,Converted,2024-04-01 00:00:00,Interested in HL
YESB26888553,Referral,Converted,2024-10-05 00:00:00,Called for FD
YESB33872925,Referral,Converted,2024-10-11 00:00:00,Called for FD
YESB62890319,Referral,Converted,2024-12-13 00:00:00,KYC Pending
YESB91003077,Walk-in,Converted,2024-01-04 00:00:00,Wait for salary credit
YESB54317014,Referral,Converted,2024-01-05 00:00:00,Called for FD
YESB37485676,Digital Campaign,In Progress,2024-10-15 00:00:00,Wait for salary credit
YESB97756325,Walk-in,Converted,2024-02-12 00:00:00,Interested in HL
YESB55026234,Digital Campaign,Converted,2024-05-31 00:00:00,Interested in HL
YESB71892421,Referral,Lost,2024-02-26 00:00:00,Wait for salary credit
YESB10953012,Digital Campaign,Lost,2024-06-04 00:00:00,Wait for salary credit
YESB24377311,Walk-in,In Progress,2024-01-19 00:00:00,Interested in HL
YESB25492638,Walk-in,In Progress,2024-10-23 00:00:00,Wait for salary credit
YESB13085833,Walk-in,Converted,2024-05-02 00:00:00,Wait for salary credit
YESB48581986,Referral,Converted,2024-02-05 00:00:00,Interested in HL
YESB43566783,Referral,Converted,2024-02-08 00:00:00,Interested in HL
YESB24644847,Walk-in,In Progress,2024-09-29 00:00:00,Called for FD
YESB24821540,Referral,In Progress,2024-03-06 00:00:00,Interested in HL
YESB83553152,Walk-in,Converted,2024-04-26 00:00:00,Wait for salary credit
YESB90713928,Walk-in,In Progress,2024-05-14 00:00:00,Wait for salary credit
YESB73866288,Digital Campaign,In Progress,2024-06-12 00:00:00,Interested in HL
YESB70699008,Digital Campaign,Lost,2024-10-31 00:00:00,KYC Pending
YESB48550648,Digital Campaign,Converted,2024-02-26 00:00:00,Interested in HL
YESB93023122,Referral,Lost,2024-10-09 00:00:00,Interested in HL
YESB57732236,Digital Campaign,Lost,2024-11-02 00:00:00,Interested in HL
YESB50726434,Walk-in,In Progress,2024-06-15 00:00:00,Called for FD
YESB62785420,Referral,Lost,2024-05-19 00:00:00,Interested in HL
YESB16163970,Referral,Converted,2024-08-09 00:00:00,KYC Pending
YESB79255523,Referral,Lost,2024-01-11 00:00:00,Called for FD
YESB38789940,Referral,Converted,2024-09-23 00:00:00,KYC Pending
YESB94391407,Walk-in,Lost,2024-01-23 00:00:00,Wait for salary credit
YESB37753346,Referral,Converted,2024-03-07 00:00:00,Called for FD
YESB29551741,Walk-in,Lost,2024-01-24 00:00:00,Interested in HL
YESB22295951,Walk-in,Lost,2024-12-24 00:00:00,Called for FD
YESB14920309,Walk-in,Lost,2024-08-31 00:00:00,Wait for salary credit
YESB55981685,Digital Campaign,Converted,2024-10-24 00:00:00,KYC Pending
YESB57029906,Referral,Lost,2024-03-12 00:00:00,Called for FD
YESB80114073,Walk-in,In Progress,2024-01-06 00:00:00,Called for FD
YESB76450777,Walk-in,In Progress,2024-05-03 00:00:00,Wait for salary credit
YESB42819466,Referral,Converted,2024-07-17 00:00:00,Interested in HL
YESB57669033,Referral,Lost,2024-04-25 00:00:00,Interested in HL
YESB36654505,Walk-in,Converted,2024-04-18 00:00:00,Called for FD
YESB57279203,Referral,In Progress,2024-07-07 00:00:00,Interested in HL
YESB33696636,Referral,Converted,2024-12-27 00:00:00,Wait for salary credit
YESB51721603,Digital Campaign,Lost,2024-10-23 00:00:00,Called for FD
YESB84653590,Referral,Converted,2024-03-06 00:00:00,Wait for salary credit
YESB34214455,Referral,Lost,2024-02-09 00:00:00,KYC Pending
YESB60762471,Referral,Converted,2024-04-26 00:00:00,Interested in HL
YESB49939650,Walk-in,Lost,2024-01-28 00:00:00,Wait for salary credit
YESB40081699,Referral,Lost,2024-08-15 00:00:00,KYC Pending
YESB39968237,Referral,In Progress,2024-07-23 00:00:00,Interested in HL
YESB21156328,Referral,Lost,2024-11-14 00:00:00,Interested in HL
YESB84222845,Referral,In Progress,2024-08-12 00:00:00,KYC Pending
YESB83797044,Referral,Converted,2024-09-13 00:00:00,Interested in HL
YESB79578096,Walk-in,In Progress,2024-05-24 00:00:00,Called for FD
YESB14428158,Walk-in,Converted,2024-04-23 00:00:00,Wait for salary credit
YESB73678614,Digital Campaign,Converted,2024-05-09 00:00:00,Wait for salary credit
YESB69521445,Walk-in,In Progress,2024-12-04 00:00:00,Called for FD
YESB53451999,Walk-in,In Progress,2024-07-18 00:00:00,KYC Pending
YESB45929110,Digital Campaign,In Progress,2024-07-31 00:00:00,Called for FD
YESB31189911,Referral,Lost,2024-03-05 00:00:00,Called for FD
YESB39359695,Walk-in,In Progress,2024-03-07 00:00:00,Called for FD
YESB25281749,Referral,Converted,2024-02-10 00:00:00,Interested in HL
YESB41193238,Referral,Converted,2024-12-20 00:00:00,Called for FD
YESB18502075,Walk-in,Lost,2024-10-28 00:00:00,Interested in HL
YESB60751105,Referral,In Progress,2024-09-09 00:00:00,Called for FD
YESB68890653,Digital Campaign,Converted,2024-02-09 00:00:00,Called for FD
YESB60166744,Walk-in,In Progress,2024-03-17 00:00:00,Wait for salary credit
YESB70189420,Walk-in,Converted,2024-10-22 00:00:00,KYC Pending
YESB97344174,Walk-in,Converted,2024-07-06 00:00:00,Called for FD
YESB37991975,Walk-in,In Progress,2024-12-30 00:00:00,Interested in HL
YESB77477298,Walk-in,Converted,2024-05-11 00:00:00,Interested in HL
YESB34233505,Digital Campaign,Lost,2024-04-25 00:00:00,Called for FD
YESB27545346,Referral,Lost,2024-11-05 00:00:00,Interested in HL
YESB18665715,Digital Campaign,In Progress,2024-03-29 00:00:00,KYC Pending
YESB65545875,Referral,Lost,2024-02-28 00:00:00,Interested in HL
YESB41233543,Referral,In Progress,2024-03-20 00:00:00,Called for FD
YESB36772710,Digital Campaign,In Progress,2024-04-19 00:00:00,Interested in HL
YESB46630797,Referral,In Progress,2024-03-17 00:00:00,Interested in HL
YESB39286102,Referral,Lost,2024-06-03 00:00:00,Wait for salary credit
YESB19571431,Walk-in,Lost,2024-10-30 00:00:00,KYC Pending
YESB78849258,Walk-in,Converted,2024-04-17 00:00:00,KYC Pending
YESB33943884,Walk-in,In Progress,2024-02-11 00:00:00,Wait for salary credit
YESB89415607,Walk-in,Converted,2024-05-20 00:00:00,KYC Pending
YESB50123610,Digital Campaign,Converted,2024-12-21 00:00:00,Wait for salary credit
YESB26772282,Walk-in,In Progress,2024-05-26 00:00:00,Called for FD
YESB97983134,Walk-in,Converted,2024-08-03 00:00:00,Called for FD
YESB47275905,Digital Campaign,In Progress,2024-04-23 00:00:00,Wait for salary credit
YESB71924170,Digital Campaign,In Progress,2024-08-03 00:00:00,Called for FD
YESB92586754,Referral,Lost,2024-12-21 00:00:00,Wait for salary credit
YESB17689367,Walk-in,Converted,2024-01-25 00:00:00,KYC Pending
YESB78522335,Referral,In Progress,2024-05-08 00:00:00,Wait for salary credit
YESB76298948,Digital Campaign,Converted,2024-09-18 00:00:00,Wait for salary credit
YESB56982266,Walk-in,In Progress,2024-09-11 00:00:00,KYC Pending
YESB79902505,Referral,Converted,2024-06-02 00:00:00,Called for FD
YESB35910407,Digital Campaign,In Progress,2024-01-26 00:00:00,Interested in HL
YESB58879674,Referral,Lost,2024-10-26 00:00:00,Wait for salary credit
YESB89630540,Referral,In Progress,2024-02-27 00:00:00,KYC Pending
YESB28129103,Digital Campaign,In Progress,2024-06-18 00:00:00,KYC Pending
YESB25108982,Referral,Lost,2024-11-29 00:00:00,Wait for salary credit
YESB70047208,Referral,Lost,2024-10-09 00:00:00,KYC Pending
YESB19836554,Digital Campaign,Lost,2024-08-30 00:00:00,KYC Pending
YESB93226911,Digital Campaign,Lost,2024-04-27 00:00:00,Interested in HL
YESB23723036,Digital Campaign,In Progress,2024-12-15 00:00:00,KYC Pending
YESB97619039,Digital Campaign,Converted,2024-01-20 00:00:00,KYC Pending
YESB37912808,Referral,Converted,2024-02-11 00:00:00,Called for FD
YESB88652657,Digital Campaign,In Progress,2024-05-22 00:00:00,KYC Pending
YESB98380751,Referral,In Progress,2024-07-22 00:00:00,Interested in HL
YESB15028579,Digital Campaign,In Progress,2024-09-21 00:00:00,KYC Pending
YESB11347766,Digital Campaign,In Progress,2024-08-27 00:00:00,Wait for salary credit
YESB96999681,Digital Campaign,Converted,2024-10-22 00:00:00,Wait for salary credit
YESB14505821,Referral,Converted,2024-07-04 00:00:00,KYC Pending
YESB29386035,Walk-in,In Progress,2024-12-18 00:00:00,KYC Pending
YESB79036678,Digital Campaign,Lost,2024-06-07 00:00:00,Wait for salary credit
YESB74614430,Referral,Lost,2024-04-23 00:00:00,Called for FD
YESB36571905,Walk-in,Converted,2024-12-13 00:00:00,Wait for salary credit
YESB99170934,Digital Campaign,Converted,2024-01-15 00:00:00,KYC Pending
YESB70386293,Walk-in,Converted,2024-04-26 00:00:00,Called for FD
YESB85705448,Referral,In Progress,2024-12-27 00:00:00,Wait for salary credit
YESB91843774,Walk-in,Converted,2024-11-25 00:00:00,KYC Pending
YESB87580157,Referral,Converted,2024-08-10 00:00:00,Called for FD
YESB99972671,Referral,In Progress,2024-04-20 00:00:00,KYC Pending
YESB77307490,Digital Campaign,Lost,2024-04-18 00:00:00,Called for FD
YESB14542032,Walk-in,Converted,2024-04-09 00:00:00,Called for FD
YESB20947127,Referral,Lost,2024-06-27 00:00:00,KYC Pending
YESB53650957,Walk-in,Converted,2024-01-02 00:00:00,KYC Pending
YESB21879147,Walk-in,Lost,2024-12-14 00:00:00,Interested in HL
YESB17802590,Referral,In Progress,2024-02-05 00:00:00,Wait for salary credit
YESB67818800,Digital Campaign,Converted,2024-04-07 00:00:00,Interested in HL
YESB35363589,Digital Campaign,Lost,2024-12-14 00:00:00,Called for FD
YESB14117314,Digital Campaign,In Progress,2024-09-04 00:00:00,Wait for salary credit
YESB13043987,Referral,Converted,2024-01-15 00:00:00,Interested in HL
YESB87200605,Referral,Lost,2024-02-26 00:00:00,Called for FD
YESB36682261,Digital Campaign,Lost,2024-07-31 00:00:00,Wait for salary credit
YESB11281367,Digital Campaign,Converted,2024-03-18 00:00:00,Wait for salary credit
YESB17562075,Digital Campaign,In Progress,2024-11-14 00:00:00,Wait for salary credit
YESB91772455,Walk-in,Converted,2024-07-21 00:00:00,Called for FD
YESB64334489,Digital Campaign,Lost,2024-09-23 00:00:00,Wait for salary credit
YESB53563704,Digital Campaign,Lost,2024-04-13 00:00:00,Interested in HL
YESB64183948,Digital Campaign,Converted,2024-07-30 00:00:00,Interested in HL
YESB37474759,Digital Campaign,Converted,2024-05-22 00:00:00,Called for FD
YESB50942119,Referral,In Progress,2024-06-23 00:00:00,KYC Pending
YESB95856851,Referral,In Progress,2024-09-17 00:00:00,Wait for salary credit
YESB65972303,Walk-in,Lost,2024-04-07 00:00:00,KYC Pending
YESB48582938,Digital Campaign,In Progress,2024-04-19 00:00:00,Interested in HL
YESB27925859,Referral,Converted,2024-05-27 00:00:00,Wait for salary credit
YESB92789090,Walk-in,Converted,2024-08-11 00:00:00,Wait for salary credit
YESB74172567,Digital Campaign,Lost,2024-07-28 00:00:00,KYC Pending
YESB83261411,Referral,Converted,2024-03-28 00:00:00,Wait for salary credit
YESB82105313,Walk-in,Lost,2024-05-05 00:00:00,KYC Pending
YESB88009312,Digital Campaign,Lost,2024-10-19 00:00:00,KYC Pending
YESB66446284,Digital Campaign,Converted,2024-08-14 00:00:00,Interested in HL
YESB74489986,Digital Campaign,Lost,2024-07-23 00:00:00,Wait for salary credit
YESB70525807,Digital Campaign,In Progress,2024-02-08 00:00:00,KYC Pending
YESB82136640,Referral,In Progress,2024-01-22 00:00:00,KYC Pending
YESB32101792,Digital Campaign,In Progress,2024-02-20 00:00:00,KYC Pending
YESB48429059,Walk-in,Lost,2024-02-17 00:00:00,Wait for salary credit
YESB42096142,Walk-in,In Progress,2024-11-28 00:00:00,Interested in HL
YESB70254700,Referral,Lost,2024-11-23 00:00:00,KYC Pending
YESB62507883,Referral,Lost,2024-08-18 00:00:00,Wait for salary credit
YESB38770314,Digital Campaign,Lost,2024-08-26 00:00:00,Wait for salary credit
YESB10054399,Referral,Lost,2024-09-13 00:00:00,Wait for salary credit
YESB81215504,Walk-in,In Progress,2024-03-16 00:00:00,Wait for salary credit
YESB94069774,Referral,Converted,2024-06-30 00:00:00,Wait for salary credit
YESB27534662,Walk-in,Lost,2024-08-05 00:00:00,Interested in HL
YESB43825913,Walk-in,Converted,2024-06-19 00:00:00,KYC Pending
YESB25606621,Walk-in,Lost,2024-01-09 00:00:00,KYC Pending
YESB73130605,Referral,In Progress,2024-08-12 00:00:00,Wait for salary credit
YESB54787454,Digital Campaign,In Progress,2024-01-07 00:00:00,Called for FD
YESB85081624,Referral,Converted,2024-08-28 00:00:00,KYC Pending
YESB78061737,Digital Campaign,In Progress,2024-12-02 00:00:00,Called for FD
YESB76902969,Walk-in,Converted,2024-11-13 00:00:00,Interested in HL
YESB92024531,Referral,Lost,2024-08-18 00:00:00,Called for FD
YESB64782183,Referral,In Progress,2024-03-09 00:00:00,Called for FD
YESB13033044,Referral,Converted,2024-11-07 00:00:00,Interested in HL
YESB28962068,Walk-in,Converted,2024-02-11 00:00:00,Wait for salary credit
YESB37946351,Walk-in,In Progress,2024-03-06 00:00:00,Interested in HL
YESB72429307,Walk-in,Converted,2024-02-19 00:00:00,Interested in HL
YESB41459126,Referral,Lost,2024-03-05 00:00:00,Interested in HL
YESB44134125,Referral,Lost,2024-02-11 00:00:00,Interested in HL
YESB74963480,Digital Campaign,In Progress,2024-01-18 00:00:00,Interested in HL
YESB61986258,Referral,In Progress,2024-11-09 00:00:00,Wait for salary credit
YESB66411921,Referral,In Progress,2024-12-23 00:00:00,Interested in HL
YESB94746934,Referral,In Progress,2024-01-16 00:00:00,Wait for salary credit
YESB39015848,Walk-in,Converted,2024-08-26 00:00:00,Wait for salary credit
YESB40271419,Digital Campaign,Converted,2024-04-26 00:00:00,KYC Pending
YESB45982670,Walk-in,In Progress,2024-11-20 00:00:00,Called for FD
YESB77042800,Referral,Converted,2024-09-25 00:00:00,Interested in HL
YESB32317939,Referral,Converted,2024-04-29 00:00:00,Called for FD
YESB18116106,Digital Campaign,Converted,2024-08-02 00:00:00,Interested in HL
YESB65728781,Walk-in,In Progress,2024-02-01 00:00:00,Called for FD
YESB67925729,Referral,Converted,2024-01-14 00:00:00,Called for FD
YESB37663819,Walk-in,Lost,2024-06-10 00:00:00,Interested in HL
YESB74855289,Walk-in,In Progress,2024-05-14 00:00:00,KYC Pending
YESB35109776,Walk-in,Converted,2024-06-17 00:00:00,Interested in HL
YESB95435460,Digital Campaign,In Progress,2024-01-09 00:00:00,Called for FD
YESB96563416,Digital Campaign,In Progress,2024-02-25 00:00:00,Called for FD
YESB83062238,Digital Campaign,Converted,2024-07-03 00:00:00,Interested in HL
YESB72399911,Walk-in,Lost,2024-05-28 00:00:00,Interested in HL
YESB79426729,Digital Campaign,In Progress,2024-02-25 00:00:00,Wait for salary credit
YESB27343222,Walk-in,Converted,2024-04-01 00:00:00,Called for FD
YESB71578705,Walk-in,Lost,2024-04-24 00:00:00,Wait for salary credit
YESB58880094,Walk-in,In Progress,2024-08-25 00:00:00,Called for FD
YESB41161665,Digital Campaign,Converted,2024-01-25 00:00:00,Interested in HL
YESB47931468,Walk-in,In Progress,2024-01-02 00:00:00,Interested in HL
YESB31601670,Walk-in,In Progress,2024-10-08 00:00:00,Called for FD
YESB71397011,Walk-in,In Progress,2024-01-27 00:00:00,Wait for salary credit
YESB68209638,Walk-in,In Progress,2024-07-23 00:00:00,Called for FD
YESB65406881,Referral,In Progress,2024-04-22 00:00:00,KYC Pending
YESB73053170,Referral,Lost,2024-09-29 00:00:00,KYC Pending
YESB56195011,Referral,Converted,2024-07-12 00:00:00,Called for FD
YESB69885514,Walk-in,In Progress,2024-12-23 00:00:00,Interested in HL
YESB86570060,Walk-in,In Progress,2024-07-10 00:00:00,Wait for salary credit
YESB87318888,Walk-in,Lost,2024-01-29 00:00:00,Interested in HL
YESB72023053,Walk-in,In Progress,2024-01-27 00:00:00,Wait for salary credit
YESB80027758,Digital Campaign,Lost,2024-07-04 00:00:00,KYC Pending
YESB43677015,Walk-in,In Progress,2024-04-16 00:00:00,KYC Pending
YESB45851669,Digital Campaign,Lost,2024-06-08 00:00:00,KYC Pending
YESB73618913,Walk-in,Lost,2024-10-10 00:00:00,Interested in HL
YESB48459481,Referral,Converted,2024-07-11 00:00:00,KYC Pending
YESB17759607,Digital Campaign,Lost,2024-07-08 00:00:00,Interested in HL
YESB43384075,Digital Campaign,Lost,2024-12-26 00:00:00,Wait for salary credit
YESB38641780,Referral,In Progress,2024-02-22 00:00:00,Wait for salary credit
YESB82075044,Digital Campaign,Converted,2024-05-04 00:00:00,KYC Pending
YESB86387653,Referral,In Progress,2024-01-27 00:00:00,Called for FD
YESB18371555,Digital Campaign,Converted,2024-09-09 00:00:00,Wait for salary credit
YESB57620440,Digital Campaign,Lost,2024-10-09 00:00:00,Called for FD
YESB80288534,Referral,Converted,2024-02-18 00:00:00,Interested in HL
YESB18964308,Walk-in,In Progress,2024-10-25 00:00:00,Wait for salary credit
YESB47045025,Referral,In Progress,2024-12-01 00:00:00,Called for FD
YESB84118603,Walk-in,Lost,2024-05-23 00:00:00,Interested in HL
YESB96073488,Digital Campaign,In Progress,2024-08-09 00:00:00,Wait for salary credit
YESB88188711,Referral,Converted,2024-01-29 00:00:00,Called for FD
YESB23328329,Referral,In Progress,2024-02-18 00:00:00,Wait for salary credit
YESB82028769,Referral,Converted,2024-05-01 00:00:00,KYC Pending
YESB97729312,Walk-in,Converted,2024-11-13 00:00:00,KYC Pending
YESB95342201,Referral,Converted,2024-06-12 00:00:00,Wait for salary credit
YESB29173715,Referral,Converted,2024-03-14 00:00:00,Wait for salary credit
YESB78496596,Walk-in,In Progress,2024-04-18 00:00:00,Interested in HL
YESB10134289,Digital Campaign,In Progress,2024-08-15 00:00:00,Called for FD
YESB64634827,Walk-in,Lost,2024-08-04 00:00:00,Wait for salary credit
YESB93523538,Walk-in,Lost,2024-06-04 00:00:00,Wait for salary credit
YESB56994757,Walk-in,Lost,2024-05-11 00:00:00,KYC Pending
YESB28612295,Walk-in,In Progress,2024-12-12 00:00:00,Called for FD
YESB32317447,Referral,Converted,2024-03-20 00:00:00,KYC Pending
YESB44858899,Walk-in,In Progress,2024-09-03 00:00:00,KYC Pending
YESB73329899,Digital Campaign,Converted,2024-10-05 00:00:00,KYC Pending
YESB80996544,Digital Campaign,Converted,2024-03-03 00:00:00,KYC Pending
YESB75541830,Walk-in,In Progress,2024-06-05 00:00:00,KYC Pending
YESB54443424,Walk-in,Converted,2024-08-02 00:00:00,KYC Pending
YESB69750263,Digital Campaign,Lost,2024-12-06 00:00:00,Interested in HL
YESB63508579,Digital Campaign,Converted,2024-09-13 00:00:00,KYC Pending
YESB86369662,Referral,Converted,2024-12-31 00:00:00,Called for FD
YESB21879147,Walk-in,Lost,2024-05-07 00:00:00,Interested in HL
YESB59953903,Referral,In Progress,2024-06-27 00:00:00,KYC Pending
YESB28009238,Walk-in,Lost,2024-05-30 00:00:00,Wait for salary credit
YESB14846883,Walk-in,Lost,2024-07-16 00:00:00,KYC Pending
YESB49779670,Referral,In Progress,2024-12-02 00:00:00,Interested in HL
YESB21205163,Digital Campaign,Lost,2024-10-16 00:00:00,Interested in HL
YESB73670571,Referral,Lost,2024-10-02 00:00:00,KYC Pending
YESB96133882,Walk-in,In Progress,2024-01-07 00:00:00,Called for FD
YESB98505325,Walk-in,Lost,2024-02-18 00:00:00,KYC Pending
YESB43139539,Walk-in,In Progress,2024-05-04 00:00:00,Wait for salary credit
YESB75271895,Walk-in,Lost,2024-07-22 00:00:00,Called for FD
YESB71673727,Digital Campaign,Converted,2024-05-20 00:00:00,Interested in HL
YESB69839170,Digital Campaign,Converted,2024-08-09 00:00:00,KYC Pending
YESB56865404,Referral,Converted,2024-11-17 00:00:00,Wait for salary credit
YESB19353371,Digital Campaign,Lost,2024-01-10 00:00:00,Wait for salary credit
YESB16365142,Referral,Lost,2024-09-14 00:00:00,Wait for salary credit
YESB29759343,Walk-in,Lost,2024-08-16 00:00:00,Wait for salary credit
YESB89202509,Referral,Converted,2024-06-16 00:00:00,Interested in HL
YESB43431064,Referral,In Progress,2024-05-03 00:00:00,Interested in HL
YESB35971814,Referral,In Progress,2024-05-26 00:00:00,KYC Pending
YESB13191323,Digital Campaign,Converted,2024-06-19 00:00:00,KYC Pending
YESB15035133,Digital Campaign,In Progress,2024-10-20 00:00:00,KYC Pending
YESB16428331,Referral,Lost,2024-05-17 00:00:00,Interested in HL
YESB54812610,Digital Campaign,In Progress,2024-08-27 00:00:00,Wait for salary credit
YESB21258648,Walk-in,Converted,2024-04-09 00:00:00,Interested in HL
YESB97398034,Referral,Lost,2024-01-23 00:00:00,Called for FD
YESB51274050,Walk-in,Lost,2024-06-15 00:00:00,Wait for salary credit
YESB26714502,Walk-in,In Progress,2024-04-13 00:00:00,KYC Pending
YESB99380542,Referral,In Progress,2024-01-13 00:00:00,Called for FD
YESB22967530,Digital Campaign,Converted,2024-08-25 00:00:00,Interested in HL
YESB43566519,Digital Campaign,Lost,2024-08-13 00:00:00,Called for FD
YESB87265526,Referral,In Progress,2024-09-30 00:00:00,Wait for salary credit
YESB22306266,Walk-in,Converted,2024-10-20 00:00:00,Interested in HL
YESB62053286,Referral,Lost,2024-05-23 00:00:00,KYC Pending
YESB71461628,Referral,Converted,2024-01-20 00:00:00,Wait for salary credit
YESB79376124,Referral,Converted,2024-03-21 00:00:00,Wait for salary credit
YESB27312397,Referral,In Progress,2024-03-24 00:00:00,Wait for salary credit
YESB95333402,Walk-in,Converted,2024-05-21 00:00:00,Wait for salary credit
YESB20555267,Digital Campaign,Lost,2024-11-13 00:00:00,Called for FD
YESB58037433,Referral,In Progress,2024-08-24 00:00:00,Wait for salary credit
YESB15686013,Referral,Converted,2024-03-17 00:00:00,Interested in HL
YESB61115945,Digital Campaign,Lost,2024-11-18 00:00:00,KYC Pending
YESB46668273,Walk-in,In Progress,2024-04-30 00:00:00,Interested in HL
YESB75447208,Digital Campaign,Converted,2024-10-20 00:00:00,Called for FD
YESB40703344,Referral,In Progress,2024-04-10 00:00:00,Called for FD
YESB93917313,Digital Campaign,Lost,2024-02-10 00:00:00,Interested in HL
YESB43956016,Walk-in,In Progress,2024-09-07 00:00:00,Called for FD
YESB59356279,Walk-in,Converted,2024-01-22 00:00:00,Interested in HL
YESB72727465,Referral,Converted,2024-08-20 00:00:00,Called for FD
YESB22277966,Digital Campaign,Converted,2024-02-25 00:00:00,Called for FD
YESB49902862,Digital Campaign,In Progress,2024-09-08 00:00:00,Called for FD
YESB14864564,Walk-in,In Progress,2024-03-25 00:00:00,Interested in HL
YESB62074512,Walk-in,In Progress,2024-08-15 00:00:00,Wait for salary credit
YESB64697642,Digital Campaign,Lost,2024-07-02 00:00:00,Interested in HL
YESB79893836,Walk-in,Converted,2024-12-27 00:00:00,Called for FD
YESB84387495,Referral,Converted,2024-10-17 00:00:00,KYC Pending
YESB92439908,Digital Campaign,Converted,2024-03-26 00:00:00,KYC Pending
YESB66876658,Referral,Converted,2024-03-17 00:00:00,Interested in HL
YESB32089990,Referral,In Progress,2024-12-21 00:00:00,Called for FD
YESB71614329,Referral,Converted,2024-10-13 00:00:00,Wait for salary credit
YESB45005973,Digital Campaign,Lost,2024-04-05 00:00:00,KYC Pending
YESB55992776,Digital Campaign,Converted,2024-02-12 00:00:00,Called for FD
YESB15829741,Walk-in,Lost,2024-06-29 00:00:00,Wait for salary credit
YESB76256799,Referral,In Progress,2024-08-15 00:00:00,Interested in HL
YESB60092151,Digital Campaign,Lost,2024-05-14 00:00:00,Called for FD
YESB61607281,Walk-in,Converted,2024-06-21 00:00:00,Wait for salary credit
YESB45144391,Walk-in,Lost,2024-04-07 00:00:00,Wait for salary credit
YESB97121227,Walk-in,In Progress,2024-03-31 00:00:00,KYC Pending
YESB91757626,Digital Campaign,Lost,2024-01-10 00:00:00,Interested in HL
YESB55882009,Walk-in,In Progress,2024-12-02 00:00:00,Called for FD
YESB31162420,Walk-in,Converted,2024-06-06 00:00:00,Called for FD
YESB98963957,Referral,Lost,2024-09-27 00:00:00,Called for FD
YESB80798422,Digital Campaign,Converted,2024-05-15 00:00:00,KYC Pending
YESB93613160,Walk-in,In Progress,2024-07-08 00:00:00,Interested in HL
YESB25711595,Walk-in,Lost,2024-05-06 00:00:00,KYC Pending
YESB38076888,Digital Campaign,Lost,2024-11-22 00:00:00,KYC Pending
YESB43463143,Digital Campaign,Lost,2024-04-20 00:00:00,Called for FD
YESB29746632,Referral,Converted,2024-08-20 00:00:00,Wait for salary credit
YESB40147416,Walk-in,In Progress,2024-07-17 00:00:00,Interested in HL
YESB22339749,Referral,Lost,2024-02-18 00:00:00,Called for FD
YESB60882916,Digital Campaign,In Progress,2024-06-22 00:00:00,Called for FD
YESB83104625,Referral,Converted,2024-11-28 00:00:00,Called for FD
YESB95224434,Referral,Lost,2024-05-20 00:00:00,Called for FD
YESB76952875,Walk-in,Converted,2024-02-17 00:00:00,KYC Pending
YESB34861451,Walk-in,In Progress,2024-08-31 00:00:00,Wait for salary credit
YESB24420997,Digital Campaign,Converted,2024-09-15 00:00:00,KYC Pending
YESB89492150,Walk-in,Converted,2024-11-20 00:00:00,KYC Pending
YESB77759863,Digital Campaign,In Progress,2024-09-23 00:00:00,Interested in HL
YESB90744513,Walk-in,Converted,2024-02-19 00:00:00,KYC Pending
YESB99476100,Digital Campaign,Converted,2024-07-15 00:00:00,Called for FD
YESB16982751,Digital Campaign,Converted,2024-10-08 00:00:00,Wait for salary credit
YESB26478365,Digital Campaign,In Progress,2024-03-11 00:00:00,Called for FD
YESB10961394,Walk-in,Converted,2024-03-19 00:00:00,Called for FD
YESB36739458,Walk-in,Lost,2024-12-24 00:00:00,Called for FD
YESB63936194,Walk-in,Converted,2024-01-15 00:00:00,Called for FD
YESB38994984,Walk-in,Converted,2024-12-28 00:00:00,Interested in HL
YESB99634052,Digital Campaign,In Progress,2024-03-15 00:00:00,Interested in HL
YESB76247167,Walk-in,Lost,2024-06-19 00:00:00,KYC Pending
YESB13520977,Digital Campaign,In Progress,2024-01-22 00:00:00,Interested in HL
YESB76776089,Digital Campaign,Converted,2024-05-30 00:00:00,Wait for salary credit
YESB11994978,Referral,Lost,2024-12-28 00:00:00,KYC Pending
YESB88359480,Referral,Converted,2024-06-15 00:00:00,Interested in HL
YESB21979149,Digital Campaign,Lost,2024-06-05 00:00:00,Wait for salary credit
YESB65363372,Walk-in,Converted,2024-11-05 00:00:00,Interested in HL
YESB99850386,Walk-in,Converted,2024-07-26 00:00:00,Wait for salary credit
YESB38017476,Referral,Converted,2024-05-30 00:00:00,Interested in HL
YESB12143007,Digital Campaign,In Progress,2024-10-06 00:00:00,Interested in HL
YESB39731770,Digital Campaign,Lost,2024-11-25 00:00:00,Wait for salary credit
YESB17913932,Digital Campaign,Lost,2024-04-28 00:00:00,Wait for salary credit
YESB73329899,Referral,In Progress,2024-11-09 00:00:00,Called for FD
YESB99833230,Walk-in,Converted,2024-09-22 00:00:00,Called for FD
YESB83435564,Digital Campaign,In Progress,2024-03-11 00:00:00,KYC Pending
YESB87880998,Walk-in,Lost,2024-04-27 00:00:00,Called for FD
YESB45859270,Digital Campaign,Lost,2024-03-08 00:00:00,Wait for salary credit
YESB22751547,Walk-in,Lost,2024-12-18 00:00:00,Interested in HL
YESB32987648,Referral,Lost,2024-11-11 00:00:00,Called for FD
YESB66136328,Referral,Converted,2024-10-20 00:00:00,Wait for salary credit
YESB62289723,Digital Campaign,In Progress,2024-03-15 00:00:00,KYC Pending
YESB32926811,Walk-in,Converted,2024-08-06 00:00:00,KYC Pending
YESB78270687,Referral,In Progress,2024-09-06 00:00:00,KYC Pending
YESB79694646,Referral,In Progress,2024-02-29 00:00:00,KYC Pending
YESB63148260,Walk-in,Lost,2024-10-28 00:00:00,Wait for salary credit
YESB66435161,Walk-in,In Progress,2024-09-29 00:00:00,KYC Pending
YESB87104541,Digital Campaign,Converted,2024-10-21 00:00:00,Wait for salary credit
YESB66913241,Walk-in,In Progress,2024-06-15 00:00:00,Called for FD
YESB69467077,Digital Campaign,Converted,2024-10-25 00:00:00,Wait for salary credit
YESB95034138,Referral,In Progress,2024-05-29 00:00:00,KYC Pending
YESB35624712,Referral,In Progress,2024-02-23 00:00:00,Wait for salary credit
YESB18211661,Referral,Converted,2024-11-18 00:00:00,Wait for salary credit
YESB83902442,Walk-in,Lost,2024-02-13 00:00:00,Wait for salary credit
YESB87242939,Digital Campaign,In Progress,2024-09-24 00:00:00,Interested in HL
YESB89645803,Referral,Lost,2024-12-14 00:00:00,KYC Pending
YESB71581819,Referral,In Progress,2024-11-17 00:00:00,Wait for salary credit
YESB41892330,Walk-in,Converted,2024-08-18 00:00:00,Wait for salary credit
YESB98388813,Digital Campaign,In Progress,2024-06-07 00:00:00,Called for FD
YESB22981781,Digital Campaign,Converted,2024-06-01 00:00:00,Wait for salary credit
YESB50791460,Referral,Converted,2024-01-18 00:00:00,Wait for salary credit
YESB26613796,Digital Campaign,Converted,2024-11-04 00:00:00,Called for FD
YESB66544160,Referral,Lost,2024-07-19 00:00:00,Called for FD
YESB66139733,Referral,In Progress,2024-10-12 00:00:00,KYC Pending
YESB96999030,Referral,In Progress,2024-02-19 00:00:00,Called for FD
YESB65125563,Walk-in,Converted,2024-12-15 00:00:00,Called for FD
YESB62112405,Walk-in,Converted,2024-02-23 00:00:00,Called for FD
YESB77577262,Digital Campaign,Lost,2024-10-05 00:00:00,KYC Pending
YESB33150609,Digital Campaign,In Progress,2024-12-04 00:00:00,Called for FD
YESB83368836,Digital Campaign,Converted,2024-09-05 00:00:00,KYC Pending
YESB66742764,Referral,Converted,2024-10-25 00:00:00,Wait for salary credit
YESB93422813,Referral,Converted,2024-05-28 00:00:00,Called for FD
YESB14831409,Walk-in,Converted,2024-02-04 00:00:00,Called for FD
YESB66638165,Referral,In Progress,2024-06-12 00:00:00,Wait for salary credit
YESB76027367,Digital Campaign,Converted,2024-12-23 00:00:00,Interested in HL
YESB14624291,Referral,In Progress,2024-12-16 00:00:00,KYC Pending
YESB12379999,Referral,Lost,2024-06-19 00:00:00,Called for FD
YESB60613880,Digital Campaign,Lost,2024-06-24 00:00:00,KYC Pending
YESB20964440,Digital Campaign,Converted,2024-01-17 00:00:00,Interested in HL
YESB10956010,Digital Campaign,Converted,2024-03-18 00:00:00,KYC Pending
YESB30527051,Digital Campaign,Lost,2024-08-27 00:00:00,KYC Pending
YESB98597394,Walk-in,Converted,2024-10-16 00:00:00,Wait for salary credit
YESB24149728,Digital Campaign,Converted,2024-12-27 00:00:00,KYC Pending
YESB11083049,Walk-in,Lost,2024-07-02 00:00:00,Interested in HL
YESB46035628,Walk-in,Converted,2024-08-10 00:00:00,KYC Pending
YESB78930519,Digital Campaign,Converted,2024-11-21 00:00:00,Called for FD
YESB65853596,Referral,Lost,2024-07-13 00:00:00,Wait for salary credit
YESB87047802,Referral,Lost,2024-09-28 00:00:00,KYC Pending
YESB50604121,Digital Campaign,Lost,2024-02-06 00:00:00,KYC Pending
YESB23692266,Referral,In Progress,2024-01-11 00:00:00,Called for FD
YESB85618823,Digital Campaign,Lost,2024-03-03 00:00:00,Wait for salary credit
YESB88312823,Walk-in,In Progress,2024-01-28 00:00:00,KYC Pending
YESB23327287,Walk-in,Converted,2024-01-29 00:00:00,Wait for salary credit
YESB12442343,Referral,In Progress,2024-08-13 00:00:00,KYC Pending
YESB80798422,Referral,In Progress,2024-07-24 00:00:00,Wait for salary credit
YESB53704695,Digital Campaign,In Progress,2024-07-05 00:00:00,Interested in HL
YESB46813644,Walk-in,Lost,2024-07-10 00:00:00,Called for FD
YESB94555753,Digital Campaign,In Progress,2024-04-27 00:00:00,KYC Pending
YESB32810162,Walk-in,Converted,2024-01-14 00:00:00,KYC Pending
YESB64490428,Walk-in,In Progress,2024-02-07 00:00:00,Interested in HL
YESB86585817,Referral,In Progress,2024-10-15 00:00:00,Wait for salary credit
YESB19691999,Walk-in,Lost,2024-08-22 00:00:00,Called for FD
YESB82079600,Walk-in,In Progress,2024-02-18 00:00:00,KYC Pending
YESB28488680,Referral,Lost,2024-08-07 00:00:00,KYC Pending
YESB86083865,Walk-in,In Progress,2024-10-03 00:00:00,KYC Pending
YESB87981655,Referral,In Progress,2024-03-18 00:00:00,KYC Pending
YESB47071292,Digital Campaign,Converted,2024-01-20 00:00:00,Wait for salary credit
YESB69285667,Digital Campaign,In Progress,2024-06-07 00:00:00,Wait for salary credit
YESB78542585,Digital Campaign,Converted,2024-10-18 00:00:00,KYC Pending
YESB73134434,Referral,Converted,2024-07-12 00:00:00,KYC Pending
YESB38353819,Digital Campaign,Converted,2024-11-16 00:00:00,KYC Pending
YESB62672744,Walk-in,Converted,2024-12-12 00:00:00,Interested in HL
YESB50752035,Referral,In Progress,2024-11-19 00:00:00,Called for FD
YESB30195264,Digital Campaign,Converted,2024-05-13 00:00:00,Wait for salary credit
YESB50212394,Digital Campaign,In Progress,2024-08-03 00:00:00,KYC Pending
YESB39453332,Referral,In Progress,2024-03-11 00:00:00,KYC Pending
YESB51553853,Walk-in,Converted,2024-05-26 00:00:00,KYC Pending
YESB63721272,Referral,Converted,2024-06-28 00:00:00,KYC Pending
YESB10220747,Referral,Lost,2024-10-01 00:00:00,Called for FD
YESB69975252,Digital Campaign,In Progress,2024-05-20 00:00:00,Called for FD
YESB78842789,Walk-in,Lost,2024-08-09 00:00:00,KYC Pending
YESB25123657,Walk-in,In Progress,2024-07-31 00:00:00,KYC Pending
YESB48112974,Referral,Lost,2024-11-20 00:00:00,Wait for salary credit
YESB51027951,Walk-in,Converted,2024-10-17 00:00:00,Wait for salary credit
YESB18685225,Digital Campaign,Lost,2024-06-09 00:00:00,Interested in HL
YESB38634784,Digital Campaign,Converted,2024-03-15 00:00:00,Wait for salary credit
YESB79996550,Referral,In Progress,2024-05-21 00:00:00,Interested in HL
YESB61773974,Referral,Converted,2024-08-19 00:00:00,Wait for salary credit
YESB29012890,Walk-in,Converted,2024-03-07 00:00:00,Interested in HL
YESB74034257,Referral,In Progress,2024-12-21 00:00:00,KYC Pending
YESB46404832,Referral,Converted,2024-09-09 00:00:00,Interested in HL
YESB27844244,Digital Campaign,Converted,2024-08-06 00:00:00,Wait for salary credit
YESB85396356,Referral,In Progress,2024-01-21 00:00:00,KYC Pending
YESB84296654,Walk-in,Converted,2024-09-26 00:00:00,Wait for salary credit
YESB58316662,Walk-in,Converted,2024-02-12 00:00:00,Wait for salary credit
YESB85675798,Digital Campaign,Lost,2024-10-11 00:00:00,Called for FD
YESB15637308,Referral,Lost,2024-06-07 00:00:00,Called for FD
YESB90030267,Referral,In Progress,2024-10-20 00:00:00,Called for FD
YESB47747911,Walk-in,Lost,2024-12-18 00:00:00,Called for FD
YESB65641170,Digital Campaign,Lost,2024-04-24 00:00:00,Called for FD
YESB50212394,Walk-in,Converted,2024-10-03 00:00:00,Wait for salary credit
YESB84643990,Referral,Converted,2024-07-22 00:00:00,Interested in HL
YESB14392071,Digital Campaign,In Progress,2024-08-28 00:00:00,KYC Pending
YESB14162631,Referral,Converted,2024-11-07 00:00:00,Interested in HL
YESB48534839,Referral,Lost,2024-02-04 00:00:00,KYC Pending
YESB40365304,Referral,Converted,2024-04-29 00:00:00,KYC Pending
YESB24396378,Referral,In Progress,2024-05-08 00:00:00,Called for FD
YESB53159233,Digital Campaign,Converted,2024-06-24 00:00:00,Called for FD
YESB39768954,Digital Campaign,Lost,2024-01-15 00:00:00,Called for FD
YESB63553379,Referral,Lost,2024-03-11 00:00:00,KYC Pending
YESB55170163,Digital Campaign,Converted,2024-12-29 00:00:00,KYC Pending
YESB58076635,Walk-in,Converted,2024-01-10 00:00:00,KYC Pending
YESB90612046,Walk-in,In Progress,2024-01-20 00:00:00,Called for FD
YESB38719451,Referral,Lost,2024-02-07 00:00:00,Interested in HL
YESB98478117,Walk-in,Lost,2024-02-21 00:00:00,Interested in HL
YESB74855289,Referral,Converted,2024-01-01 00:00:00,Called for FD
YESB13394440,Walk-in,In Progress,2024-06-02 00:00:00,Called for FD
YESB68930866,Digital Campaign,Converted,2024-01-30 00:00:00,KYC Pending
YESB89673090,Referral,In Progress,2024-06-01 00:00:00,Interested in HL
YESB80526264,Referral,Lost,2024-12-29 00:00:00,KYC Pending
YESB39732354,Referral,Converted,2024-05-02 00:00:00,KYC Pending
YESB78923449,Digital Campaign,Lost,2024-05-23 00:00:00,Wait for salary credit
YESB68817483,Digital Campaign,Lost,2024-11-15 00:00:00,KYC Pending
YESB69798054,Walk-in,In Progress,2024-12-18 00:00:00,Interested in HL
YESB85030251,Walk-in,In Progress,2024-03-05 00:00:00,Interested in HL
YESB60681530,Walk-in,Lost,2024-01-24 00:00:00,Interested in HL
YESB51605533,Walk-in,Converted,2024-01-20 00:00:00,Called for FD
YESB27574286,Referral,Lost,2024-12-30 00:00:00,Called for FD
YESB86947884,Referral,Lost,2024-06-02 00:00:00,Interested in HL
YESB90316106,Digital Campaign,In Progress,2024-06-29 00:00:00,Wait for salary credit
YESB11370860,Walk-in,Converted,2024-01-19 00:00:00,KYC Pending
YESB68771769,Walk-in,Converted,2024-06-23 00:00:00,Called for FD
YESB71416032,Referral,Lost,2024-05-12 00:00:00,Wait for salary credit
YESB73212498,Digital Campaign,Converted,2024-02-21 00:00:00,KYC Pending
YESB66127974,Digital Campaign,Converted,2024-07-04 00:00:00,Wait for salary credit
YESB84879190,Walk-in,Lost,2024-06-17 00:00:00,Wait for salary credit
YESB82314289,Walk-in,Lost,2024-09-26 00:00:00,Called for FD
YESB35119893,Referral,In Progress,2024-04-24 00:00:00,Called for FD
YESB34759141,Walk-in,Lost,2024-07-12 00:00:00,Wait for salary credit
YESB95441093,Walk-in,Converted,2024-02-22 00:00:00,KYC Pending
YESB67349789,Walk-in,Lost,2024-01-15 00:00:00,Called for FD
YESB67202186,Referral,In Progress,2024-04-05 00:00:00,Interested in HL
YESB96745554,Digital Campaign,Lost,2024-05-30 00:00:00,Wait for salary credit
YESB40275104,Digital Campaign,Lost,2024-07-24 00:00:00,Interested in HL
YESB31767671,Referral,Converted,2024-11-03 00:00:00,KYC Pending
YESB36214792,Walk-in,In Progress,2024-06-23 00:00:00,Wait for salary credit
YESB34794098,Digital Campaign,In Progress,2024-10-23 00:00:00,Wait for salary credit
YESB99800012,Walk-in,Converted,2024-07-19 00:00:00,Wait for salary credit
YESB94420231,Referral,Lost,2024-08-11 00:00:00,KYC Pending
YESB54935330,Walk-in,Converted,2024-05-20 00:00:00,Called for FD
YESB59643999,Digital Campaign,In Progress,2024-12-19 00:00:00,Called for FD
YESB95243929,Referral,Converted,2024-11-01 00:00:00,Called for FD
YESB81521528,Walk-in,Lost,2024-02-12 00:00:00,KYC Pending
YESB48543514,Referral,In Progress,2024-05-05 00:00:00,KYC Pending
YESB94504349,Walk-in,Converted,2024-05-25 00:00:00,Wait for salary credit
YESB17796005,Referral,Lost,2024-02-28 00:00:00,Wait for salary credit
YESB37814617,Walk-in,Converted,2024-08-02 00:00:00,Called for FD
YESB94085931,Walk-in,Converted,2024-03-15 00:00:00,Interested in HL
YESB90704353,Walk-in,In Progress,2024-02-03 00:00:00,Wait for salary credit
YESB79612037,Walk-in,Converted,2024-02-28 00:00:00,KYC Pending
YESB62702104,Referral,In Progress,2024-03-03 00:00:00,Wait for salary credit
YESB49208981,Digital Campaign,In Progress,2024-04-05 00:00:00,Interested in HL
YESB86400399,Referral,Lost,2024-06-01 00:00:00,KYC Pending
YESB81896434,Digital Campaign,Lost,2024-09-05 00:00:00,Wait for salary credit
YESB51263540,Walk-in,In Progress,2024-04-18 00:00:00,Interested in HL
YESB86378699,Walk-in,Lost,2024-11-06 00:00:00,Called for FD
YESB99679129,Digital Campaign,Lost,2024-08-10 00:00:00,Wait for salary credit
YESB65656682,Referral,Lost,2024-04-10 00:00:00,Wait for salary credit
YESB55675331,Walk-in,Lost,2024-03-02 00:00:00,Interested in HL
YESB24040652,Walk-in,In Progress,2024-03-27 00:00:00,KYC Pending
YESB67786011,Digital Campaign,Lost,2024-09-13 00:00:00,Called for FD
YESB64299700,Walk-in,In Progress,2024-10-18 00:00:00,Wait for salary credit
YESB73714597,Referral,Converted,2024-01-27 00:00:00,Called for FD
YESB22965420,Walk-in,Converted,2024-02-26 00:00:00,Wait for salary credit
YESB77481884,Digital Campaign,Lost,2024-04-06 00:00:00,Wait for salary credit
YESB30268032,Digital Campaign,In Progress,2024-12-26 00:00:00,Called for FD
YESB23993256,Digital Campaign,In Progress,2024-01-07 00:00:00,Interested in HL
YESB20981193,Digital Campaign,In Progress,2024-07-06 00:00:00,Called for FD
YESB26745467,Referral,Converted,2024-03-03 00:00:00,KYC Pending
YESB89192571,Digital Campaign,Converted,2024-01-27 00:00:00,KYC Pending
YESB14630685,Walk-in,In Progress,2024-02-12 00:00:00,Wait for salary credit
YESB52329600,Referral,Converted,2024-12-18 00:00:00,Wait for salary credit
YESB84148977,Digital Campaign,In Progress,2024-11-28 00:00:00,KYC Pending
YESB95457498,Walk-in,In Progress,2024-11-15 00:00:00,Interested in HL
YESB44268420,Referral,In Progress,2024-11-03 00:00:00,KYC Pending
YESB87989219,Walk-in,Converted,2024-06-27 00:00:00,Interested in HL
YESB89790247,Referral,In Progress,2024-11-11 00:00:00,Called for FD
YESB29392755,Walk-in,Lost,2024-08-25 00:00:00,Wait for salary credit
YESB22210565,Referral,Lost,2024-11-11 00:00:00,KYC Pending
YESB90419354,Digital Campaign,Lost,2024-05-12 00:00:00,Wait for salary credit
YESB46897439,Walk-in,In Progress,2024-09-29 00:00:00,KYC Pending
YESB88311458,Referral,Lost,2024-05-16 00:00:00,Wait for salary credit
YESB61154378,Referral,In Progress,2024-09-19 00:00:00,Called for FD
YESB78505715,Referral,Lost,2024-10-09 00:00:00,Interested in HL
YESB93474829,Referral,Converted,2024-04-30 00:00:00,Interested in HL
YESB40861718,Walk-in,Lost,2024-03-22 00:00:00,Called for FD
YESB39201778,Digital Campaign,Lost,2024-01-20 00:00:00,Called for FD
YESB67300216,Walk-in,In Progress,2024-08-03 00:00:00,Wait for salary credit
YESB82821275,Digital Campaign,Converted,2024-03-01 00:00:00,Wait for salary credit
YESB95146044,Walk-in,Lost,2024-02-21 00:00:00,Wait for salary credit
YESB24917239,Digital Campaign,Lost,2024-10-26 00:00:00,Wait for salary credit
YESB58749004,Digital Campaign,In Progress,2024-12-21 00:00:00,KYC Pending
YESB32406188,Referral,In Progress,2024-11-05 00:00:00,Called for FD
YESB77266872,Digital Campaign,Lost,2024-03-04 00:00:00,KYC Pending
YESB26610581,Digital Campaign,Lost,2024-08-16 00:00:00,Wait for salary credit
YESB27991988,Digital Campaign,Converted,2024-07-09 00:00:00,Wait for salary credit
YESB90695152,Digital Campaign,Lost,2024-01-16 00:00:00,Called for FD
YESB79244616,Walk-in,Converted,2024-09-07 00:00:00,Wait for salary credit
YESB41461585,Referral,In Progress,2024-01-12 00:00:00,Called for FD
YESB71730976,Referral,In Progress,2024-01-14 00:00:00,KYC Pending
YESB34624144,Digital Campaign,Lost,2024-12-17 00:00:00,KYC Pending
YESB40865212,Walk-in,Converted,2024-04-17 00:00:00,Wait for salary credit
YESB76224744,Digital Campaign,In Progress,2024-10-30 00:00:00,Interested in HL
YESB49201452,Walk-in,In Progress,2024-07-06 00:00:00,KYC Pending
YESB50337042,Referral,Lost,2024-02-24 00:00:00,Called for FD
YESB74027302,Walk-in,Lost,2024-11-02 00:00:00,Wait for salary credit
YESB80545035,Referral,In Progress,2024-03-31 00:00:00,Interested in HL
YESB23021101,Referral,Lost,2024-12-26 00:00:00,Interested in HL
YESB95000087,Walk-in,In Progress,2024-12-19 00:00:00,Wait for salary credit
YESB93782989,Digital Campaign,In Progress,2024-04-13 00:00:00,Called for FD
YESB25649215,Digital Campaign,Converted,2024-02-18 00:00:00,Interested in HL
YESB39119831,Walk-in,In Progress,2024-12-27 00:00:00,Interested in HL
YESB59031161,Walk-in,Converted,2024-02-10 00:00:00,KYC Pending
YESB57762757,Digital Campaign,Converted,2024-05-30 00:00:00,Wait for salary credit
YESB89956019,Walk-in,In Progress,2024-08-06 00:00:00,Called for FD
YESB94709019,Walk-in,In Progress,2024-04-19 00:00:00,KYC Pending
YESB41953069,Digital Campaign,Lost,2024-12-09 00:00:00,Called for FD
YESB87016438,Digital Campaign,In Progress,2024-08-29 00:00:00,Interested in HL
YESB20288730,Walk-in,Converted,2024-09-14 00:00:00,Wait for salary credit
YESB61630465,Walk-in,Lost,2024-09-06 00:00:00,Interested in HL
YESB33093623,Digital Campaign,Lost,2024-11-01 00:00:00,Wait for salary credit
YESB53113399,Walk-in,Lost,2024-08-18 00:00:00,KYC Pending
YESB55860207,Walk-in,Converted,2024-12-13 00:00:00,Interested in HL
YESB34742846,Walk-in,Converted,2024-09-06 00:00:00,Interested in HL
YESB71336347,Referral,In Progress,2024-08-15 00:00:00,Interested in HL
YESB45864560,Digital Campaign,Lost,2024-05-23 00:00:00,KYC Pending
YESB22904394,Digital Campaign,Lost,2024-03-23 00:00:00,Interested in HL
YESB86643940,Walk-in,In Progress,2024-12-18 00:00:00,Called for FD
YESB15452374,Walk-in,Lost,2024-04-18 00:00:00,KYC Pending
YESB23173513,Digital Campaign,Lost,2024-03-01 00:00:00,Called for FD
YESB31350515,Walk-in,In Progress,2024-09-15 00:00:00,KYC Pending
YESB48932689,Digital Campaign,Converted,2024-03-22 00:00:00,Wait for salary credit
YESB81781312,Referral,In Progress,2024-07-13 00:00:00,Wait for salary credit
YESB70084068,Digital Campaign,In Progress,2024-10-07 00:00:00,Interested in HL
YESB75108308,Digital Campaign,Converted,2024-04-11 00:00:00,Wait for salary credit
YESB38462099,Digital Campaign,Converted,2024-01-17 00:00:00,Interested in HL
YESB10720000,Referral,Converted,2024-08-15 00:00:00,KYC Pending
YESB73404210,Walk-in,Lost,2024-07-02 00:00:00,Called for FD
YESB66882967,Walk-in,Lost,2024-01-10 00:00:00,Interested in HL
YESB46462230,Referral,Lost,2024-09-08 00:00:00,KYC Pending
YESB23201859,Referral,Lost,2024-10-04 00:00:00,KYC Pending
YESB44808824,Walk-in,Converted,2024-11-03 00:00:00,Interested in HL
YESB75881932,Walk-in,In Progress,2024-10-09 00:00:00,Called for FD
YESB16264328,Walk-in,Converted,2024-04-25 00:00:00,Wait for salary credit
YESB23289633,Walk-in,Converted,2024-07-16 00:00:00,Wait for salary credit
YESB99977191,Digital Campaign,In Progress,2024-08-08 00:00:00,KYC Pending
YESB63074163,Walk-in,Converted,2024-04-12 00:00:00,Wait for salary credit
YESB92105425,Walk-in,Lost,2024-03-01 00:00:00,Interested in HL
YESB31891557,Referral,Converted,2024-03-19 00:00:00,Interested in HL
YESB12495698,Digital Campaign,Converted,2024-05-18 00:00:00,KYC Pending
YESB74231201,Walk-in,Lost,2024-08-28 00:00:00,Called for FD
YESB84779163,Referral,In Progress,2024-08-24 00:00:00,Interested in HL
YESB48972884,Walk-in,In Progress,2024-05-06 00:00:00,Wait for salary credit
YESB33891010,Digital Campaign,In Progress,2024-11-11 00:00:00,KYC Pending
YESB52750901,Walk-in,In Progress,2024-06-01 00:00:00,Interested in HL
YESB25468830,Referral,In Progress,2024-02-24 00:00:00,Interested in HL
YESB34032951,Referral,Converted,2024-04-18 00:00:00,KYC Pending
YESB64687524,Digital Campaign,In Progress,2024-05-11 00:00:00,Wait for salary credit
YESB80338710,Referral,Lost,2024-10-03 00:00:00,Wait for salary credit
YESB13849497,Walk-in,Lost,2024-01-10 00:00:00,Wait for salary credit
YESB97406469,Digital Campaign,Lost,2024-08-30 00:00:00,KYC Pending
YESB54478658,Digital Campaign,Lost,2024-01-22 00:00:00,Wait for salary credit
YESB54806316,Digital Campaign,Converted,2024-10-13 00:00:00,Called for FD
YESB30214635,Digital Campaign,Lost,2024-07-15 00:00:00,KYC Pending
YESB34132480,Referral,Lost,2024-01-18 00:00:00,Interested in HL
YESB18666287,Referral,Lost,2024-04-26 00:00:00,Wait for salary credit
YESB82323635,Digital Campaign,Lost,2024-04-17 00:00:00,KYC Pending
YESB54035886,Referral,In Progress,2024-01-09 00:00:00,KYC Pending
YESB79982446,Walk-in,In Progress,2024-09-05 00:00:00,Interested in HL
YESB18818211,Walk-in,Lost,2024-09-27 00:00:00,Called for FD
YESB27568762,Walk-in,Lost,2024-01-05 00:00:00,Wait for salary credit
YESB38615491,Walk-in,In Progress,2024-03-20 00:00:00,Interested in HL
YESB33221342,Walk-in,Converted,2024-11-18 00:00:00,Called for FD
YESB29719273,Referral,In Progress,2024-11-19 00:00:00,KYC Pending
YESB69921428,Digital Campaign,Lost,2024-10-06 00:00:00,Called for FD
YESB13673078,Walk-in,Converted,2024-04-22 00:00:00,Wait for salary credit
YESB40124408,Digital Campaign,Lost,2024-04-10 00:00:00,Wait for salary credit
YESB25510765,Digital Campaign,Lost,2024-06-25 00:00:00,KYC Pending
YESB51427589,Digital Campaign,Converted,2024-08-03 00:00:00,KYC Pending
YESB21387149,Digital Campaign,Lost,2024-08-26 00:00:00,Wait for salary credit
YESB97098236,Walk-in,Converted,2024-08-25 00:00:00,Wait for salary credit
YESB90988069,Digital Campaign,Converted,2024-06-02 00:00:00,Wait for salary credit
YESB58484173,Walk-in,Lost,2024-10-14 00:00:00,Interested in HL
YESB93351541,Walk-in,Lost,2024-11-02 00:00:00,Called for FD
YESB76298446,Referral,Lost,2024-12-22 00:00:00,Wait for salary credit
YESB36496896,Walk-in,Converted,2024-01-23 00:00:00,Wait for salary credit
YESB64181312,Referral,In Progress,2024-01-13 00:00:00,Called for FD
YESB75297065,Referral,Lost,2024-07-28 00:00:00,KYC Pending
YESB29058717,Digital Campaign,Lost,2024-12-27 00:00:00,Interested in HL
YESB86851395,Referral,Lost,2024-06-15 00:00:00,Called for FD
YESB27233205,Referral,Converted,2024-09-06 00:00:00,Called for FD
YESB76088649,Walk-in,In Progress,2024-05-11 00:00:00,Called for FD
YESB26744366,Digital Campaign,Lost,2024-11-13 00:00:00,Called for FD
YESB25467018,Referral,In Progress,2024-10-11 00:00:00,KYC Pending
YESB17401965,Digital Campaign,Lost,2024-08-27 00:00:00,Called for FD
YESB50939465,Walk-in,In Progress,2024-03-13 00:00:00,KYC Pending
YESB15028579,Walk-in,Lost,2024-05-10 00:00:00,KYC Pending
YESB67768134,Referral,Lost,2024-06-09 00:00:00,KYC Pending
YESB75271895,Walk-in,Converted,2024-05-23 00:00:00,Interested in HL
YESB30086913,Walk-in,Lost,2024-12-26 00:00:00,Called for FD
YESB68529026,Walk-in,Lost,2024-01-05 00:00:00,Interested in HL
YESB18131877,Digital Campaign,Lost,2024-07-12 00:00:00,KYC Pending
YESB94747945,Digital Campaign,Lost,2024-05-17 00:00:00,Wait for salary credit
YESB44832447,Referral,Converted,2024-02-14 00:00:00,Wait for salary credit
YESB19878810,Walk-in,Converted,2024-06-17 00:00:00,Wait for salary credit
YESB59333004,Referral,Lost,2024-02-21 00:00:00,KYC Pending
YESB95115612,Walk-in,In Progress,2024-01-13 00:00:00,KYC Pending
YESB43364233,Digital Campaign,Lost,2024-09-12 00:00:00,Wait for salary credit
YESB43330583,Digital Campaign,In Progress,2024-09-24 00:00:00,KYC Pending
YESB88304544,Referral,In Progress,2024-10-17 00:00:00,Wait for salary credit
YESB19002172,Referral,Converted,2024-01-15 00:00:00,KYC Pending
YESB60403319,Referral,Converted,2024-04-05 00:00:00,Called for FD
YESB97281618,Digital Campaign,In Progress,2024-09-11 00:00:00,Called for FD
YESB68243343,Walk-in,In Progress,2024-01-11 00:00:00,Wait for salary credit
YESB76810675,Digital Campaign,Lost,2024-05-03 00:00:00,KYC Pending
YESB26823797,Walk-in,Converted,2024-01-17 00:00:00,Interested in HL
YESB46351654,Walk-in,Converted,2024-09-13 00:00:00,Wait for salary credit
YESB96056235,Walk-in,Converted,2024-09-23 00:00:00,Interested in HL
YESB15761702,Referral,In Progress,2024-05-10 00:00:00,KYC Pending
YESB87792975,Referral,Lost,2024-09-29 00:00:00,KYC Pending
YESB99184669,Walk-in,In Progress,2024-07-28 00:00:00,Interested in HL
YESB30588864,Referral,Lost,2024-11-16 00:00:00,Wait for salary credit
YESB17723614,Walk-in,Lost,2024-02-01 00:00:00,Wait for salary credit
YESB82374890,Walk-in,Converted,2024-02-03 00:00:00,Interested in HL
YESB65329933,Referral,Lost,2024-03-01 00:00:00,Wait for salary credit
YESB60508744,Walk-in,In Progress,2024-02-25 00:00:00,Interested in HL
YESB80476383,Walk-in,Lost,2024-06-12 00:00:00,KYC Pending
YESB19136524,Referral,In Progress,2024-04-18 00:00:00,Interested in HL
YESB17547099,Digital Campaign,In Progress,2024-04-12 00:00:00,Wait for salary credit
YESB88087766,Walk-in,Lost,2024-06-18 00:00:00,KYC Pending
YESB34181702,Referral,Converted,2024-07-08 00:00:00,Wait for salary credit
YESB55710260,Referral,Converted,2024-06-21 00:00:00,Interested in HL
YESB36268934,Digital Campaign,Lost,2024-05-19 00:00:00,Called for FD
YESB42532752,Walk-in,Lost,2024-01-02 00:00:00,Called for FD
YESB59378746,Digital Campaign,Converted,2024-12-14 00:00:00,Interested in HL
YESB13170162,Walk-in,Lost,2024-07-30 00:00:00,Wait for salary credit
YESB94550752,Digital Campaign,In Progress,2024-10-25 00:00:00,Interested in HL
YESB18614909,Digital Campaign,In Progress,2024-12-20 00:00:00,KYC Pending
YESB31522926,Walk-in,In Progress,2024-04-09 00:00:00,KYC Pending
YESB39436810,Referral,Lost,2024-01-07 00:00:00,Called for FD
YESB94746934,Digital Campaign,Converted,2024-03-18 00:00:00,Interested in HL
YESB69177102,Walk-in,In Progress,2024-12-07 00:00:00,Called for FD
YESB43795852,Referral,Lost,2024-10-10 00:00:00,Wait for salary credit
YESB42158304,Referral,Lost,2024-06-20 00:00:00,Wait for salary credit
YESB37340633,Walk-in,Converted,2024-10-23 00:00:00,Wait for salary credit
YESB71634758,Walk-in,Converted,2024-05-06 00:00:00,KYC Pending
YESB79715025,Referral,In Progress,2024-02-13 00:00:00,Wait for salary credit
YESB89823902,Digital Campaign,In Progress,2024-08-21 00:00:00,Interested in HL
YESB55985725,Referral,Converted,2024-08-02 00:00:00,KYC Pending
YESB68712268,Walk-in,Lost,2024-04-28 00:00:00,Interested in HL
YESB28607721,Walk-in,Converted,2024-12-21 00:00:00,Called for FD
YESB82346376,Walk-in,Lost,2024-02-25 00:00:00,Wait for salary credit
YESB62874736,Digital Campaign,In Progress,2024-04-27 00:00:00,Interested in HL
YESB56815128,Referral,Lost,2024-07-26 00:00:00,Wait for salary credit
YESB75702073,Referral,Converted,2024-04-24 00:00:00,Called for FD
YESB67339671,Digital Campaign,In Progress,2024-09-02 00:00:00,KYC Pending
YESB62260088,Walk-in,Converted,2024-03-15 00:00:00,KYC Pending
YESB49334295,Walk-in,Converted,2024-02-02 00:00:00,Interested in HL
YESB12635054,Walk-in,In Progress,2024-07-19 00:00:00,Interested in HL
YESB66540595,Walk-in,Converted,2024-11-29 00:00:00,Wait for salary credit
YESB43873032,Digital Campaign,In Progress,2024-03-22 00:00:00,Wait for salary credit
YESB35648005,Digital Campaign,Converted,2024-11-05 00:00:00,Wait for salary credit
YESB48553926,Digital Campaign,Converted,2024-02-04 00:00:00,KYC Pending
YESB22876080,Digital Campaign,Converted,2024-06-25 00:00:00,KYC Pending
YESB97862408,Walk-in,In Progress,2024-03-28 00:00:00,KYC Pending
YESB16559760,Referral,Converted,2024-08-14 00:00:00,Called for FD
YESB66306644,Digital Campaign,In Progress,2024-09-14 00:00:00,Called for FD
YESB39079939,Walk-in,Converted,2024-04-08 00:00:00,Called for FD
YESB99570707,Walk-in,Converted,2024-05-07 00:00:00,Wait for salary credit
YESB81810416,Digital Campaign,Converted,2024-01-31 00:00:00,KYC Pending
YESB69136763,Walk-in,In Progress,2024-08-12 00:00:00,Wait for salary credit
YESB93787704,Walk-in,Lost,2024-12-05 00:00:00,Interested in HL
YESB23945634,Walk-in,In Progress,2024-03-07 00:00:00,Called for FD
YESB32614123,Referral,Converted,2024-03-01 00:00:00,Called for FD
YESB49971226,Walk-in,Lost,2024-09-06 00:00:00,Wait for salary credit
YESB97502398,Referral,In Progress,2024-06-02 00:00:00,Called for FD
YESB60790253,Digital Campaign,In Progress,2024-09-19 00:00:00,Interested in HL
YESB76658666,Referral,Lost,2024-02-23 00:00:00,Called for FD
YESB65074159,Referral,Converted,2024-07-04 00:00:00,Called for FD
YESB59780489,Digital Campaign,Lost,2024-02-28 00:00:00,Wait for salary credit
YESB98992724,Digital Campaign,In Progress,2024-05-29 00:00:00,KYC Pending
YESB19052725,Referral,Converted,2024-03-20 00:00:00,Interested in HL
YESB92882686,Walk-in,In Progress,2024-10-30 00:00:00,KYC Pending
YESB29835970,Digital Campaign,Lost,2024-06-27 00:00:00,Interested in HL
YESB18131847,Digital Campaign,Lost,2024-05-31 00:00:00,Interested in HL
YESB10827857,Digital Campaign,Lost,2024-12-21 00:00:00,Wait for salary credit
YESB16972228,Referral,Lost,2024-12-07 00:00:00,Interested in HL
YESB67276814,Walk-in,In Progress,2024-12-05 00:00:00,Called for FD
YESB60967755,Walk-in,Converted,2024-04-21 00:00:00,Interested in HL
YESB45511569,Referral,Converted,2024-03-23 00:00:00,Called for FD
YESB60099446,Referral,In Progress,2024-01-14 00:00:00,Wait for salary credit
YESB72928601,Digital Campaign,Lost,2024-07-28 00:00:00,Called for FD
YESB17759720,Digital Campaign,In Progress,2024-08-02 00:00:00,KYC Pending
YESB93301222,Walk-in,Converted,2024-11-11 00:00:00,Interested in HL
YESB52194091,Referral,Lost,2024-11-02 00:00:00,Wait for salary credit
YESB96423569,Walk-in,Converted,2024-10-18 00:00:00,KYC Pending
YESB66173024,Digital Campaign,Converted,2024-10-30 00:00:00,Interested in HL
YESB95849665,Walk-in,Converted,2024-09-15 00:00:00,Wait for salary credit
YESB17829946,Digital Campaign,In Progress,2024-03-18 00:00:00,Interested in HL
YESB76570243,Digital Campaign,In Progress,2024-11-30 00:00:00,Called for FD
YESB54365047,Referral,In Progress,2024-07-01 00:00:00,Wait for salary credit
YESB15559154,Digital Campaign,In Progress,2024-11-14 00:00:00,Called for FD
YESB40341453,Digital Campaign,Lost,2024-07-26 00:00:00,Wait for salary credit
YESB85171899,Referral,Converted,2024-07-01 00:00:00,KYC Pending
YESB93603701,Walk-in,Converted,2024-01-31 00:00:00,Wait for salary credit
YESB21373345,Digital Campaign,In Progress,2024-10-07 00:00:00,KYC Pending
YESB56975471,Referral,Converted,2024-01-02 00:00:00,KYC Pending
YESB55455868,Walk-in,Converted,2024-04-10 00:00:00,Wait for salary credit
YESB87724958,Referral,Converted,2024-02-13 00:00:00,Interested in HL
YESB11613637,Referral,Converted,2024-04-20 00:00:00,Called for FD
YESB89815648,Digital Campaign,In Progress,2024-09-01 00:00:00,KYC Pending
YESB92824944,Digital Campaign,Lost,2024-09-20 00:00:00,Wait for salary credit
YESB47776620,Referral,Lost,2024-02-14 00:00:00,Wait for salary credit
YESB14954420,Referral,Converted,2024-01-12 00:00:00,Interested in HL
YESB91186916,Digital Campaign,In Progress,2024-10-14 00:00:00,KYC Pending
YESB99005744,Digital Campaign,Converted,2024-11-21 00:00:00,Interested in HL
YESB19125325,Digital Campaign,Lost,2024-09-23 00:00:00,Called for FD
YESB86148446,Digital Campaign,Lost,2024-08-11 00:00:00,KYC Pending
YESB71857025,Referral,Converted,2024-07-11 00:00:00,Called for FD
YESB87734211,Referral,Converted,2024-07-28 00:00:00,Wait for salary credit
YESB99343052,Digital Campaign,Converted,2024-09-26 00:00:00,Called for FD
YESB59453902,Walk-in,In Progress,2024-12-06 00:00:00,KYC Pending
YESB26709779,Referral,Converted,2024-04-29 00:00:00,KYC Pending
YESB62468696,Referral,Lost,2024-05-29 00:00:00,Called for FD
YESB30905525,Walk-in,In Progress,2024-03-18 00:00:00,Interested in HL
YESB62745722,Referral,Lost,2024-01-07 00:00:00,Called for FD
YESB59115678,Walk-in,Converted,2024-07-19 00:00:00,Called for FD
YESB93018075,Digital Campaign,Converted,2024-01-21 00:00:00,Called for FD
YESB97023230,Walk-in,In Progress,2024-02-29 00:00:00,KYC Pending
YESB34982158,Digital Campaign,Converted,2024-09-05 00:00:00,KYC Pending
YESB85364849,Referral,Converted,2024-05-07 00:00:00,Interested in HL
YESB24341298,Walk-in,In Progress,2024-10-17 00:00:00,Called for FD
YESB34548451,Walk-in,Converted,2024-12-17 00:00:00,Wait for salary credit
YESB78337487,Digital Campaign,Lost,2024-04-04 00:00:00,Wait for salary credit
YESB92133640,Walk-in,In Progress,2024-05-19 00:00:00,Called for FD
YESB27178547,Referral,In Progress,2024-04-13 00:00:00,Interested in HL
YESB62293864,Walk-in,In Progress,2024-08-06 00:00:00,Called for FD
YESB17687858,Referral,Converted,2024-04-03 00:00:00,Interested in HL
YESB42869716,Digital Campaign,Converted,2024-11-10 00:00:00,KYC Pending
YESB69879803,Digital Campaign,In Progress,2024-08-19 00:00:00,Interested in HL
YESB26067395,Digital Campaign,In Progress,2024-07-21 00:00:00,Interested in HL
YESB80952749,Digital Campaign,Lost,2024-01-23 00:00:00,Wait for salary credit
YESB55813898,Digital Campaign,Lost,2024-05-09 00:00:00,Called for FD
YESB62113425,Referral,In Progress,2024-10-19 00:00:00,Wait for salary credit
YESB71650371,Digital Campaign,In Progress,2024-12-20 00:00:00,Called for FD
YESB11730945,Digital Campaign,In Progress,2024-03-30 00:00:00,Interested in HL
YESB48056573,Referral,Lost,2024-07-19 00:00:00,KYC Pending
YESB23945301,Walk-in,In Progress,2024-05-22 00:00:00,Interested in HL
YESB55892927,Referral,Lost,2024-05-08 00:00:00,KYC Pending
YESB88652657,Digital Campaign,Converted,2024-11-19 00:00:00,Wait for salary credit
YESB96947551,Digital Campaign,In Progress,2024-03-15 00:00:00,Wait for salary credit
YESB36785334,Referral,In Progress,2024-04-11 00:00:00,Wait for salary credit
YESB64529803,Walk-in,In Progress,2024-04-25 00:00:00,Wait for salary credit
YESB87558738,Walk-in,Converted,2024-10-13 00:00:00,Interested in HL
YESB64681819,Referral,Lost,2024-07-28 00:00:00,Interested in HL
YESB93118088,Digital Campaign,Lost,2024-09-23 00:00:00,Interested in HL
YESB12583637,Digital Campaign,Lost,2024-12-12 00:00:00,Wait for salary credit
YESB63918612,Digital Campaign,In Progress,2024-03-29 00:00:00,Interested in HL
YESB11098817,Referral,Converted,2024-05-25 00:00:00,Wait for salary credit
YESB37684958,Referral,Converted,2024-02-12 00:00:00,KYC Pending
YESB13557074,Referral,In Progress,2024-01-21 00:00:00,Wait for salary credit
YESB48701258,Walk-in,Lost,2024-02-27 00:00:00,Interested in HL
YESB74131026,Walk-in,In Progress,2024-04-11 00:00:00,KYC Pending
YESB90730978,Walk-in,Lost,2024-09-21 00:00:00,Called for FD
YESB99502464,Walk-in,In Progress,2024-08-27 00:00:00,Wait for salary credit
YESB91408135,Walk-in,Lost,2024-09-10 00:00:00,Called for FD
YESB27282522,Walk-in,Lost,2024-05-12 00:00:00,Called for FD
YESB47307774,Digital Campaign,In Progress,2024-10-17 00:00:00,Interested in HL
YESB37287679,Referral,Converted,2024-02-03 00:00:00,Wait for salary credit
YESB92198335,Walk-in,Converted,2024-10-28 00:00:00,Called for FD
YESB38145432,Referral,In Progress,2024-11-29 00:00:00,KYC Pending
YESB23624023,Digital Campaign,In Progress,2024-10-06 00:00:00,Called for FD
YESB36735343,Walk-in,Lost,2024-01-10 00:00:00,Interested in HL
YESB25154513,Walk-in,Converted,2024-09-03 00:00:00,Called for FD
YESB53854206,Digital Campaign,In Progress,2024-07-22 00:00:00,KYC Pending
YESB68818205,Referral,Converted,2024-06-29 00:00:00,Wait for salary credit
YESB71632708,Referral,Converted,2024-08-08 00:00:00,Interested in HL
YESB26213430,Referral,In Progress,2024-02-07 00:00:00,Interested in HL
YESB29546904,Digital Campaign,In Progress,2024-09-07 00:00:00,Called for FD
YESB71670696,Walk-in,Converted,2024-02-07 00:00:00,KYC Pending
YESB58941541,Digital Campaign,Lost,2024-08-01 00:00:00,Wait for salary credit
YESB51713326,Referral,In Progress,2024-04-01 00:00:00,Called for FD
YESB70398838,Referral,Lost,2024-06-27 00:00:00,Wait for salary credit
YESB94042666,Digital Campaign,Lost,2024-03-01 00:00:00,Wait for salary credit
YESB53904509,Walk-in,Converted,2024-08-04 00:00:00,Wait for salary credit
YESB85935047,Walk-in,In Progress,2024-12-31 00:00:00,Wait for salary credit
YESB98629097,Walk-in,Lost,2024-02-04 00:00:00,KYC Pending
YESB34960208,Digital Campaign,In Progress,2024-08-21 00:00:00,Interested in HL
YESB68873415,Walk-in,Converted,2024-08-21 00:00:00,KYC Pending
YESB53888625,Digital Campaign,Lost,2024-12-16 00:00:00,KYC Pending
YESB72708576,Digital Campaign,Converted,2024-03-21 00:00:00,KYC Pending
YESB86480978,Digital Campaign,In Progress,2024-04-27 00:00:00,KYC Pending
YESB30882963,Digital Campaign,Lost,2024-01-13 00:00:00,Wait for salary credit
YESB77138640,Walk-in,Converted,2024-03-19 00:00:00,Called for FD
YESB86685312,Referral,Lost,2024-07-29 00:00:00,KYC Pending
YESB36943618,Digital Campaign,Lost,2024-02-04 00:00:00,Called for FD
YESB41228920,Referral,In Progress,2024-06-28 00:00:00,KYC Pending
YESB73625736,Digital Campaign,Lost,2024-10-14 00:00:00,Wait for salary credit
YESB10692516,Digital Campaign,Lost,2024-02-04 00:00:00,Called for FD
YESB52713040,Walk-in,In Progress,2024-05-01 00:00:00,Wait for salary credit
YESB71124045,Referral,In Progress,2024-03-28 00:00:00,KYC Pending
YESB20411601,Digital Campaign,In Progress,2024-10-23 00:00:00,Interested in HL
YESB28259714,Digital Campaign,In Progress,2024-09-06 00:00:00,KYC Pending
YESB39027805,Digital Campaign,In Progress,2024-09-05 00:00:00,Called for FD
YESB10792277,Referral,Lost,2024-02-09 00:00:00,Interested in HL
YESB38039041,Walk-in,In Progress,2024-12-21 00:00:00,Wait for salary credit
YESB75870883,Walk-in,In Progress,2024-04-05 00:00:00,Wait for salary credit
YESB91283268,Referral,Lost,2024-11-03 00:00:00,Interested in HL
YESB42041302,Digital Campaign,Converted,2024-09-22 00:00:00,Called for FD
YESB82823920,Walk-in,Converted,2024-02-23 00:00:00,Wait for salary credit
YESB82928793,Digital Campaign,In Progress,2024-01-12 00:00:00,Wait for salary credit
YESB99337887,Walk-in,Lost,2024-01-27 00:00:00,Called for FD
YESB23366147,Digital Campaign,Converted,2024-05-18 00:00:00,KYC Pending
YESB19286004,Walk-in,In Progress,2024-06-14 00:00:00,KYC Pending
YESB90030145,Referral,Lost,2024-12-19 00:00:00,KYC Pending
YESB65659370,Referral,Lost,2024-07-12 00:00:00,KYC Pending
YESB71137834,Digital Campaign,Lost,2024-08-31 00:00:00,KYC Pending
YESB39995988,Digital Campaign,Lost,2024-07-29 00:00:00,KYC Pending
YESB54109273,Referral,Converted,2024-01-12 00:00:00,Called for FD
YESB50262925,Digital Campaign,In Progress,2024-06-26 00:00:00,Interested in HL
YESB33544652,Referral,Lost,2024-10-30 00:00:00,Called for FD
YESB36302586,Digital Campaign,In Progress,2024-08-17 00:00:00,Interested in HL
YESB26167088,Referral,Converted,2024-02-25 00:00:00,Wait for salary credit
YESB79777178,Digital Campaign,Converted,2024-12-08 00:00:00,KYC Pending
YESB82103130,Digital Campaign,In Progress,2024-05-29 00:00:00,KYC Pending
YESB23000052,Walk-in,In Progress,2024-01-26 00:00:00,Called for FD
YESB36720056,Referral,In Progress,2024-12-31 00:00:00,Wait for salary credit
YESB43975911,Walk-in,In Progress,2024-08-01 00:00:00,Called for FD
YESB85577927,Walk-in,Converted,2024-01-28 00:00:00,Interested in HL
YESB92354549,Digital Campaign,Converted,2024-09-21 00:00:00,KYC Pending
YESB38614637,Referral,Converted,2024-01-29 00:00:00,Wait for salary credit
YESB12892521,Digital Campaign,In Progress,2024-03-26 00:00:00,Interested in HL
YESB90332178,Digital Campaign,In Progress,2024-09-26 00:00:00,Called for FD
YESB16931219,Walk-in,In Progress,2024-05-06 00:00:00,Called for FD
YESB90635321,Referral,Lost,2024-09-21 00:00:00,Interested in HL
YESB43213739,Referral,Converted,2024-02-16 00:00:00,Wait for salary credit
YESB26950418,Digital Campaign,In Progress,2024-05-30 00:00:00,Called for FD
YESB22139902,Walk-in,In Progress,2024-01-30 00:00:00,Interested in HL
YESB21344378,Referral,Lost,2024-08-23 00:00:00,KYC Pending
YESB60191034,Referral,In Progress,2024-05-13 00:00:00,Interested in HL
YESB31202990,Referral,Lost,2024-12-16 00:00:00,Interested in HL
YESB10839333,Referral,Converted,2024-12-17 00:00:00,Called for FD
YESB27407457,Walk-in,In Progress,2024-06-02 00:00:00,Called for FD
YESB52033160,Walk-in,Lost,2024-08-13 00:00:00,KYC Pending
YESB67252029,Referral,Lost,2024-03-30 00:00:00,Wait for salary credit
YESB44733179,Digital Campaign,Lost,2024-03-25 00:00:00,Interested in HL
YESB71515285,Digital Campaign,Lost,2024-12-01 00:00:00,Called for FD
YESB22517850,Referral,Lost,2024-07-26 00:00:00,Called for FD
YESB84948829,Digital Campaign,Lost,2024-08-04 00:00:00,Called for FD
YESB60280645,Digital Campaign,In Progress,2024-10-19 00:00:00,Called for FD
YESB45120107,Digital Campaign,Converted,2024-06-23 00:00:00,Wait for salary credit
YESB69403972,Walk-in,Lost,2024-11-10 00:00:00,KYC Pending
YESB11264258,Walk-in,Converted,2024-12-27 00:00:00,KYC Pending
YESB96331815,Referral,In Progress,2024-06-12 00:00:00,Interested in HL
YESB31590717,Referral,Lost,2024-07-18 00:00:00,Called for FD
YESB89881965,Walk-in,Lost,2024-10-11 00:00:00,KYC Pending
YESB20502216,Referral,In Progress,2024-01-18 00:00:00,Wait for salary credit
YESB49733597,Walk-in,Lost,2024-09-22 00:00:00,Wait for salary credit
YESB54013291,Referral,Converted,2024-01-22 00:00:00,KYC Pending
YESB35506554,Digital Campaign,Converted,2024-03-20 00:00:00,Interested in HL
YESB46921081,Digital Campaign,Lost,2024-05-22 00:00:00,Called for FD
YESB28489735,Walk-in,Converted,2024-11-28 00:00:00,Called for FD
YESB90993123,Referral,Lost,2024-11-09 00:00:00,Interested in HL
YESB34239451,Referral,Lost,2024-10-05 00:00:00,Wait for salary credit
YESB64591231,Digital Campaign,Lost,2024-05-27 00:00:00,Wait for salary credit
YESB84335962,Referral,Lost,2024-09-14 00:00:00,Called for FD
YESB47678770,Walk-in,Lost,2024-09-13 00:00:00,KYC Pending
YESB17811695,Referral,Converted,2024-07-22 00:00:00,Wait for salary credit
YESB89301497,Digital Campaign,In Progress,2024-02-16 00:00:00,Interested in HL
YESB92974598,Walk-in,Lost,2024-04-16 00:00:00,KYC Pending
YESB48548431,Walk-in,Lost,2024-08-04 00:00:00,Interested in HL
YESB44391815,Referral,In Progress,2024-05-11 00:00:00,Called for FD
YESB85226476,Digital Campaign,In Progress,2024-07-19 00:00:00,Wait for salary credit
YESB98596625,Digital Campaign,In Progress,2024-12-18 00:00:00,KYC Pending
YESB49333982,Digital Campaign,In Progress,2024-01-06 00:00:00,Interested in HL
YESB74709935,Referral,In Progress,2024-05-21 00:00:00,Called for FD
YESB86632383,Referral,Converted,2024-08-04 00:00:00,Interested in HL
YESB38217643,Walk-in,Lost,2024-12-14 00:00:00,Called for FD
YESB89082263,Referral,Lost,2024-10-20 00:00:00,Wait for salary credit
YESB85309602,Referral,In Progress,2024-05-19 00:00:00,KYC Pending
YESB81994159,Walk-in,Lost,2024-03-11 00:00:00,Interested in HL
YESB75714066,Digital Campaign,In Progress,2024-06-21 00:00:00,Wait for salary credit
YESB34587486,Referral,Converted,2024-03-13 00:00:00,Wait for salary credit
YESB48660883,Referral,In Progress,2024-08-12 00:00:00,Interested in HL
YESB94455493,Referral,Lost,2024-09-24 00:00:00,KYC Pending
YESB36200638,Referral,Converted,2024-06-24 00:00:00,Wait for salary credit
YESB78296090,Referral,Converted,2024-01-30 00:00:00,Wait for salary credit
YESB70316400,Referral,Converted,2024-11-29 00:00:00,Wait for salary credit
YESB49318663,Digital Campaign,Lost,2024-10-09 00:00:00,Called for FD
YESB57561116,Referral,In Progress,2024-08-24 00:00:00,Called for FD
YESB78594841,Walk-in,Lost,2024-03-31 00:00:00,KYC Pending
YESB95464253,Walk-in,Lost,2024-10-29 00:00:00,Called for FD
YESB61912343,Digital Campaign,Lost,2024-11-08 00:00:00,KYC Pending
YESB93691880,Walk-in,Lost,2024-08-14 00:00:00,Wait for salary credit
YESB23110577,Digital Campaign,In Progress,2024-04-14 00:00:00,Wait for salary credit
YESB45724632,Digital Campaign,Lost,2024-07-13 00:00:00,Called for FD
YESB18296226,Referral,Lost,2024-08-08 00:00:00,Called for FD
YESB99384993,Walk-in,In Progress,2024-06-04 00:00:00,Interested in HL
YESB66584900,Referral,Converted,2024-05-23 00:00:00,Called for FD
YESB63682018,Referral,In Progress,2024-10-13 00:00:00,Interested in HL
YESB88173218,Digital Campaign,Converted,2024-12-18 00:00:00,Called for FD
YESB68978672,Referral,In Progress,2024-02-02 00:00:00,Wait for salary credit
YESB24633393,Digital Campaign,Converted,2024-03-08 00:00:00,Interested in HL
YESB78743034,Walk-in,Lost,2024-11-26 00:00:00,KYC Pending
YESB93842136,Referral,Lost,2024-06-01 00:00:00,Called for FD
YESB37201515,Digital Campaign,Lost,2024-04-17 00:00:00,KYC Pending
YESB57408719,Digital Campaign,In Progress,2024-11-27 00:00:00,Called for FD
YESB82715890,Digital Campaign,In Progress,2024-04-10 00:00:00,Wait for salary credit
YESB48664020,Walk-in,Lost,2024-03-30 00:00:00,Called for FD
YESB13788428,Digital Campaign,Lost,2024-09-25 00:00:00,Called for FD
YESB16237276,Walk-in,Converted,2024-12-20 00:00:00,Interested in HL
YESB34024512,Digital Campaign,Lost,2024-12-11 00:00:00,Interested in HL
YESB31556064,Digital Campaign,Converted,2024-11-13 00:00:00,KYC Pending
YESB65333406,Walk-in,In Progress,2024-02-21 00:00:00,Called for FD
YESB69778419,Digital Campaign,Lost,2024-03-26 00:00:00,Wait for salary credit
YESB74465946,Digital Campaign,Lost,2024-05-01 00:00:00,Called for FD
YESB34130897,Digital Campaign,In Progress,2024-07-07 00:00:00,KYC Pending
YESB84385858,Walk-in,In Progress,2024-06-04 00:00:00,Interested in HL
YESB14240032,Walk-in,Converted,2024-05-16 00:00:00,Interested in HL
YESB31953485,Referral,Converted,2024-01-07 00:00:00,Called for FD
YESB77957849,Referral,In Progress,2024-06-03 00:00:00,Wait for salary credit
YESB94570492,Digital Campaign,Lost,2024-05-15 00:00:00,Wait for salary credit
YESB10151540,Walk-in,In Progress,2024-07-29 00:00:00,Wait for salary credit
YESB87038543,Walk-in,Lost,2024-07-27 00:00:00,Called for FD
YESB78196427,Digital Campaign,Lost,2024-06-04 00:00:00,KYC Pending
YESB55271047,Digital Campaign,Lost,2024-02-18 00:00:00,Interested in HL
YESB23654523,Referral,Converted,2024-01-03 00:00:00,Interested in HL
YESB57019412,Walk-in,Converted,2024-10-26 00:00:00,Interested in HL
YESB25014148,Digital Campaign,In Progress,2024-08-24 00:00:00,KYC Pending
YESB55344931,Digital Campaign,In Progress,2024-11-16 00:00:00,Interested in HL
YESB57732236,Referral,In Progress,2024-11-06 00:00:00,Wait for salary credit
YESB49611190,Walk-in,In Progress,2024-10-23 00:00:00,KYC Pending
YESB67451950,Referral,Converted,2024-02-21 00:00:00,Wait for salary credit
YESB92508279,Walk-in,Lost,2024-11-30 00:00:00,Interested in HL
YESB36473444,Referral,In Progress,2024-06-09 00:00:00,Wait for salary credit
YESB70196032,Referral,In Progress,2024-07-24 00:00:00,Wait for salary credit
YESB21930573,Walk-in,Converted,2024-01-21 00:00:00,Wait for salary credit
YESB65401367,Referral,Lost,2024-06-11 00:00:00,KYC Pending
YESB49667553,Referral,In Progress,2024-09-26 00:00:00,Interested in HL
YESB53387729,Referral,Converted,2024-10-27 00:00:00,Interested in HL
YESB23340415,Digital Campaign,Converted,2024-10-28 00:00:00,Called for FD
YESB45879332,Referral,In Progress,2024-05-17 00:00:00,KYC Pending
YESB23441611,Walk-in,Lost,2024-05-13 00:00:00,Interested in HL
YESB30362589,Digital Campaign,In Progress,2024-07-06 00:00:00,Wait for salary credit
YESB99726447,Digital Campaign,Converted,2024-02-26 00:00:00,Called for FD
YESB39891867,Walk-in,In Progress,2024-02-01 00:00:00,Wait for salary credit
YESB11348610,Digital Campaign,In Progress,2024-12-07 00:00:00,Wait for salary credit
YESB61434722,Walk-in,Converted,2024-12-10 00:00:00,Interested in HL
YESB74652189,Referral,Converted,2024-01-29 00:00:00,Interested in HL
YESB66240804,Referral,Lost,2024-10-08 00:00:00,Called for FD
YESB81956051,Walk-in,Converted,2024-08-18 00:00:00,Called for FD
YESB38044661,Digital Campaign,Lost,2024-05-13 00:00:00,Called for FD
YESB48534839,Walk-in,In Progress,2024-09-24 00:00:00,Called for FD
YESB95840656,Digital Campaign,Lost,2024-01-30 00:00:00,Called for FD
YESB90583955,Digital Campaign,Lost,2024-10-25 00:00:00,Called for FD
YESB87850602,Walk-in,In Progress,2024-01-16 00:00:00,KYC Pending
YESB93323128,Referral,In Progress,2024-05-10 00:00:00,Called for FD
YESB59634462,Digital Campaign,In Progress,2024-03-14 00:00:00,Interested in HL
YESB27288124,Digital Campaign,Converted,2024-04-21 00:00:00,Wait for salary credit
YESB84389712,Referral,Converted,2024-03-19 00:00:00,Wait for salary credit
YESB79056542,Referral,Lost,2024-05-23 00:00:00,KYC Pending
YESB98725283,Referral,Lost,2024-02-23 00:00:00,Interested in HL
YESB28985431,Walk-in,Converted,2024-01-15 00:00:00,KYC Pending
YESB78904691,Walk-in,Lost,2024-11-25 00:00:00,Called for FD
YESB63530294,Referral,Lost,2024-12-13 00:00:00,KYC Pending
YESB59172476,Walk-in,In Progress,2024-11-24 00:00:00,KYC Pending
YESB87815810,Digital Campaign,In Progress,2024-07-16 00:00:00,Wait for salary credit
YESB26896393,Referral,Converted,2024-08-30 00:00:00,Wait for salary credit
YESB35651608,Walk-in,Converted,2024-12-04 00:00:00,KYC Pending
YESB14854646,Referral,Lost,2024-12-23 00:00:00,Called for FD
YESB10932074,Referral,In Progress,2024-01-03 00:00:00,Interested in HL
YESB40604593,Referral,In Progress,2024-03-18 00:00:00,KYC Pending
YESB89496486,Digital Campaign,Converted,2024-04-07 00:00:00,Wait for salary credit
YESB22403024,Referral,Lost,2024-06-21 00:00:00,Interested in HL
YESB93256762,Referral,Lost,2024-09-04 00:00:00,KYC Pending
YESB11750740,Referral,Converted,2024-05-19 00:00:00,Called for FD
YESB37342856,Referral,Lost,2024-06-07 00:00:00,Called for FD
YESB70572759,Digital Campaign,In Progress,2024-05-21 00:00:00,Wait for salary credit
YESB46408844,Referral,Lost,2024-04-24 00:00:00,Interested in HL
YESB15032933,Digital Campaign,In Progress,2024-04-23 00:00:00,Interested in HL
YESB75056638,Digital Campaign,In Progress,2024-09-29 00:00:00,Wait for salary credit
YESB36402772,Walk-in,Converted,2024-08-19 00:00:00,Wait for salary credit
YESB23485750,Walk-in,Lost,2024-09-14 00:00:00,Interested in HL
YESB94703581,Digital Campaign,In Progress,2024-06-08 00:00:00,Interested in HL
YESB45270775,Walk-in,In Progress,2024-05-03 00:00:00,Called for FD
YESB34231565,Digital Campaign,In Progress,2024-01-20 00:00:00,Wait for salary credit
YESB11917290,Digital Campaign,Lost,2024-08-07 00:00:00,Interested in HL
YESB87318888,Digital Campaign,In Progress,2024-07-15 00:00:00,Interested in HL
YESB23440042,Referral,In Progress,2024-07-29 00:00:00,Called for FD
YESB59722773,Digital Campaign,In Progress,2024-06-21 00:00:00,Wait for salary credit
YESB98388625,Walk-in,Lost,2024-12-01 00:00:00,Wait for salary credit
YESB87083038,Digital Campaign,Converted,2024-10-25 00:00:00,Called for FD
YESB98161306,Referral,In Progress,2024-10-29 00:00:00,Wait for salary credit
YESB85463673,Walk-in,Converted,2024-08-22 00:00:00,Called for FD
YESB28602510,Digital Campaign,Converted,2024-11-09 00:00:00,Wait for salary credit
YESB21335579,Referral,Converted,2024-11-04 00:00:00,Wait for salary credit
YESB13377192,Referral,Lost,2024-08-22 00:00:00,Interested in HL
YESB16069483,Digital Campaign,Lost,2024-06-05 00:00:00,Interested in HL
YESB54227100,Digital Campaign,Lost,2024-10-13 00:00:00,Called for FD
YESB78526927,Referral,Lost,2024-02-13 00:00:00,Called for FD
YESB12535060,Digital Campaign,In Progress,2024-09-16 00:00:00,KYC Pending
YESB27994337,Referral,In Progress,2024-05-07 00:00:00,Called for FD
YESB53633567,Walk-in,Lost,2024-11-10 00:00:00,Interested in HL
YESB35751760,Walk-in,In Progress,2024-11-30 00:00:00,Called for FD
YESB30751474,Digital Campaign,Converted,2024-01-19 00:00:00,KYC Pending
YESB17354503,Digital Campaign,In Progress,2024-07-20 00:00:00,Wait for salary credit
YESB51209258,Digital Campaign,Converted,2024-03-29 00:00:00,Wait for salary credit
YESB47480903,Walk-in,Converted,2024-07-31 00:00:00,KYC Pending
YESB68364908,Walk-in,Converted,2024-02-21 00:00:00,Called for FD
YESB96124056,Digital Campaign,Lost,2024-05-17 00:00:00,KYC Pending
YESB93283573,Digital Campaign,In Progress,2024-12-03 00:00:00,KYC Pending
YESB97803220,Referral,Lost,2024-03-27 00:00:00,Interested in HL
YESB89082263,Walk-in,In Progress,2024-04-17 00:00:00,KYC Pending
YESB51572833,Referral,Lost,2024-03-07 00:00:00,Interested in HL
YESB97053139,Referral,Converted,2024-04-11 00:00:00,Called for FD
YESB13604106,Referral,Lost,2024-10-25 00:00:00,KYC Pending
YESB92087404,Digital Campaign,Converted,2024-03-30 00:00:00,Interested in HL
YESB58283990,Referral,Lost,2024-12-01 00:00:00,KYC Pending
YESB71193223,Walk-in,Converted,2024-02-05 00:00:00,Wait for salary credit
YESB23614099,Walk-in,Converted,2024-12-27 00:00:00,KYC Pending
YESB82713312,Referral,In Progress,2024-02-21 00:00:00,Wait for salary credit
YESB72502564,Walk-in,Lost,2024-02-08 00:00:00,Wait for salary credit
YESB97421212,Walk-in,Lost,2024-10-22 00:00:00,Interested in HL
YESB19301907,Referral,Converted,2024-04-26 00:00:00,KYC Pending
YESB64827434,Referral,Lost,2024-02-22 00:00:00,Interested in HL
YESB91437454,Referral,In Progress,2024-02-21 00:00:00,Called for FD
YESB14616292,Digital Campaign,In Progress,2024-03-04 00:00:00,KYC Pending
YESB85728150,Referral,In Progress,2024-04-28 00:00:00,Wait for salary credit
YESB22768319,Walk-in,Converted,2024-09-04 00:00:00,Interested in HL
YESB20988569,Walk-in,Lost,2024-06-02 00:00:00,KYC Pending
YESB59003952,Digital Campaign,Lost,2024-11-20 00:00:00,Interested in HL
YESB35547138,Walk-in,In Progress,2024-02-09 00:00:00,Interested in HL
YESB13212504,Walk-in,In Progress,2024-10-11 00:00:00,Wait for salary credit
YESB66072835,Referral,Converted,2024-01-12 00:00:00,Interested in HL
YESB65609984,Walk-in,In Progress,2024-03-14 00:00:00,Called for FD
YESB31022439,Walk-in,Converted,2024-10-09 00:00:00,Wait for salary credit
YESB58647590,Walk-in,Lost,2024-05-15 00:00:00,Interested in HL
YESB14493776,Digital Campaign,Converted,2024-06-15 00:00:00,Called for FD
YESB91027949,Walk-in,Lost,2024-07-21 00:00:00,Wait for salary credit
YESB96087971,Digital Campaign,Lost,2024-01-16 00:00:00,KYC Pending
YESB15853180,Digital Campaign,In Progress,2024-12-29 00:00:00,Called for FD
YESB86281283,Digital Campaign,Lost,2024-04-17 00:00:00,Interested in HL
YESB16478122,Referral,Converted,2024-10-23 00:00:00,Wait for salary credit
YESB51941959,Walk-in,In Progress,2024-07-12 00:00:00,KYC Pending
YESB27204570,Digital Campaign,Lost,2024-07-21 00:00:00,Interested in HL
YESB68887988,Digital Campaign,Converted,2024-03-04 00:00:00,Wait for salary credit
YESB97946333,Walk-in,Lost,2024-07-25 00:00:00,Called for FD
YESB58625766,Digital Campaign,Converted,2024-04-07 00:00:00,Wait for salary credit
YESB54837651,Referral,In Progress,2024-02-08 00:00:00,Called for FD
YESB44247564,Digital Campaign,Lost,2024-03-07 00:00:00,Called for FD
YESB59832521,Referral,Lost,2024-06-27 00:00:00,KYC Pending
YESB37788566,Walk-in,Converted,2024-02-13 00:00:00,Called for FD
YESB74932582,Digital Campaign,In Progress,2024-02-21 00:00:00,Called for FD
YESB51454176,Referral,Lost,2024-06-07 00:00:00,Called for FD
YESB38443260,Walk-in,Converted,2024-04-21 00:00:00,Wait for salary credit
YESB57101445,Walk-in,In Progress,2024-08-01 00:00:00,Called for FD
YESB31063133,Referral,In Progress,2024-03-23 00:00:00,Called for FD
YESB57943344,Referral,In Progress,2024-09-07 00:00:00,KYC Pending
YESB38599852,Digital Campaign,In Progress,2024-05-27 00:00:00,Called for FD
YESB67048504,Referral,Lost,2024-05-12 00:00:00,Wait for salary credit
YESB22752655,Walk-in,Lost,2024-03-05 00:00:00,Interested in HL
YESB55848617,Referral,Converted,2024-02-15 00:00:00,Called for FD
YESB12251659,Referral,In Progress,2024-11-14 00:00:00,Interested in HL
YESB26677186,Walk-in,Lost,2024-06-20 00:00:00,KYC Pending
YESB97951392,Walk-in,In Progress,2024-07-30 00:00:00,Wait for salary credit
YESB27186753,Walk-in,Converted,2024-02-15 00:00:00,KYC Pending
YESB26585761,Walk-in,In Progress,2024-12-26 00:00:00,Interested in HL
YESB92573681,Walk-in,Lost,2024-06-14 00:00:00,Wait for salary credit
YESB69790399,Walk-in,Lost,2024-07-22 00:00:00,Called for FD
YESB37105833,Referral,Lost,2024-01-09 00:00:00,Wait for salary credit
YESB13372818,Digital Campaign,Converted,2024-03-01 00:00:00,Wait for salary credit
YESB87672692,Walk-in,In Progress,2024-10-23 00:00:00,Interested in HL
YESB93590696,Referral,Converted,2024-01-06 00:00:00,Wait for salary credit
YESB68652212,Referral,Lost,2024-04-15 00:00:00,Wait for salary credit
YESB23928437,Referral,Converted,2024-07-16 00:00:00,KYC Pending
YESB87917131,Referral,In Progress,2024-01-24 00:00:00,KYC Pending
YESB92937965,Walk-in,In Progress,2024-12-01 00:00:00,Interested in HL
YESB20998471,Referral,Lost,2024-09-06 00:00:00,KYC Pending
YESB26040778,Digital Campaign,Lost,2024-03-13 00:00:00,KYC Pending
YESB31833229,Walk-in,Converted,2024-02-17 00:00:00,KYC Pending
YESB43789515,Referral,In Progress,2024-07-04 00:00:00,Called for FD
YESB63170334,Digital Campaign,Converted,2024-09-30 00:00:00,Called for FD
YESB70697391,Referral,Converted,2024-11-06 00:00:00,Interested in HL
YESB68320351,Referral,In Progress,2024-08-30 00:00:00,Called for FD
YESB24911428,Walk-in,Converted,2024-08-21 00:00:00,KYC Pending
YESB75136741,Digital Campaign,Lost,2024-05-14 00:00:00,Wait for salary credit
YESB77006322,Walk-in,In Progress,2024-08-18 00:00:00,Interested in HL
YESB19509209,Walk-in,Lost,2024-01-02 00:00:00,Called for FD
YESB28968443,Digital Campaign,In Progress,2024-09-15 00:00:00,Called for FD
YESB11156355,Referral,Converted,2024-04-15 00:00:00,KYC Pending
YESB88182151,Digital Campaign,In Progress,2024-11-24 00:00:00,Wait for salary credit
YESB31219516,Digital Campaign,Lost,2024-10-29 00:00:00,KYC Pending
YESB76858513,Digital Campaign,Lost,2024-07-20 00:00:00,KYC Pending
YESB85142302,Referral,Lost,2024-07-16 00:00:00,KYC Pending
YESB76827733,Digital Campaign,Lost,2024-12-07 00:00:00,Wait for salary credit
YESB86031208,Referral,Converted,2024-09-18 00:00:00,Called for FD
YESB88044180,Referral,In Progress,2024-01-19 00:00:00,KYC Pending
YESB40367673,Referral,In Progress,2024-02-25 00:00:00,Wait for salary credit
YESB22060594,Walk-in,Converted,2024-07-08 00:00:00,Interested in HL
YESB65083010,Walk-in,In Progress,2024-08-18 00:00:00,Called for FD
YESB53657588,Digital Campaign,Converted,2024-08-31 00:00:00,Interested in HL
YESB95029563,Digital Campaign,In Progress,2024-12-26 00:00:00,Interested in HL
YESB49625425,Digital Campaign,Lost,2024-03-28 00:00:00,Wait for salary credit
YESB36405272,Digital Campaign,Converted,2024-05-06 00:00:00,Wait for salary credit
YESB17802360,Digital Campaign,Converted,2024-06-13 00:00:00,Called for FD
YESB84980141,Referral,Converted,2024-09-12 00:00:00,KYC Pending
YESB12331947,Digital Campaign,In Progress,2024-10-15 00:00:00,Called for FD
YESB63846586,Referral,Converted,2024-04-17 00:00:00,KYC Pending
YESB75791316,Digital Campaign,Lost,2024-01-10 00:00:00,Interested in HL
YESB36624563,Referral,In Progress,2024-07-25 00:00:00,Interested in HL
YESB45120107,Referral,Converted,2024-02-03 00:00:00,Wait for salary credit
YESB71509297,Walk-in,Converted,2024-08-19 00:00:00,Interested in HL
YESB95112173,Walk-in,Converted,2024-01-04 00:00:00,Called for FD
YESB57122203,Referral,Converted,2024-09-14 00:00:00,Wait for salary credit
YESB76477321,Referral,Lost,2024-04-11 00:00:00,KYC Pending
YESB96951659,Referral,In Progress,2024-03-07 00:00:00,KYC Pending
YESB88330505,Digital Campaign,Converted,2024-11-02 00:00:00,Interested in HL
YESB67018073,Walk-in,Converted,2024-11-02 00:00:00,Called for FD
YESB54550220,Referral,Converted,2024-08-16 00:00:00,KYC Pending
YESB84353554,Walk-in,Lost,2024-08-22 00:00:00,Interested in HL
YESB95077564,Digital Campaign,Converted,2024-07-09 00:00:00,Called for FD
YESB47287214,Digital Campaign,Lost,2024-11-04 00:00:00,Wait for salary credit
YESB56870850,Walk-in,Converted,2024-09-18 00:00:00,KYC Pending
YESB24538692,Walk-in,Lost,2024-10-23 00:00:00,Wait for salary credit
YESB39108602,Walk-in,In Progress,2024-01-08 00:00:00,KYC Pending
YESB92691245,Walk-in,Converted,2024-09-27 00:00:00,Called for FD
YESB46500776,Walk-in,Converted,2024-08-14 00:00:00,Called for FD
YESB10595749,Referral,Converted,2024-07-20 00:00:00,Called for FD
YESB49422601,Referral,Lost,2024-04-09 00:00:00,KYC Pending
YESB71085326,Walk-in,In Progress,2024-05-11 00:00:00,Called for FD
YESB39788294,Referral,In Progress,2024-03-06 00:00:00,Wait for salary credit
YESB98115727,Walk-in,In Progress,2024-11-23 00:00:00,Called for FD
YESB14516288,Walk-in,Converted,2024-09-13 00:00:00,Called for FD
YESB33515295,Digital Campaign,Converted,2024-04-24 00:00:00,KYC Pending
YESB73951647,Digital Campaign,Converted,2024-03-20 00:00:00,Wait for salary credit
YESB14342464,Digital Campaign,Converted,2024-11-11 00:00:00,Wait for salary credit
YESB46698926,Digital Campaign,Converted,2024-07-25 00:00:00,Interested in HL
YESB99015581,Walk-in,In Progress,2024-10-21 00:00:00,Interested in HL
YESB80758927,Walk-in,In Progress,2024-06-05 00:00:00,Interested in HL
YESB93179414,Referral,In Progress,2024-05-09 00:00:00,Interested in HL
YESB88999532,Digital Campaign,Converted,2024-12-03 00:00:00,Called for FD
YESB73165674,Walk-in,Converted,2024-01-09 00:00:00,Wait for salary credit
YESB58934636,Digital Campaign,Lost,2024-09-18 00:00:00,Called for FD
YESB28714717,Digital Campaign,Lost,2024-01-26 00:00:00,Called for FD
YESB29026574,Digital Campaign,Converted,2024-12-02 00:00:00,Called for FD
YESB86295432,Walk-in,Lost,2024-02-23 00:00:00,Wait for salary credit
YESB49620409,Referral,Converted,2024-12-21 00:00:00,Interested in HL
YESB66724621,Referral,Lost,2024-09-24 00:00:00,Called for FD
YESB29539541,Walk-in,In Progress,2024-01-31 00:00:00,Called for FD
YESB41150114,Digital Campaign,Converted,2024-08-02 00:00:00,Interested in HL
YESB78187545,Walk-in,Lost,2024-08-01 00:00:00,Interested in HL
YESB79570092,Walk-in,In Progress,2024-01-25 00:00:00,KYC Pending
YESB24991369,Digital Campaign,Converted,2024-08-28 00:00:00,Interested in HL
YESB77348681,Referral,In Progress,2024-01-10 00:00:00,KYC Pending
YESB23560773,Referral,Lost,2024-08-09 00:00:00,Interested in HL
YESB16409292,Digital Campaign,Converted,2024-05-25 00:00:00,Interested in HL
YESB90320423,Digital Campaign,Converted,2024-07-17 00:00:00,Called for FD
YESB66436471,Walk-in,Converted,2024-01-31 00:00:00,Called for FD
YESB22143211,Referral,In Progress,2024-11-10 00:00:00,KYC Pending
YESB28821267,Walk-in,In Progress,2024-11-17 00:00:00,KYC Pending
YESB23914571,Walk-in,Converted,2024-11-22 00:00:00,KYC Pending
YESB75833922,Walk-in,Converted,2024-04-14 00:00:00,KYC Pending
YESB92974598,Referral,Lost,2024-11-28 00:00:00,KYC Pending
YESB77529499,Digital Campaign,Converted,2024-03-08 00:00:00,KYC Pending
YESB58047861,Referral,In Progress,2024-11-10 00:00:00,Wait for salary credit
YESB53065992,Walk-in,In Progress,2024-11-16 00:00:00,Called for FD
YESB85965500,Referral,Lost,2024-01-12 00:00:00,KYC Pending
YESB58636752,Referral,In Progress,2024-04-29 00:00:00,KYC Pending
YESB83852121,Referral,Converted,2024-03-15 00:00:00,KYC Pending
YESB96408243,Digital Campaign,Lost,2024-06-24 00:00:00,Interested in HL
YESB14481535,Digital Campaign,Lost,2024-03-13 00:00:00,Wait for salary credit
YESB27785593,Walk-in,Converted,2024-05-31 00:00:00,Wait for salary credit
YESB18745950,Digital Campaign,In Progress,2024-02-24 00:00:00,Interested in HL
YESB64169288,Referral,Lost,2024-03-18 00:00:00,Interested in HL
YESB77499668,Walk-in,Lost,2024-02-02 00:00:00,Called for FD
YESB23821100,Digital Campaign,Lost,2024-02-11 00:00:00,KYC Pending
YESB97376226,Digital Campaign,Lost,2024-03-06 00:00:00,Wait for salary credit
YESB89808725,Referral,Converted,2024-08-06 00:00:00,KYC Pending
YESB59373150,Digital Campaign,In Progress,2024-02-12 00:00:00,Wait for salary credit
YESB59353873,Walk-in,Converted,2024-01-07 00:00:00,KYC Pending
YESB33644350,Walk-in,Lost,2024-11-16 00:00:00,Wait for salary credit
YESB52824166,Digital Campaign,Lost,2024-02-25 00:00:00,Called for FD
YESB86470456,Walk-in,Converted,2024-04-14 00:00:00,Called for FD
YESB61563294,Walk-in,In Progress,2024-09-12 00:00:00,Wait for salary credit
YESB53847963,Digital Campaign,In Progress,2024-01-09 00:00:00,Wait for salary credit
YESB19497091,Walk-in,In Progress,2024-12-16 00:00:00,Called for FD
YESB21684130,Digital Campaign,Converted,2024-05-01 00:00:00,Wait for salary credit
YESB26085322,Digital Campaign,Converted,2024-03-28 00:00:00,Called for FD
YESB35297214,Referral,Converted,2024-05-24 00:00:00,Interested in HL
YESB25327153,Walk-in,Converted,2024-06-27 00:00:00,Interested in HL
YESB69556568,Digital Campaign,Lost,2024-09-06 00:00:00,KYC Pending
YESB31441173,Referral,Converted,2024-12-25 00:00:00,Wait for salary credit
YESB79116407,Walk-in,Converted,2024-08-11 00:00:00,Wait for salary credit
YESB72036342,Referral,Converted,2024-02-24 00:00:00,Wait for salary credit
YESB81856743,Digital Campaign,Converted,2024-02-05 00:00:00,Called for FD
YESB33226343,Walk-in,Lost,2024-05-02 00:00:00,Interested in HL
YESB54924286,Walk-in,Converted,2024-08-05 00:00:00,Called for FD
YESB60289543,Referral,Lost,2024-01-29 00:00:00,Interested in HL
YESB49096455,Referral,Converted,2024-01-06 00:00:00,Called for FD
YESB72107120,Referral,Converted,2024-11-03 00:00:00,Called for FD
YESB10666457,Referral,Lost,2024-05-17 00:00:00,KYC Pending
YESB50316650,Digital Campaign,Lost,2024-07-10 00:00:00,Wait for salary credit
YESB61499481,Digital Campaign,Converted,2024-01-01 00:00:00,Interested in HL
YESB92180727,Walk-in,Converted,2024-03-18 00:00:00,Wait for salary credit
YESB63766644,Digital Campaign,In Progress,2024-07-15 00:00:00,Wait for salary credit
YESB77932164,Digital Campaign,Converted,2024-10-19 00:00:00,Called for FD
YESB89128520,Walk-in,Converted,2024-10-02 00:00:00,Interested in HL
YESB45365818,Referral,Converted,2024-05-26 00:00:00,Called for FD
YESB92159952,Digital Campaign,In Progress,2024-12-04 00:00:00,Wait for salary credit
YESB70941052,Referral,Lost,2024-05-25 00:00:00,Wait for salary credit
YESB68487511,Referral,Converted,2024-08-10 00:00:00,KYC Pending
YESB30943179,Walk-in,Converted,2024-04-16 00:00:00,Wait for salary credit
YESB58848124,Referral,In Progress,2024-12-02 00:00:00,KYC Pending
YESB47233172,Referral,In Progress,2024-06-18 00:00:00,Interested in HL
YESB72444298,Referral,Lost,2024-09-25 00:00:00,Interested in HL
YESB70964773,Digital Campaign,Lost,2024-04-30 00:00:00,Called for FD
YESB50841710,Digital Campaign,Converted,2024-05-05 00:00:00,Called for FD
YESB25567079,Referral,In Progress,2024-02-26 00:00:00,Called for FD
YESB33977761,Walk-in,Converted,2024-08-09 00:00:00,KYC Pending
YESB75707475,Walk-in,Lost,2024-06-07 00:00:00,Called for FD
YESB37626288,Digital Campaign,Lost,2024-07-07 00:00:00,Called for FD
YESB77570908,Walk-in,In Progress,2024-06-29 00:00:00,Interested in HL
YESB93890571,Referral,Converted,2024-05-15 00:00:00,KYC Pending
YESB51015965,Walk-in,In Progress,2024-06-08 00:00:00,Called for FD
YESB51274050,Walk-in,Converted,2024-12-26 00:00:00,KYC Pending
YESB70132883,Referral,Lost,2024-05-09 00:00:00,Called for FD
YESB50334170,Digital Campaign,Converted,2024-06-11 00:00:00,KYC Pending
YESB90717880,Walk-in,Lost,2024-08-27 00:00:00,Interested in HL
YESB21185047,Digital Campaign,In Progress,2024-12-10 00:00:00,Wait for salary credit
YESB59107856,Digital Campaign,Converted,2024-10-15 00:00:00,Called for FD
YESB48901838,Digital Campaign,Lost,2024-04-04 00:00:00,Wait for salary credit
YESB38989526,Referral,In Progress,2024-07-21 00:00:00,KYC Pending
YESB76679330,Digital Campaign,Lost,2024-12-11 00:00:00,Wait for salary credit
YESB50449467,Walk-in,In Progress,2024-10-05 00:00:00,Called for FD
YESB99785031,Referral,In Progress,2024-08-13 00:00:00,Interested in HL
YESB69440780,Digital Campaign,In Progress,2024-05-19 00:00:00,Interested in HL
YESB17647236,Walk-in,Lost,2024-11-16 00:00:00,KYC Pending
YESB35123047,Referral,Converted,2024-03-27 00:00:00,Wait for salary credit
YESB34474001,Digital Campaign,In Progress,2024-09-30 00:00:00,Interested in HL
YESB58558581,Digital Campaign,Lost,2024-08-27 00:00:00,Interested in HL
YESB33408690,Digital Campaign,Converted,2024-12-20 00:00:00,Called for FD
YESB67473045,Referral,Converted,2024-11-10 00:00:00,Interested in HL
YESB22553773,Digital Campaign,Converted,2024-01-03 00:00:00,KYC Pending
YESB16444379,Referral,In Progress,2024-07-12 00:00:00,KYC Pending
YESB34471973,Walk-in,Converted,2024-04-17 00:00:00,Interested in HL
YESB69265994,Referral,Lost,2024-04-06 00:00:00,KYC Pending
YESB11969370,Referral,Lost,2024-06-08 00:00:00,Called for FD
YESB90729092,Digital Campaign,Converted,2024-04-16 00:00:00,Called for FD
YESB62168639,Digital Campaign,Lost,2024-08-15 00:00:00,KYC Pending
YESB17681254,Referral,In Progress,2024-01-10 00:00:00,Called for FD
YESB80831248,Referral,Converted,2024-03-30 00:00:00,Interested in HL
YESB45328422,Referral,In Progress,2024-10-29 00:00:00,Interested in HL
YESB91571199,Referral,Lost,2024-04-01 00:00:00,KYC Pending
YESB24247462,Referral,In Progress,2024-02-24 00:00:00,Wait for salary credit
YESB27937504,Digital Campaign,Lost,2024-08-19 00:00:00,KYC Pending
YESB85460486,Referral,In Progress,2024-07-21 00:00:00,Interested in HL
YESB89752987,Walk-in,Lost,2024-01-29 00:00:00,Called for FD
YESB46056793,Digital Campaign,Lost,2024-03-19 00:00:00,Wait for salary credit
YESB59853849,Walk-in,Lost,2024-04-27 00:00:00,Wait for salary credit
YESB13356496,Digital Campaign,In Progress,2024-12-20 00:00:00,Called for FD
YESB92174311,Digital Campaign,In Progress,2024-09-18 00:00:00,Called for FD
YESB79516652,Referral,In Progress,2024-06-01 00:00:00,Wait for salary credit
YESB16604355,Digital Campaign,In Progress,2024-07-11 00:00:00,Interested in HL
YESB33296046,Referral,Lost,2024-07-10 00:00:00,KYC Pending
YESB45042170,Digital Campaign,Converted,2024-02-23 00:00:00,KYC Pending
YESB30951007,Digital Campaign,Lost,2024-05-22 00:00:00,KYC Pending
YESB95192752,Walk-in,Converted,2024-09-08 00:00:00,Interested in HL
YESB22691461,Walk-in,Lost,2024-11-02 00:00:00,KYC Pending
YESB97404655,Referral,Converted,2024-09-29 00:00:00,KYC Pending
YESB31934202,Digital Campaign,In Progress,2024-03-19 00:00:00,Interested in HL
YESB99013273,Walk-in,In Progress,2024-12-22 00:00:00,Interested in HL
YESB26115456,Digital Campaign,In Progress,2024-02-04 00:00:00,Called for FD
YESB75112426,Walk-in,In Progress,2024-03-15 00:00:00,Called for FD
YESB11094350,Walk-in,In Progress,2024-04-19 00:00:00,KYC Pending
YESB31435543,Digital Campaign,Converted,2024-08-15 00:00:00,Interested in HL
YESB62743183,Walk-in,In Progress,2024-08-25 00:00:00,Called for FD
YESB78576962,Referral,Lost,2024-11-08 00:00:00,KYC Pending
YESB10019096,Digital Campaign,Lost,2024-02-24 00:00:00,KYC Pending
YESB53487773,Digital Campaign,Converted,2024-06-27 00:00:00,KYC Pending
YESB23749770,Walk-in,In Progress,2024-09-22 00:00:00,Wait for salary credit
YESB28270465,Digital Campaign,Converted,2024-09-17 00:00:00,Wait for salary credit
YESB47221010,Digital Campaign,Lost,2024-01-28 00:00:00,KYC Pending
YESB77324893,Referral,Converted,2024-07-14 00:00:00,Wait for salary credit
YESB82972272,Digital Campaign,Lost,2024-11-18 00:00:00,Called for FD
YESB48979223,Referral,Converted,2024-11-04 00:00:00,Interested in HL
YESB96448138,Digital Campaign,Lost,2024-11-22 00:00:00,KYC Pending
YESB90628701,Referral,Converted,2024-04-07 00:00:00,Interested in HL
YESB66698733,Digital Campaign,In Progress,2024-03-29 00:00:00,Wait for salary credit
YESB95358882,Referral,In Progress,2024-10-20 00:00:00,KYC Pending
YESB36310310,Digital Campaign,Lost,2024-12-30 00:00:00,Called for FD
YESB55883748,Walk-in,In Progress,2024-07-12 00:00:00,Interested in HL
YESB94121384,Walk-in,In Progress,2024-11-02 00:00:00,KYC Pending
YESB61724670,Digital Campaign,Converted,2024-11-20 00:00:00,KYC Pending
YESB80187661,Referral,Lost,2024-05-15 00:00:00,Wait for salary credit
YESB23067751,Walk-in,In Progress,2024-08-14 00:00:00,Wait for salary credit
YESB20687527,Referral,Converted,2024-12-16 00:00:00,Called for FD
YESB74924154,Walk-in,Converted,2024-08-08 00:00:00,Called for FD
YESB64085256,Referral,Lost,2024-08-28 00:00:00,Interested in HL
YESB87591345,Walk-in,In Progress,2024-01-30 00:00:00,Interested in HL
YESB48083397,Walk-in,In Progress,2024-05-09 00:00:00,KYC Pending
YESB61649860,Digital Campaign,Lost,2024-07-29 00:00:00,Interested in HL
YESB84266316,Walk-in,Lost,2024-03-19 00:00:00,Interested in HL
YESB73525866,Walk-in,Converted,2024-03-14 00:00:00,Called for FD
YESB37468803,Referral,In Progress,2024-06-15 00:00:00,Interested in HL
YESB32721904,Referral,Lost,2024-05-31 00:00:00,Wait for salary credit
YESB17768760,Referral,Converted,2024-01-11 00:00:00,Called for FD
YESB65685565,Referral,Converted,2024-12-20 00:00:00,Called for FD
YESB72607499,Referral,In Progress,2024-08-15 00:00:00,Interested in HL
YESB58061912,Walk-in,In Progress,2024-08-06 00:00:00,Wait for salary credit
YESB59849525,Digital Campaign,In Progress,2024-03-05 00:00:00,Wait for salary credit
YESB80302963,Referral,Lost,2024-06-09 00:00:00,Wait for salary credit
YESB19084866,Referral,In Progress,2024-03-19 00:00:00,Wait for salary credit
YESB37706253,Walk-in,Lost,2024-12-16 00:00:00,Called for FD
YESB81979877,Walk-in,In Progress,2024-02-12 00:00:00,Interested in HL
YESB44688507,Referral,Converted,2024-02-08 00:00:00,Interested in HL
YESB11462934,Digital Campaign,Converted,2024-08-01 00:00:00,Interested in HL
YESB82280598,Digital Campaign,In Progress,2024-10-16 00:00:00,Called for FD
YESB18188244,Referral,In Progress,2024-05-08 00:00:00,Called for FD
YESB40386503,Walk-in,Converted,2024-08-21 00:00:00,Called for FD
YESB69550317,Referral,Converted,2024-03-14 00:00:00,Called for FD
YESB33079217,Walk-in,Converted,2024-07-24 00:00:00,KYC Pending
YESB70599654,Referral,Converted,2024-10-21 00:00:00,Wait for salary credit
YESB55194184,Referral,Lost,2024-08-19 00:00:00,Interested in HL
YESB63199641,Digital Campaign,In Progress,2024-03-25 00:00:00,KYC Pending
YESB70924634,Referral,Lost,2024-06-20 00:00:00,Called for FD
YESB85367036,Digital Campaign,Lost,2024-08-16 00:00:00,Wait for salary credit
YESB41411335,Digital Campaign,Lost,2024-03-25 00:00:00,KYC Pending
YESB85194431,Digital Campaign,In Progress,2024-06-06 00:00:00,Interested in HL
YESB19302367,Digital Campaign,Lost,2024-06-10 00:00:00,Wait for salary credit
YESB98312744,Walk-in,In Progress,2024-04-21 00:00:00,KYC Pending
YESB76502494,Digital Campaign,Converted,2024-12-20 00:00:00,Interested in HL
YESB12515328,Digital Campaign,Lost,2024-09-21 00:00:00,KYC Pending
YESB62541846,Referral,Lost,2024-07-05 00:00:00,Interested in HL
YESB19621625,Digital Campaign,Converted,2024-05-19 00:00:00,Wait for salary credit
YESB99842221,Walk-in,In Progress,2024-05-26 00:00:00,Wait for salary credit
YESB28090586,Referral,Lost,2024-08-17 00:00:00,KYC Pending
YESB76152511,Walk-in,Lost,2024-09-11 00:00:00,KYC Pending
YESB40324340,Walk-in,In Progress,2024-10-17 00:00:00,KYC Pending
YESB51740785,Walk-in,Converted,2024-10-03 00:00:00,Interested in HL
YESB66563833,Digital Campaign,In Progress,2024-08-30 00:00:00,Interested in HL
YESB79911938,Referral,Converted,2024-12-02 00:00:00,Called for FD
YESB73121517,Digital Campaign,Converted,2024-04-12 00:00:00,KYC Pending
YESB70776426,Referral,Lost,2024-05-22 00:00:00,Called for FD
YESB43746715,Referral,In Progress,2024-08-18 00:00:00,Called for FD
YESB69199673,Referral,Lost,2024-11-08 00:00:00,Wait for salary credit
YESB28677442,Digital Campaign,Lost,2024-01-17 00:00:00,Wait for salary credit
YESB65437997,Referral,In Progress,2024-06-29 00:00:00,Interested in HL
YESB95972468,Walk-in,Lost,2024-07-22 00:00:00,Interested in HL
YESB18155420,Digital Campaign,Lost,2024-04-18 00:00:00,KYC Pending
YESB89645803,Referral,Lost,2024-02-13 00:00:00,KYC Pending
YESB38264614,Digital Campaign,In Progress,2024-09-12 00:00:00,Wait for salary credit
YESB30425613,Walk-in,In Progress,2024-01-06 00:00:00,KYC Pending
YESB96668034,Digital Campaign,In Progress,2024-09-08 00:00:00,Wait for salary credit
YESB77325753,Digital Campaign,In Progress,2024-06-23 00:00:00,Interested in HL
YESB45888201,Referral,Converted,2024-04-16 00:00:00,Wait for salary credit
YESB58118018,Walk-in,Lost,2024-07-18 00:00:00,KYC Pending
YESB10518193,Referral,In Progress,2024-04-18 00:00:00,Wait for salary credit
YESB89119052,Walk-in,Converted,2024-06-27 00:00:00,Called for FD
YESB85239919,Referral,In Progress,2024-05-29 00:00:00,Interested in HL
YESB54967385,Digital Campaign,Lost,2024-12-17 00:00:00,Called for FD
YESB47413638,Referral,In Progress,2024-04-16 00:00:00,Called for FD
YESB79364700,Digital Campaign,Converted,2024-12-22 00:00:00,Called for FD
YESB77330346,Walk-in,In Progress,2024-07-02 00:00:00,Called for FD
YESB12264215,Referral,Converted,2024-11-06 00:00:00,Interested in HL
YESB23049784,Digital Campaign,Converted,2024-06-16 00:00:00,Interested in HL
YESB52749763,Walk-in,Converted,2024-01-28 00:00:00,Called for FD
YESB91966297,Digital Campaign,Lost,2024-02-25 00:00:00,Interested in HL
YESB48880084,Digital Campaign,Lost,2024-05-26 00:00:00,Interested in HL
YESB68506363,Digital Campaign,In Progress,2024-07-04 00:00:00,Interested in HL
YESB23741516,Walk-in,In Progress,2024-08-21 00:00:00,KYC Pending
YESB25992521,Referral,Converted,2024-11-01 00:00:00,Interested in HL
YESB72676420,Digital Campaign,Lost,2024-05-26 00:00:00,Called for FD
YESB70661322,Walk-in,Lost,2024-01-30 00:00:00,Called for FD
YESB63077417,Digital Campaign,Lost,2024-07-07 00:00:00,Interested in HL
YESB80257215,Walk-in,In Progress,2024-03-07 00:00:00,Interested in HL
YESB82703138,Walk-in,In Progress,2024-02-23 00:00:00,KYC Pending
YESB13512715,Walk-in,In Progress,2024-06-29 00:00:00,Called for FD
YESB92137532,Walk-in,In Progress,2024-08-01 00:00:00,Called for FD
YESB99014770,Referral,Lost,2024-11-10 00:00:00,Called for FD
YESB27063824,Walk-in,Lost,2024-02-07 00:00:00,Interested in HL
YESB54395782,Digital Campaign,Lost,2024-11-24 00:00:00,Wait for salary credit
YESB15302713,Walk-in,In Progress,2024-09-09 00:00:00,Interested in HL
YESB30447266,Referral,In Progress,2024-09-03 00:00:00,KYC Pending
YESB59638870,Referral,Lost,2024-03-26 00:00:00,KYC Pending
YESB16552750,Walk-in,In Progress,2024-12-20 00:00:00,Called for FD
YESB90393003,Referral,In Progress,2024-03-06 00:00:00,Wait for salary credit
YESB92915952,Referral,In Progress,2024-07-24 00:00:00,Called for FD
YESB62702799,Walk-in,In Progress,2024-12-07 00:00:00,Called for FD
YESB57461175,Digital Campaign,Lost,2024-05-03 00:00:00,Interested in HL
YESB80786113,Referral,Converted,2024-12-05 00:00:00,Called for FD
YESB43989908,Walk-in,In Progress,2024-09-19 00:00:00,Called for FD
YESB86589412,Referral,Converted,2024-11-25 00:00:00,Called for FD
YESB12011093,Walk-in,Converted,2024-03-20 00:00:00,KYC Pending
YESB94127004,Digital Campaign,Converted,2024-12-02 00:00:00,Interested in HL
YESB72781628,Walk-in,Lost,2024-03-31 00:00:00,Wait for salary credit
YESB51084787,Digital Campaign,Converted,2024-10-04 00:00:00,Interested in HL
YESB15169386,Digital Campaign,In Progress,2024-03-19 00:00:00,Wait for salary credit
YESB59207918,Digital Campaign,Converted,2024-06-01 00:00:00,Wait for salary credit
YESB21416677,Referral,Lost,2024-08-28 00:00:00,Wait for salary credit
YESB74598873,Digital Campaign,Converted,2024-03-30 00:00:00,Wait for salary credit
YESB47011135,Digital Campaign,Converted,2024-02-21 00:00:00,KYC Pending
YESB30042992,Walk-in,Lost,2024-04-25 00:00:00,Wait for salary credit
YESB25360831,Walk-in,Lost,2024-06-02 00:00:00,Interested in HL
YESB80347961,Referral,Converted,2024-06-08 00:00:00,KYC Pending
YESB29423813,Walk-in,Lost,2024-12-02 00:00:00,Interested in HL
YESB45629183,Digital Campaign,Lost,2024-06-26 00:00:00,Interested in HL
YESB62706843,Digital Campaign,In Progress,2024-01-27 00:00:00,Interested in HL
YESB69183982,Walk-in,Lost,2024-06-27 00:00:00,Interested in HL
YESB38427143,Digital Campaign,Converted,2024-12-03 00:00:00,KYC Pending
YESB39800276,Referral,Lost,2024-07-16 00:00:00,KYC Pending
YESB70661322,Referral,Converted,2024-08-31 00:00:00,Wait for salary credit
YESB94379424,Walk-in,Converted,2024-06-29 00:00:00,Wait for salary credit
YESB55919987,Walk-in,Converted,2024-07-18 00:00:00,Wait for salary credit
YESB81971882,Digital Campaign,Converted,2024-05-21 00:00:00,Interested in HL
YESB41789845,Walk-in,In Progress,2024-07-11 00:00:00,KYC Pending
YESB77835534,Referral,Converted,2024-01-04 00:00:00,KYC Pending
YESB17825367,Digital Campaign,Converted,2024-05-28 00:00:00,KYC Pending
YESB28677442,Digital Campaign,Converted,2024-07-11 00:00:00,Interested in HL
YESB18793989,Walk-in,Lost,2024-09-21 00:00:00,Called for FD
YESB10966356,Referral,Lost,2024-06-07 00:00:00,Called for FD
YESB99164383,Walk-in,Lost,2024-10-27 00:00:00,Called for FD
YESB35324079,Walk-in,In Progress,2024-05-09 00:00:00,Called for FD
YESB57642146,Digital Campaign,In Progress,2024-09-28 00:00:00,KYC Pending
YESB70891139,Digital Campaign,Converted,2024-10-07 00:00:00,Wait for salary credit
YESB87540025,Referral,Converted,2024-08-25 00:00:00,Interested in HL
YESB80625617,Referral,In Progress,2024-05-19 00:00:00,Called for FD
YESB10265868,Walk-in,Lost,2024-01-06 00:00:00,Called for FD
YESB92115889,Referral,Lost,2024-11-01 00:00:00,Called for FD
YESB35491524,Digital Campaign,Lost,2024-06-29 00:00:00,Called for FD
YESB35646337,Walk-in,Converted,2024-03-05 00:00:00,KYC Pending
YESB35731369,Referral,Lost,2024-08-26 00:00:00,KYC Pending
YESB37434769,Digital Campaign,Converted,2024-08-27 00:00:00,KYC Pending
YESB24696082,Referral,In Progress,2024-10-30 00:00:00,Called for FD
YESB34774996,Digital Campaign,Converted,2024-09-11 00:00:00,Called for FD
YESB21708824,Walk-in,Converted,2024-04-08 00:00:00,KYC Pending
YESB83157690,Digital Campaign,Lost,2024-11-30 00:00:00,Called for FD
YESB79875227,Digital Campaign,Lost,2024-04-11 00:00:00,KYC Pending
YESB71765736,Walk-in,Converted,2024-03-22 00:00:00,Wait for salary credit
YESB65803691,Referral,Converted,2024-03-17 00:00:00,Interested in HL
YESB52322795,Referral,In Progress,2024-08-20 00:00:00,Interested in HL
YESB72791639,Digital Campaign,In Progress,2024-08-09 00:00:00,KYC Pending
YESB65137175,Digital Campaign,In Progress,2024-05-09 00:00:00,Wait for salary credit
YESB89620197,Referral,Converted,2024-05-24 00:00:00,Called for FD
YESB76826584,Digital Campaign,Lost,2024-05-16 00:00:00,Interested in HL
YESB90568474,Walk-in,Lost,2024-09-09 00:00:00,Wait for salary credit
YESB68023640,Walk-in,Converted,2024-08-11 00:00:00,Interested in HL
YESB45542935,Walk-in,Converted,2024-03-28 00:00:00,KYC Pending
YESB68382026,Walk-in,Lost,2024-12-08 00:00:00,KYC Pending
YESB45663257,Digital Campaign,In Progress,2024-11-25 00:00:00,Called for FD
YESB71438030,Walk-in,In Progress,2024-11-16 00:00:00,KYC Pending
YESB50038711,Digital Campaign,In Progress,2024-11-27 00:00:00,Interested in HL
YESB85871243,Digital Campaign,In Progress,2024-08-14 00:00:00,Wait for salary credit
YESB88867703,Referral,In Progress,2024-11-26 00:00:00,Called for FD
YESB62479497,Referral,Converted,2024-06-20 00:00:00,Interested in HL
YESB27058744,Digital Campaign,In Progress,2024-02-13 00:00:00,Called for FD
YESB90832953,Walk-in,Lost,2024-06-21 00:00:00,Interested in HL
YESB85057959,Digital Campaign,Converted,2024-02-13 00:00:00,KYC Pending
YESB34719190,Walk-in,Converted,2024-03-27 00:00:00,Wait for salary credit
YESB61953495,Walk-in,Converted,2024-10-22 00:00:00,Interested in HL
YESB30440932,Referral,Converted,2024-08-13 00:00:00,KYC Pending
YESB81964083,Digital Campaign,Converted,2024-06-26 00:00:00,KYC Pending
YESB73444792,Digital Campaign,In Progress,2024-08-02 00:00:00,KYC Pending
YESB97794691,Walk-in,Converted,2024-09-07 00:00:00,KYC Pending
YESB57787085,Referral,Converted,2024-02-11 00:00:00,Interested in HL
YESB81969944,Referral,In Progress,2024-03-21 00:00:00,Wait for salary credit
YESB27332376,Referral,In Progress,2024-09-06 00:00:00,KYC Pending
YESB60385540,Walk-in,In Progress,2024-08-30 00:00:00,Called for FD
YESB62032456,Walk-in,In Progress,2024-01-03 00:00:00,Interested in HL
YESB43652709,Referral,Converted,2024-06-30 00:00:00,KYC Pending
YESB60446468,Digital Campaign,Converted,2024-05-10 00:00:00,Interested in HL
YESB57768783,Digital Campaign,Converted,2024-11-18 00:00:00,Wait for salary credit
YESB84400209,Walk-in,In Progress,2024-05-01 00:00:00,KYC Pending
YESB90813549,Walk-in,Converted,2024-07-23 00:00:00,KYC Pending
YESB95274898,Digital Campaign,In Progress,2024-05-16 00:00:00,Called for FD
YESB45988661,Walk-in,In Progress,2024-11-15 00:00:00,Called for FD
YESB62894138,Referral,Converted,2024-10-28 00:00:00,Interested in HL
YESB20359960,Referral,Converted,2024-06-18 00:00:00,Wait for salary credit
YESB92669609,Walk-in,Converted,2024-09-23 00:00:00,Called for FD
YESB66017052,Digital Campaign,Converted,2024-02-06 00:00:00,Wait for salary credit
YESB35703753,Walk-in,Lost,2024-01-30 00:00:00,KYC Pending
YESB28338764,Referral,Converted,2024-06-03 00:00:00,Interested in HL
YESB91555203,Digital Campaign,Lost,2024-07-05 00:00:00,Called for FD
YESB98064847,Digital Campaign,In Progress,2024-04-09 00:00:00,Wait for salary credit
YESB88751190,Walk-in,Converted,2024-02-01 00:00:00,Wait for salary credit
YESB89103573,Digital Campaign,Lost,2024-09-21 00:00:00,Called for FD
YESB19992129,Referral,Converted,2024-11-11 00:00:00,Wait for salary credit
YESB97198795,Walk-in,Converted,2024-12-11 00:00:00,Called for FD
YESB52765275,Digital Campaign,Lost,2024-10-23 00:00:00,Interested in HL
YESB89275626,Walk-in,In Progress,2024-09-07 00:00:00,Called for FD
YESB76568204,Walk-in,In Progress,2024-06-02 00:00:00,Interested in HL
YESB32205311,Walk-in,Lost,2024-10-02 00:00:00,Interested in HL
YESB49921304,Walk-in,In Progress,2024-10-02 00:00:00,Called for FD
YESB21960948,Digital Campaign,Converted,2024-12-27 00:00:00,Called for FD
YESB52200568,Digital Campaign,Lost,2024-01-06 00:00:00,Called for FD
YESB35074811,Walk-in,Converted,2024-09-15 00:00:00,Interested in HL
YESB27646124,Digital Campaign,Lost,2024-09-17 00:00:00,Wait for salary credit
YESB32869701,Walk-in,Lost,2024-03-14 00:00:00,Wait for salary credit
YESB14604704,Referral,In Progress,2024-06-30 00:00:00,Called for FD
YESB82878101,Digital Campaign,In Progress,2024-03-29 00:00:00,KYC Pending
YESB19778065,Walk-in,In Progress,2024-10-26 00:00:00,Called for FD
YESB47729125,Digital Campaign,Lost,2024-02-05 00:00:00,KYC Pending
YESB26084179,Referral,In Progress,2024-10-16 00:00:00,Wait for salary credit
YESB61429874,Referral,Lost,2024-03-10 00:00:00,KYC Pending
YESB52536767,Referral,Converted,2024-10-09 00:00:00,Interested in HL
YESB82651461,Referral,Lost,2024-07-01 00:00:00,KYC Pending
YESB30720360,Walk-in,In Progress,2024-06-13 00:00:00,KYC Pending
YESB48543849,Referral,Lost,2024-07-16 00:00:00,KYC Pending
YESB72358923,Walk-in,In Progress,2024-12-26 00:00:00,Called for FD
YESB59477358,Walk-in,Converted,2024-09-12 00:00:00,Interested in HL
YESB24594716,Walk-in,Converted,2024-06-30 00:00:00,KYC Pending
YESB39482420,Digital Campaign,Converted,2024-12-08 00:00:00,Called for FD
YESB95905815,Referral,Lost,2024-09-04 00:00:00,Wait for salary credit
YESB24812213,Referral,Converted,2024-08-17 00:00:00,Wait for salary credit
YESB66953853,Walk-in,Converted,2024-12-22 00:00:00,Interested in HL
YESB70173148,Walk-in,Converted,2024-04-08 00:00:00,Wait for salary credit
YESB47659941,Digital Campaign,Lost,2024-08-24 00:00:00,Called for FD
YESB18376592,Digital Campaign,Converted,2024-12-19 00:00:00,Wait for salary credit
YESB76371839,Walk-in,Converted,2024-04-27 00:00:00,Called for FD
YESB61000366,Walk-in,In Progress,2024-11-26 00:00:00,Interested in HL
YESB98730969,Referral,Lost,2024-12-29 00:00:00,KYC Pending
YESB34812494,Digital Campaign,In Progress,2024-02-08 00:00:00,KYC Pending
YESB33169927,Digital Campaign,Converted,2024-11-04 00:00:00,Called for FD
YESB47113854,Referral,In Progress,2024-05-13 00:00:00,Wait for salary credit
YESB47443023,Digital Campaign,Lost,2024-05-14 00:00:00,Wait for salary credit
YESB46326396,Referral,Lost,2024-04-23 00:00:00,Called for FD
YESB14493776,Walk-in,Converted,2024-01-23 00:00:00,Called for FD
YESB41880852,Walk-in,In Progress,2024-02-02 00:00:00,Wait for salary credit
YESB59626375,Digital Campaign,In Progress,2024-04-15 00:00:00,Interested in HL
YESB76297647,Walk-in,In Progress,2024-02-10 00:00:00,Interested in HL
YESB21982907,Digital Campaign,In Progress,2024-01-12 00:00:00,KYC Pending
YESB29275264,Walk-in,In Progress,2024-10-30 00:00:00,Interested in HL
YESB81265005,Digital Campaign,Converted,2024-11-09 00:00:00,KYC Pending
YESB62486003,Digital Campaign,Converted,2024-11-09 00:00:00,Interested in HL
YESB44840716,Walk-in,In Progress,2024-12-30 00:00:00,KYC Pending
YESB97022567,Walk-in,Converted,2024-08-13 00:00:00,Called for FD
YESB81582890,Referral,In Progress,2024-06-06 00:00:00,Called for FD
YESB92055497,Digital Campaign,Converted,2024-03-27 00:00:00,KYC Pending
YESB39449517,Walk-in,Lost,2024-07-04 00:00:00,Wait for salary credit
YESB32521455,Walk-in,In Progress,2024-07-31 00:00:00,Called for FD
YESB86099368,Walk-in,Lost,2024-03-20 00:00:00,Wait for salary credit
YESB66436471,Digital Campaign,In Progress,2024-04-26 00:00:00,KYC Pending
YESB71700700,Referral,In Progress,2024-05-20 00:00:00,Wait for salary credit
YESB71256095,Referral,Lost,2024-09-27 00:00:00,Interested in HL
YESB11792925,Referral,Lost,2024-06-21 00:00:00,Wait for salary credit
YESB71542329,Walk-in,Converted,2024-12-09 00:00:00,Interested in HL
YESB35708432,Digital Campaign,Lost,2024-11-11 00:00:00,Called for FD
YESB92227534,Referral,Converted,2024-03-06 00:00:00,KYC Pending
YESB55096881,Referral,Lost,2024-01-11 00:00:00,Called for FD
YESB72957058,Referral,Converted,2024-09-02 00:00:00,KYC Pending
YESB41793816,Walk-in,In Progress,2024-06-09 00:00:00,Interested in HL
YESB36445911,Digital Campaign,Converted,2024-05-06 00:00:00,Wait for salary credit
YESB64533983,Walk-in,Lost,2024-09-23 00:00:00,Wait for salary credit
YESB11981036,Digital Campaign,In Progress,2024-10-19 00:00:00,Called for FD
YESB80721567,Referral,Converted,2024-10-11 00:00:00,Called for FD
YESB36184629,Referral,Lost,2024-09-15 00:00:00,Interested in HL
YESB35513167,Referral,Converted,2024-07-20 00:00:00,Interested in HL
YESB53500342,Digital Campaign,In Progress,2024-02-16 00:00:00,Called for FD
YESB30624937,Digital Campaign,In Progress,2024-11-30 00:00:00,Called for FD
YESB54461736,Digital Campaign,In Progress,2024-11-12 00:00:00,Wait for salary credit
YESB13556766,Walk-in,Lost,2024-08-17 00:00:00,KYC Pending
YESB77332961,Walk-in,Lost,2024-02-23 00:00:00,Called for FD
YESB24617210,Walk-in,Lost,2024-07-04 00:00:00,Called for FD
YESB47793732,Walk-in,Lost,2024-07-17 00:00:00,KYC Pending
YESB57598608,Referral,Lost,2024-08-15 00:00:00,Interested in HL
YESB60740748,Digital Campaign,In Progress,2024-02-18 00:00:00,KYC Pending
YESB46383401,Digital Campaign,Lost,2024-01-15 00:00:00,Interested in HL
YESB81979590,Walk-in,Converted,2024-12-31 00:00:00,Interested in HL
YESB54267325,Referral,Converted,2024-04-13 00:00:00,Wait for salary credit
YESB88266606,Referral,In Progress,2024-12-09 00:00:00,Interested in HL
YESB14792126,Walk-in,Lost,2024-11-24 00:00:00,Called for FD
YESB63776287,Referral,In Progress,2024-06-27 00:00:00,Interested in HL
YESB67919097,Digital Campaign,In Progress,2024-02-25 00:00:00,Wait for salary credit
YESB85996578,Walk-in,Lost,2024-08-04 00:00:00,Called for FD
YESB18595623,Walk-in,Converted,2024-07-20 00:00:00,Wait for salary credit
YESB27647854,Referral,Lost,2024-06-21 00:00:00,Called for FD
YESB58410355,Walk-in,Converted,2024-02-01 00:00:00,Called for FD
YESB61665489,Referral,In Progress,2024-04-23 00:00:00,KYC Pending
YESB17192860,Walk-in,Converted,2024-03-02 00:00:00,Wait for salary credit
YESB64260004,Referral,In Progress,2024-01-14 00:00:00,Wait for salary credit
YESB50634132,Referral,Converted,2024-05-09 00:00:00,KYC Pending
YESB91898844,Referral,Lost,2024-12-03 00:00:00,Wait for salary credit
YESB75582687,Referral,Lost,2024-05-23 00:00:00,Interested in HL
YESB23847948,Digital Campaign,In Progress,2024-04-07 00:00:00,KYC Pending
YESB59769842,Digital Campaign,In Progress,2024-02-01 00:00:00,Called for FD
YESB29642657,Referral,Converted,2024-04-16 00:00:00,Wait for salary credit
YESB71725472,Digital Campaign,In Progress,2024-05-13 00:00:00,Interested in HL
YESB49905006,Referral,Converted,2024-05-06 00:00:00,Called for FD
YESB20800633,Referral,In Progress,2024-05-20 00:00:00,KYC Pending
YESB73921293,Referral,Lost,2024-12-04 00:00:00,Called for FD
YESB37600555,Digital Campaign,In Progress,2024-02-27 00:00:00,Interested in HL
YESB51648306,Walk-in,Converted,2024-11-30 00:00:00,KYC Pending
YESB20214239,Walk-in,Lost,2024-12-31 00:00:00,Interested in HL
YESB55018397,Digital Campaign,In Progress,2024-12-29 00:00:00,Wait for salary credit
YESB91119666,Digital Campaign,Lost,2024-01-16 00:00:00,Called for FD
YESB56490099,Walk-in,Lost,2024-03-22 00:00:00,Called for FD
YESB28295541,Referral,Lost,2024-05-30 00:00:00,Wait for salary credit
YESB45860901,Digital Campaign,In Progress,2024-01-15 00:00:00,Interested in HL
YESB90846625,Digital Campaign,Converted,2024-04-29 00:00:00,Interested in HL
YESB49048778,Referral,Lost,2024-07-08 00:00:00,Interested in HL
YESB15017599,Walk-in,Converted,2024-06-24 00:00:00,Interested in HL
YESB20694753,Referral,Converted,2024-05-06 00:00:00,Wait for salary credit
YESB92924310,Walk-in,In Progress,2024-06-05 00:00:00,Interested in HL
YESB23738019,Digital Campaign,Converted,2024-10-17 00:00:00,Wait for salary credit
YESB72641706,Walk-in,In Progress,2024-02-18 00:00:00,Called for FD
YESB77841138,Referral,In Progress,2024-07-11 00:00:00,Called for FD
YESB94519412,Digital Campaign,Converted,2024-02-29 00:00:00,Wait for salary credit
YESB23049784,Digital Campaign,Lost,2024-05-19 00:00:00,Interested in HL
YESB66703408,Digital Campaign,Lost,2024-05-12 00:00:00,KYC Pending
YESB76390697,Walk-in,In Progress,2024-08-16 00:00:00,Called for FD
YESB33505791,Digital Campaign,Lost,2024-11-18 00:00:00,Interested in HL
YESB69605292,Walk-in,Lost,2024-02-04 00:00:00,Interested in HL
YESB10201153,Walk-in,In Progress,2024-10-09 00:00:00,Interested in HL
YESB24084982,Referral,Lost,2024-03-18 00:00:00,Wait for salary credit
YESB60851582,Walk-in,In Progress,2024-08-28 00:00:00,Called for FD
YESB44817473,Walk-in,In Progress,2024-11-25 00:00:00,KYC Pending
YESB99741919,Digital Campaign,Converted,2024-11-16 00:00:00,Called for FD
YESB12243177,Referral,Lost,2024-01-09 00:00:00,Called for FD
YESB40904930,Digital Campaign,Lost,2024-04-18 00:00:00,Interested in HL
YESB97628034,Referral,In Progress,2024-09-26 00:00:00,KYC Pending
YESB91187899,Referral,Lost,2024-12-17 00:00:00,Interested in HL
YESB13735447,Walk-in,Lost,2024-08-20 00:00:00,KYC Pending
YESB62598341,Digital Campaign,In Progress,2024-07-25 00:00:00,Called for FD
YESB12945652,Digital Campaign,Converted,2024-02-27 00:00:00,Wait for salary credit
YESB63524683,Referral,Lost,2024-03-28 00:00:00,Wait for salary credit
YESB10276927,Walk-in,In Progress,2024-04-22 00:00:00,KYC Pending
YESB39453912,Referral,In Progress,2024-01-09 00:00:00,Wait for salary credit
YESB27830254,Digital Campaign,In Progress,2024-03-11 00:00:00,Interested in HL
YESB78029123,Walk-in,Lost,2024-04-12 00:00:00,KYC Pending
YESB96646102,Referral,In Progress,2024-01-31 00:00:00,Wait for salary credit
YESB79845004,Digital Campaign,Lost,2024-12-30 00:00:00,Interested in HL
YESB35243936,Walk-in,Lost,2024-07-22 00:00:00,Called for FD
YESB81665121,Referral,In Progress,2024-10-01 00:00:00,Wait for salary credit
YESB47969219,Referral,In Progress,2024-06-06 00:00:00,Wait for salary credit
YESB89819205,Walk-in,In Progress,2024-11-28 00:00:00,Wait for salary credit
YESB68889912,Referral,Lost,2024-03-12 00:00:00,Called for FD
YESB52319858,Referral,Lost,2024-02-28 00:00:00,Interested in HL
YESB39441327,Referral,Converted,2024-01-19 00:00:00,Interested in HL
YESB62400202,Digital Campaign,Converted,2024-11-29 00:00:00,KYC Pending
YESB35026216,Referral,Converted,2024-02-02 00:00:00,Interested in HL
YESB22694949,Referral,Converted,2024-02-02 00:00:00,Wait for salary credit
YESB12893467,Digital Campaign,Lost,2024-11-14 00:00:00,Called for FD
YESB27432553,Referral,Lost,2024-04-24 00:00:00,KYC Pending
YESB67341784,Referral,Converted,2024-08-17 00:00:00,Wait for salary credit
YESB15737804,Referral,Lost,2024-01-03 00:00:00,Called for FD
YESB24223035,Referral,Converted,2024-03-31 00:00:00,Interested in HL
YESB73725941,Referral,In Progress,2024-11-11 00:00:00,Interested in HL
YESB75417741,Digital Campaign,Lost,2024-12-17 00:00:00,Wait for salary credit
YESB13512715,Referral,In Progress,2024-07-29 00:00:00,Wait for salary credit
YESB72497676,Referral,Lost,2024-10-06 00:00:00,Wait for salary credit
YESB98744009,Digital Campaign,In Progress,2024-03-03 00:00:00,Interested in HL
YESB79904601,Referral,Lost,2024-02-28 00:00:00,Interested in HL
YESB52229201,Digital Campaign,Converted,2024-06-16 00:00:00,Interested in HL
YESB23962952,Walk-in,Converted,2024-02-18 00:00:00,Called for FD
YESB12728795,Referral,Converted,2024-04-16 00:00:00,KYC Pending
YESB72461773,Walk-in,Lost,2024-12-16 00:00:00,Interested in HL
YESB97054842,Walk-in,Lost,2024-02-02 00:00:00,Interested in HL
YESB56041935,Referral,Lost,2024-11-11 00:00:00,Called for FD
YESB61316392,Referral,Converted,2024-03-26 00:00:00,Wait for salary credit
YESB76057860,Digital Campaign,Converted,2024-03-29 00:00:00,Called for FD
YESB49477882,Referral,Lost,2024-01-27 00:00:00,Interested in HL
YESB37250328,Walk-in,Lost,2024-05-11 00:00:00,Called for FD
YESB40392474,Referral,Converted,2024-07-19 00:00:00,KYC Pending
YESB55846943,Walk-in,Lost,2024-01-03 00:00:00,Interested in HL
YESB24515211,Referral,Converted,2024-04-30 00:00:00,Called for FD
YESB17778714,Digital Campaign,In Progress,2024-11-05 00:00:00,Wait for salary credit
YESB97955896,Referral,Converted,2024-12-11 00:00:00,Called for FD
YESB72360681,Digital Campaign,In Progress,2024-08-19 00:00:00,Interested in HL
YESB58779727,Walk-in,Lost,2024-03-21 00:00:00,Interested in HL
YESB45584907,Walk-in,Lost,2024-11-23 00:00:00,KYC Pending
YESB51587855,Walk-in,Converted,2024-04-04 00:00:00,Interested in HL
YESB78547911,Digital Campaign,Lost,2024-05-06 00:00:00,KYC Pending
YESB30578845,Referral,Lost,2024-06-09 00:00:00,KYC Pending
YESB86856935,Walk-in,Lost,2024-05-21 00:00:00,Wait for salary credit
YESB43169085,Walk-in,In Progress,2024-02-29 00:00:00,KYC Pending
YESB88252947,Walk-in,In Progress,2024-10-23 00:00:00,Interested in HL
YESB10462815,Walk-in,In Progress,2024-09-16 00:00:00,Interested in HL
YESB13601586,Digital Campaign,Converted,2024-08-01 00:00:00,Interested in HL
YESB11349552,Digital Campaign,In Progress,2024-08-26 00:00:00,Interested in HL
YESB47443196,Walk-in,Lost,2024-01-05 00:00:00,KYC Pending
YESB87170298,Walk-in,Lost,2024-07-18 00:00:00,Wait for salary credit
YESB50163135,Digital Campaign,Lost,2024-12-21 00:00:00,KYC Pending
YESB99201085,Digital Campaign,In Progress,2024-03-07 00:00:00,Interested in HL
YESB93432500,Walk-in,In Progress,2024-11-08 00:00:00,Wait for salary credit
YESB46308237,Walk-in,Converted,2024-12-07 00:00:00,KYC Pending
YESB22976399,Referral,Lost,2024-03-21 00:00:00,Called for FD
YESB42797996,Walk-in,In Progress,2024-10-14 00:00:00,Called for FD
YESB99621891,Walk-in,In Progress,2024-04-15 00:00:00,Interested in HL
YESB29311188,Walk-in,Converted,2024-03-26 00:00:00,Interested in HL
YESB55284391,Digital Campaign,Converted,2024-04-21 00:00:00,Wait for salary credit
YESB16933249,Digital Campaign,Converted,2024-04-02 00:00:00,Called for FD
YESB88378743,Walk-in,In Progress,2024-05-23 00:00:00,Wait for salary credit
YESB54064912,Digital Campaign,Converted,2024-01-28 00:00:00,Wait for salary credit
YESB38261914,Referral,In Progress,2024-02-03 00:00:00,Called for FD
YESB79558094,Walk-in,Converted,2024-03-06 00:00:00,Called for FD
YESB34957340,Referral,Lost,2024-05-13 00:00:00,KYC Pending
YESB38323606,Referral,In Progress,2024-08-04 00:00:00,Interested in HL
YESB74167433,Walk-in,In Progress,2024-09-21 00:00:00,KYC Pending
YESB67280209,Digital Campaign,In Progress,2024-03-05 00:00:00,KYC Pending
YESB75136741,Referral,Converted,2024-07-23 00:00:00,Interested in HL
YESB39026720,Referral,In Progress,2024-01-21 00:00:00,KYC Pending
YESB26368801,Referral,Lost,2024-10-12 00:00:00,Wait for salary credit
YESB99782581,Walk-in,Lost,2024-12-18 00:00:00,Called for FD
YESB88723923,Digital Campaign,In Progress,2024-08-19 00:00:00,Called for FD
YESB93788219,Digital Campaign,Converted,2024-07-11 00:00:00,Interested in HL
YESB21065393,Digital Campaign,Converted,2024-02-25 00:00:00,Wait for salary credit
YESB84394162,Referral,Converted,2024-10-03 00:00:00,Called for FD
YESB18717633,Digital Campaign,In Progress,2024-05-17 00:00:00,Wait for salary credit
YESB75215242,Walk-in,Lost,2024-07-31 00:00:00,Wait for salary credit
YESB59427754,Referral,In Progress,2024-11-29 00:00:00,Called for FD
YESB77670377,Walk-in,In Progress,2024-04-08 00:00:00,Wait for salary credit
YESB26300440,Referral,In Progress,2024-12-15 00:00:00,KYC Pending
YESB45517579,Walk-in,In Progress,2024-10-18 00:00:00,Interested in HL
YESB65154881,Referral,Converted,2024-04-05 00:00:00,Called for FD
YESB28811984,Digital Campaign,Lost,2024-10-08 00:00:00,KYC Pending
YESB32668709,Referral,Converted,2024-06-06 00:00:00,KYC Pending
YESB50283287,Referral,Lost,2024-07-08 00:00:00,Called for FD
YESB22955161,Walk-in,Lost,2024-05-08 00:00:00,KYC Pending
YESB64678506,Walk-in,Converted,2024-05-31 00:00:00,Wait for salary credit
YESB88822225,Referral,In Progress,2024-05-24 00:00:00,KYC Pending
YESB30764239,Walk-in,In Progress,2024-11-19 00:00:00,Interested in HL
YESB96331815,Referral,Lost,2024-09-07 00:00:00,Wait for salary credit
YESB69186432,Digital Campaign,Lost,2024-04-06 00:00:00,KYC Pending
YESB35985218,Referral,Converted,2024-11-09 00:00:00,Called for FD
YESB35139368,Digital Campaign,Converted,2024-11-02 00:00:00,Wait for salary credit
YESB33343401,Walk-in,In Progress,2024-08-31 00:00:00,Interested in HL
YESB27175641,Walk-in,In Progress,2024-08-30 00:00:00,Wait for salary credit
YESB79694646,Referral,Lost,2024-10-12 00:00:00,KYC Pending
YESB49027547,Walk-in,Converted,2024-04-17 00:00:00,Called for FD
YESB47181215,Referral,Lost,2024-08-08 00:00:00,KYC Pending
YESB49171377,Digital Campaign,In Progress,2024-12-14 00:00:00,KYC Pending
YESB14526498,Digital Campaign,In Progress,2024-10-28 00:00:00,Wait for salary credit
YESB19920771,Digital Campaign,In Progress,2024-06-17 00:00:00,KYC Pending
YESB78153332,Walk-in,Lost,2024-12-30 00:00:00,KYC Pending
YESB14076459,Digital Campaign,Converted,2024-04-06 00:00:00,Interested in HL
YESB94796798,Digital Campaign,Converted,2024-11-30 00:00:00,Called for FD
YESB86165178,Referral,Converted,2024-03-31 00:00:00,Wait for salary credit
YESB66943032,Referral,Converted,2024-11-14 00:00:00,Called for FD
YESB58431123,Referral,Lost,2024-06-17 00:00:00,Interested in HL
YESB60596896,Referral,Lost,2024-10-12 00:00:00,Interested in HL
YESB92960764,Digital Campaign,In Progress,2024-02-23 00:00:00,KYC Pending
YESB92181805,Referral,In Progress,2024-12-28 00:00:00,Called for FD
YESB61346276,Referral,In Progress,2024-02-09 00:00:00,Called for FD
YESB59367757,Walk-in,Converted,2024-12-22 00:00:00,Wait for salary credit
YESB73867775,Referral,In Progress,2024-05-06 00:00:00,Wait for salary credit
YESB93098109,Walk-in,Converted,2024-12-09 00:00:00,Called for FD
YESB99127281,Digital Campaign,Lost,2024-04-30 00:00:00,Wait for salary credit
YESB21916532,Digital Campaign,In Progress,2024-10-07 00:00:00,Called for FD
YESB73168875,Walk-in,Converted,2024-04-06 00:00:00,Wait for salary credit
YESB61021649,Digital Campaign,Converted,2024-02-01 00:00:00,Called for FD
YESB38629703,Walk-in,Lost,2024-10-24 00:00:00,Interested in HL
YESB66149792,Walk-in,Lost,2024-02-03 00:00:00,Called for FD
YESB24333751,Referral,Converted,2024-07-09 00:00:00,Interested in HL
YESB95023967,Digital Campaign,In Progress,2024-08-17 00:00:00,Interested in HL
YESB79923241,Walk-in,Lost,2024-03-20 00:00:00,Called for FD
YESB20087818,Referral,Lost,2024-04-25 00:00:00,Wait for salary credit
YESB63240799,Referral,Converted,2024-08-04 00:00:00,Called for FD
YESB70585416,Walk-in,Lost,2024-11-22 00:00:00,Called for FD
YESB51264341,Referral,In Progress,2024-03-03 00:00:00,KYC Pending
YESB58908336,Walk-in,Lost,2024-02-24 00:00:00,Interested in HL
YESB46290301,Digital Campaign,In Progress,2024-09-01 00:00:00,KYC Pending
YESB95277012,Walk-in,In Progress,2024-05-08 00:00:00,KYC Pending
YESB41493015,Digital Campaign,In Progress,2024-08-01 00:00:00,Interested in HL
YESB37662462,Digital Campaign,Lost,2024-02-10 00:00:00,Called for FD
YESB77297114,Walk-in,In Progress,2024-07-15 00:00:00,Wait for salary credit
YESB86839636,Digital Campaign,In Progress,2024-09-29 00:00:00,Wait for salary credit
YESB66943032,Referral,In Progress,2024-11-20 00:00:00,Wait for salary credit
YESB72524963,Digital Campaign,In Progress,2024-07-30 00:00:00,Interested in HL
YESB82740966,Digital Campaign,In Progress,2024-01-27 00:00:00,Interested in HL
YESB65576869,Digital Campaign,Lost,2024-05-01 00:00:00,Interested in HL
YESB18498758,Walk-in,In Progress,2024-10-16 00:00:00,Interested in HL
YESB81497487,Digital Campaign,Converted,2024-05-04 00:00:00,Called for FD
YESB64950046,Digital Campaign,Lost,2024-07-21 00:00:00,Called for FD
YESB81579761,Referral,Lost,2024-03-23 00:00:00,Wait for salary credit
YESB63843614,Walk-in,In Progress,2024-06-24 00:00:00,Wait for salary credit
YESB57036208,Referral,Lost,2024-07-14 00:00:00,Called for FD
YESB48738359,Digital Campaign,Converted,2024-06-29 00:00:00,Wait for salary credit
YESB83624537,Digital Campaign,In Progress,2024-12-21 00:00:00,Called for FD
YESB98779945,Walk-in,In Progress,2024-05-17 00:00:00,Wait for salary credit
YESB21455102,Digital Campaign,In Progress,2024-03-18 00:00:00,Called for FD
YESB38040180,Digital Campaign,In Progress,2024-07-22 00:00:00,KYC Pending
YESB56337312,Digital Campaign,In Progress,2024-02-06 00:00:00,KYC Pending
YESB35881884,Walk-in,In Progress,2024-03-16 00:00:00,KYC Pending
YESB46031760,Walk-in,Converted,2024-07-04 00:00:00,Called for FD
YESB33141350,Digital Campaign,Converted,2024-05-24 00:00:00,Wait for salary credit
YESB81542988,Digital Campaign,In Progress,2024-07-22 00:00:00,Interested in HL
YESB86516827,Digital Campaign,In Progress,2024-03-09 00:00:00,Wait for salary credit
YESB44539266,Digital Campaign,Lost,2024-04-22 00:00:00,Interested in HL
YESB94996241,Digital Campaign,In Progress,2024-03-29 00:00:00,KYC Pending
YESB90681066,Walk-in,Converted,2024-10-30 00:00:00,KYC Pending
YESB79820431,Walk-in,Converted,2024-05-11 00:00:00,Called for FD
YESB51731329,Walk-in,Lost,2024-08-12 00:00:00,Wait for salary credit
YESB10564962,Referral,In Progress,2024-02-11 00:00:00,Called for FD
YESB31048760,Digital Campaign,Lost,2024-11-26 00:00:00,Called for FD
YESB70150312,Digital Campaign,Converted,2024-12-05 00:00:00,KYC Pending
YESB61512766,Walk-in,In Progress,2024-03-25 00:00:00,Interested in HL
YESB38415437,Digital Campaign,In Progress,2024-11-01 00:00:00,KYC Pending
YESB35735403,Digital Campaign,Converted,2024-09-17 00:00:00,Wait for salary credit
YESB31082903,Referral,Lost,2024-01-07 00:00:00,KYC Pending
YESB71443347,Referral,In Progress,2024-07-03 00:00:00,Called for FD
YESB80963753,Walk-in,In Progress,2024-02-10 00:00:00,Interested in HL
YESB75619884,Digital Campaign,In Progress,2024-12-31 00:00:00,Interested in HL
YESB94121324,Referral,Converted,2024-11-03 00:00:00,Called for FD
YESB33929371,Digital Campaign,Lost,2024-05-08 00:00:00,Interested in HL
YESB21326289,Referral,In Progress,2024-03-30 00:00:00,KYC Pending
YESB49784942,Referral,In Progress,2024-06-13 00:00:00,Wait for salary credit
YESB15534018,Referral,In Progress,2024-03-28 00:00:00,Called for FD
YESB70388420,Digital Campaign,In Progress,2024-11-15 00:00:00,Called for FD
YESB66874597,Walk-in,In Progress,2024-12-09 00:00:00,Wait for salary credit
YESB47036582,Digital Campaign,In Progress,2024-07-27 00:00:00,Wait for salary credit
YESB28334425,Walk-in,In Progress,2024-12-15 00:00:00,KYC Pending
YESB69328457,Walk-in,Converted,2024-12-12 00:00:00,Called for FD
YESB76146959,Walk-in,Converted,2024-09-08 00:00:00,Wait for salary credit
YESB54532915,Walk-in,In Progress,2024-08-18 00:00:00,KYC Pending
YESB31629091,Walk-in,In Progress,2024-08-17 00:00:00,Wait for salary credit
YESB82461531,Referral,Converted,2024-11-28 00:00:00,Interested in HL
YESB45714552,Referral,Converted,2024-12-30 00:00:00,Interested in HL
YESB80004419,Digital Campaign,In Progress,2024-11-20 00:00:00,Interested in HL
YESB95249163,Walk-in,Lost,2024-12-14 00:00:00,Interested in HL
YESB22194630,Digital Campaign,Converted,2024-11-05 00:00:00,Called for FD
YESB85618823,Walk-in,Converted,2024-09-02 00:00:00,KYC Pending
YESB26144578,Walk-in,Converted,2024-10-07 00:00:00,Wait for salary credit
YESB35193363,Referral,Lost,2024-12-15 00:00:00,Called for FD
YESB69783879,Referral,Lost,2024-02-02 00:00:00,Called for FD
YESB11186315,Referral,Converted,2024-03-07 00:00:00,Called for FD
YESB53829879,Digital Campaign,Converted,2024-08-09 00:00:00,Called for FD
YESB77721911,Walk-in,Lost,2024-05-01 00:00:00,Wait for salary credit
YESB58972547,Referral,Lost,2024-04-15 00:00:00,Interested in HL
YESB31631723,Digital Campaign,Lost,2024-01-16 00:00:00,Called for FD
YESB41572448,Digital Campaign,In Progress,2024-01-11 00:00:00,Interested in HL
YESB85172764,Walk-in,In Progress,2024-07-15 00:00:00,Interested in HL
YESB74065743,Referral,In Progress,2024-03-24 00:00:00,KYC Pending
YESB37157092,Referral,Converted,2024-07-10 00:00:00,Interested in HL
YESB44677726,Referral,Converted,2024-09-18 00:00:00,KYC Pending
YESB76650393,Walk-in,Converted,2024-08-20 00:00:00,Interested in HL
YESB23550063,Digital Campaign,In Progress,2024-06-19 00:00:00,Called for FD
YESB22505170,Digital Campaign,In Progress,2024-10-24 00:00:00,Called for FD
YESB52781276,Walk-in,In Progress,2024-10-14 00:00:00,Interested in HL
YESB43364233,Referral,Lost,2024-10-06 00:00:00,Wait for salary credit
YESB96970751,Referral,Lost,2024-04-11 00:00:00,Interested in HL
YESB98687600,Digital Campaign,Converted,2024-11-11 00:00:00,Wait for salary credit
YESB34462865,Digital Campaign,Converted,2024-02-08 00:00:00,Wait for salary credit
YESB29649684,Digital Campaign,Converted,2024-06-27 00:00:00,Interested in HL
YESB34904144,Referral,Lost,2024-10-15 00:00:00,Wait for salary credit
YESB65739523,Referral,Converted,2024-04-27 00:00:00,Interested in HL
YESB58607812,Walk-in,In Progress,2024-09-15 00:00:00,Wait for salary credit
YESB30526470,Walk-in,Converted,2024-06-14 00:00:00,Interested in HL
YESB77612664,Digital Campaign,Converted,2024-05-03 00:00:00,Wait for salary credit
YESB10689585,Walk-in,Lost,2024-02-14 00:00:00,Called for FD
YESB99850763,Digital Campaign,Lost,2024-11-17 00:00:00,Interested in HL
YESB81923590,Digital Campaign,In Progress,2024-02-27 00:00:00,Wait for salary credit
YESB93856140,Digital Campaign,In Progress,2024-03-28 00:00:00,KYC Pending
YESB95283672,Referral,Converted,2024-03-22 00:00:00,KYC Pending
YESB78464543,Referral,Converted,2024-11-17 00:00:00,KYC Pending
YESB10083047,Digital Campaign,In Progress,2024-08-09 00:00:00,KYC Pending
YESB41201070,Referral,In Progress,2024-08-13 00:00:00,Wait for salary credit
YESB66289468,Digital Campaign,In Progress,2024-01-29 00:00:00,KYC Pending
YESB56004820,Digital Campaign,In Progress,2024-06-25 00:00:00,KYC Pending
YESB28269029,Walk-in,Converted,2024-09-12 00:00:00,Wait for salary credit
YESB40126969,Referral,In Progress,2024-04-26 00:00:00,Wait for salary credit
YESB59489168,Referral,In Progress,2024-11-20 00:00:00,Interested in HL
YESB24685331,Referral,Lost,2024-12-27 00:00:00,Wait for salary credit
YESB42432871,Digital Campaign,In Progress,2024-12-22 00:00:00,KYC Pending
YESB18388206,Referral,Converted,2024-03-27 00:00:00,Called for FD
YESB96140833,Referral,Converted,2024-03-29 00:00:00,Interested in HL
YESB96937990,Digital Campaign,Converted,2024-04-21 00:00:00,Called for FD
YESB61338524,Referral,In Progress,2024-11-14 00:00:00,Wait for salary credit
YESB11792925,Digital Campaign,In Progress,2024-10-06 00:00:00,Interested in HL
YESB43109808,Walk-in,In Progress,2024-08-17 00:00:00,Wait for salary credit
YESB23748162,Walk-in,Converted,2024-02-28 00:00:00,KYC Pending
YESB73515801,Digital Campaign,In Progress,2024-01-23 00:00:00,KYC Pending
YESB98230838,Referral,Lost,2024-05-25 00:00:00,Called for FD
YESB43321966,Referral,Converted,2024-11-21 00:00:00,KYC Pending
YESB43824700,Digital Campaign,In Progress,2024-08-18 00:00:00,Interested in HL
YESB10123481,Referral,Lost,2024-11-27 00:00:00,Interested in HL
YESB33133206,Referral,Converted,2024-07-12 00:00:00,KYC Pending
YESB64504520,Digital Campaign,Lost,2024-07-30 00:00:00,KYC Pending
YESB34999261,Referral,Converted,2024-07-18 00:00:00,KYC Pending
YESB38562360,Referral,Lost,2024-07-24 00:00:00,KYC Pending
YESB26501451,Digital Campaign,Converted,2024-11-21 00:00:00,Interested in HL
YESB18212868,Walk-in,In Progress,2024-03-11 00:00:00,Called for FD
YESB35594459,Digital Campaign,In Progress,2024-10-09 00:00:00,Interested in HL
YESB80749984,Referral,In Progress,2024-09-21 00:00:00,Interested in HL
YESB92439908,Walk-in,Converted,2024-11-04 00:00:00,Interested in HL
YESB80338710,Referral,Converted,2024-06-06 00:00:00,Interested in HL
YESB84696112,Walk-in,Lost,2024-12-15 00:00:00,Called for FD
YESB24515762,Referral,Lost,2024-07-22 00:00:00,Called for FD
YESB73104536,Walk-in,Lost,2024-03-01 00:00:00,KYC Pending
YESB15265903,Referral,Converted,2024-09-18 00:00:00,Called for FD
YESB60642623,Digital Campaign,Converted,2024-02-16 00:00:00,Called for FD
YESB26626334,Walk-in,In Progress,2024-11-23 00:00:00,Interested in HL
YESB27080615,Walk-in,Converted,2024-12-19 00:00:00,Called for FD
YESB52555563,Digital Campaign,Lost,2024-01-31 00:00:00,KYC Pending
YESB19779352,Referral,Lost,2024-09-20 00:00:00,KYC Pending
YESB65391831,Referral,In Progress,2024-02-18 00:00:00,Called for FD
YESB36829784,Digital Campaign,Lost,2024-11-28 00:00:00,KYC Pending
YESB49186240,Referral,In Progress,2024-09-17 00:00:00,Called for FD
YESB27732169,Referral,Converted,2024-09-09 00:00:00,Called for FD
YESB82848126,Referral,Lost,2024-06-04 00:00:00,Wait for salary credit
YESB76078526,Referral,Converted,2024-03-12 00:00:00,Called for FD
YESB56036229,Walk-in,Converted,2024-07-24 00:00:00,Wait for salary credit
YESB85512397,Referral,In Progress,2024-10-23 00:00:00,Wait for salary credit
YESB48363856,Referral,In Progress,2024-01-21 00:00:00,Called for FD
YESB98058577,Digital Campaign,Lost,2024-06-13 00:00:00,Called for FD
YESB55744419,Digital Campaign,Lost,2024-12-07 00:00:00,Interested in HL
YESB30019197,Referral,Converted,2024-11-10 00:00:00,KYC Pending
YESB35540124,Referral,In Progress,2024-09-11 00:00:00,Interested in HL
YESB99457966,Digital Campaign,In Progress,2024-05-20 00:00:00,Called for FD
YESB96439434,Referral,In Progress,2024-11-30 00:00:00,Called for FD
YESB83528385,Referral,Lost,2024-07-03 00:00:00,KYC Pending
YESB48259652,Walk-in,Lost,2024-08-21 00:00:00,Called for FD
YESB62657412,Digital Campaign,In Progress,2024-11-08 00:00:00,Interested in HL
YESB18055716,Referral,Converted,2024-11-24 00:00:00,KYC Pending
YESB18382441,Digital Campaign,Lost,2024-02-29 00:00:00,KYC Pending
YESB89742897,Digital Campaign,Lost,2024-10-05 00:00:00,KYC Pending
YESB43229244,Referral,Converted,2024-03-13 00:00:00,KYC Pending
YESB85396771,Walk-in,Converted,2024-04-05 00:00:00,Called for FD
YESB29037642,Referral,Lost,2024-05-26 00:00:00,Wait for salary credit
YESB98590315,Walk-in,Lost,2024-07-25 00:00:00,Interested in HL
YESB53546467,Walk-in,Lost,2024-08-18 00:00:00,Interested in HL
YESB96548990,Digital Campaign,Converted,2024-01-28 00:00:00,Interested in HL
YESB73212498,Digital Campaign,Converted,2024-06-19 00:00:00,Wait for salary credit
YESB10915851,Digital Campaign,Converted,2024-07-19 00:00:00,Wait for salary credit
YESB16122943,Referral,In Progress,2024-09-01 00:00:00,KYC Pending
YESB97738093,Referral,In Progress,2024-11-04 00:00:00,KYC Pending
YESB37629553,Walk-in,Converted,2024-04-01 00:00:00,Called for FD
YESB51056087,Referral,In Progress,2024-03-06 00:00:00,Interested in HL
YESB21915381,Referral,In Progress,2024-05-15 00:00:00,KYC Pending
YESB51971736,Walk-in,Converted,2024-10-27 00:00:00,Interested in HL
YESB25649062,Referral,Converted,2024-01-08 00:00:00,Wait for salary credit
YESB50758410,Walk-in,In Progress,2024-07-27 00:00:00,Wait for salary credit
YESB33629501,Walk-in,Lost,2024-05-26 00:00:00,Called for FD
YESB13752389,Digital Campaign,In Progress,2024-09-08 00:00:00,Called for FD
YESB54783243,Digital Campaign,In Progress,2024-01-12 00:00:00,Interested in HL
YESB79578096,Digital Campaign,Converted,2024-08-04 00:00:00,KYC Pending
YESB16923310,Walk-in,Lost,2024-05-18 00:00:00,Interested in HL
YESB14298818,Referral,Converted,2024-06-14 00:00:00,Interested in HL
YESB89186467,Walk-in,Converted,2024-10-12 00:00:00,Interested in HL
YESB12315029,Walk-in,Lost,2024-11-08 00:00:00,Wait for salary credit
YESB63498317,Referral,In Progress,2024-12-11 00:00:00,Wait for salary credit
YESB25171551,Referral,In Progress,2024-01-25 00:00:00,KYC Pending
YESB89181639,Walk-in,Lost,2024-10-05 00:00:00,Wait for salary credit
YESB93500808,Digital Campaign,Converted,2024-10-29 00:00:00,Called for FD
YESB12289674,Referral,Converted,2024-04-13 00:00:00,KYC Pending
YESB17777734,Walk-in,Converted,2024-11-28 00:00:00,Called for FD
YESB80079689,Digital Campaign,In Progress,2024-12-17 00:00:00,Interested in HL
YESB31800377,Walk-in,Lost,2024-01-18 00:00:00,Wait for salary credit
YESB32391535,Walk-in,Lost,2024-12-07 00:00:00,Wait for salary credit
YESB82599043,Walk-in,Converted,2024-02-11 00:00:00,Interested in HL
YESB11926449,Referral,Lost,2024-09-12 00:00:00,Interested in HL
YESB33308838,Walk-in,Lost,2024-03-23 00:00:00,Interested in HL
YESB11218884,Walk-in,In Progress,2024-07-24 00:00:00,Wait for salary credit
YESB97722826,Walk-in,Lost,2024-05-19 00:00:00,KYC Pending
YESB17949412,Walk-in,In Progress,2024-07-03 00:00:00,Called for FD
YESB58749004,Digital Campaign,Converted,2024-01-17 00:00:00,Interested in HL
YESB29534597,Digital Campaign,Lost,2024-10-21 00:00:00,Interested in HL
YESB19665234,Referral,In Progress,2024-08-10 00:00:00,Interested in HL
YESB32653907,Referral,In Progress,2024-01-15 00:00:00,Interested in HL
YESB41572448,Walk-in,Converted,2024-06-12 00:00:00,Interested in HL
YESB66302277,Digital Campaign,Lost,2024-03-10 00:00:00,Interested in HL
YESB20450950,Referral,Lost,2024-04-24 00:00:00,Interested in HL
YESB63643348,Referral,Lost,2024-04-19 00:00:00,KYC Pending
YESB15888824,Digital Campaign,In Progress,2024-04-07 00:00:00,Wait for salary credit
YESB72150518,Walk-in,Converted,2024-03-25 00:00:00,Called for FD
YESB44907746,Walk-in,Converted,2024-01-04 00:00:00,Interested in HL
YESB35426420,Walk-in,Converted,2024-08-14 00:00:00,Interested in HL
YESB45567184,Referral,In Progress,2024-01-25 00:00:00,Wait for salary credit
YESB30284958,Digital Campaign,Lost,2024-11-11 00:00:00,Called for FD
YESB48212556,Walk-in,Converted,2024-12-09 00:00:00,Wait for salary credit
YESB18406912,Referral,In Progress,2024-05-27 00:00:00,Called for FD
YESB72850396,Walk-in,Converted,2024-12-31 00:00:00,Called for FD
YESB63921792,Referral,Lost,2024-04-27 00:00:00,Called for FD
YESB83388916,Walk-in,In Progress,2024-03-28 00:00:00,Wait for salary credit
YESB92186481,Walk-in,Lost,2024-02-03 00:00:00,KYC Pending
YESB46359983,Walk-in,In Progress,2024-03-29 00:00:00,Called for FD
YESB83994146,Walk-in,Converted,2024-08-27 00:00:00,Wait for salary credit
YESB22838767,Referral,Converted,2024-03-13 00:00:00,KYC Pending
YESB14167707,Referral,In Progress,2024-05-28 00:00:00,Wait for salary credit
YESB57642251,Referral,Converted,2024-03-07 00:00:00,Called for FD
YESB88633458,Referral,Lost,2024-01-04 00:00:00,Wait for salary credit
YESB83918728,Walk-in,Converted,2024-04-22 00:00:00,Interested in HL
YESB53363415,Referral,Converted,2024-03-15 00:00:00,KYC Pending
YESB62712240,Digital Campaign,In Progress,2024-09-10 00:00:00,Interested in HL
YESB80105077,Referral,Converted,2024-06-21 00:00:00,Called for FD
YESB87160983,Referral,In Progress,2024-01-24 00:00:00,KYC Pending
YESB98000535,Digital Campaign,Converted,2024-09-29 00:00:00,Wait for salary credit
YESB52521746,Referral,In Progress,2024-07-10 00:00:00,Called for FD
YESB74738141,Digital Campaign,Converted,2024-12-23 00:00:00,KYC Pending
YESB63946135,Digital Campaign,In Progress,2024-09-24 00:00:00,Wait for salary credit
YESB28919676,Referral,Lost,2024-08-14 00:00:00,Wait for salary credit
YESB40574563,Referral,Converted,2024-06-16 00:00:00,KYC Pending
YESB96333511,Digital Campaign,Converted,2024-09-14 00:00:00,Wait for salary credit
YESB72589560,Walk-in,In Progress,2024-10-03 00:00:00,Interested in HL
YESB62104013,Digital Campaign,Converted,2024-09-27 00:00:00,Wait for salary credit
YESB74750731,Referral,Converted,2024-03-11 00:00:00,KYC Pending
YESB76342575,Walk-in,Lost,2024-10-09 00:00:00,Called for FD
YESB14694485,Walk-in,Lost,2024-12-26 00:00:00,Interested in HL
YESB97875004,Walk-in,Lost,2024-03-30 00:00:00,Called for FD
YESB23478730,Referral,Lost,2024-03-17 00:00:00,Wait for salary credit
YESB25888231,Walk-in,Converted,2024-08-02 00:00:00,Called for FD
YESB70919509,Walk-in,Lost,2024-01-06 00:00:00,Interested in HL
YESB47763504,Referral,Lost,2024-04-23 00:00:00,Wait for salary credit
YESB94841032,Walk-in,In Progress,2024-11-30 00:00:00,Interested in HL
YESB90832953,Referral,In Progress,2024-06-25 00:00:00,Wait for salary credit
YESB29121389,Digital Campaign,Lost,2024-05-06 00:00:00,Called for FD
YESB81456555,Referral,In Progress,2024-10-04 00:00:00,Interested in HL
YESB28445569,Referral,Lost,2024-07-28 00:00:00,Called for FD
YESB88458842,Digital Campaign,Converted,2024-03-06 00:00:00,KYC Pending
YESB43545405,Digital Campaign,Converted,2024-10-09 00:00:00,Interested in HL
YESB27092717,Referral,Converted,2024-11-11 00:00:00,KYC Pending
YESB62644611,Walk-in,Converted,2024-02-01 00:00:00,Interested in HL
YESB29450436,Referral,In Progress,2024-03-08 00:00:00,Called for FD
YESB75597905,Referral,Lost,2024-12-13 00:00:00,Interested in HL
YESB87033233,Walk-in,In Progress,2024-11-02 00:00:00,Interested in HL
YESB20681710,Digital Campaign,In Progress,2024-05-26 00:00:00,Called for FD
YESB37964570,Digital Campaign,Lost,2024-10-10 00:00:00,Wait for salary credit
YESB28354225,Walk-in,Lost,2024-04-20 00:00:00,Called for FD
YESB80963753,Walk-in,In Progress,2024-07-28 00:00:00,Wait for salary credit
YESB19108771,Digital Campaign,In Progress,2024-02-14 00:00:00,Wait for salary credit
YESB78313416,Referral,Converted,2024-11-26 00:00:00,Wait for salary credit
YESB67540933,Walk-in,Lost,2024-11-04 00:00:00,KYC Pending
YESB70477266,Referral,Converted,2024-07-15 00:00:00,KYC Pending
YESB20428056,Referral,Converted,2024-07-28 00:00:00,Interested in HL
YESB60693160,Walk-in,In Progress,2024-04-23 00:00:00,KYC Pending
YESB23217500,Digital Campaign,In Progress,2024-07-01 00:00:00,Wait for salary credit
YESB81886257,Walk-in,Lost,2024-06-22 00:00:00,KYC Pending
YESB49755976,Referral,Converted,2024-05-16 00:00:00,Wait for salary credit
YESB65609800,Walk-in,Converted,2024-12-05 00:00:00,Interested in HL
YESB80054155,Referral,In Progress,2024-01-22 00:00:00,Wait for salary credit
YESB42364242,Walk-in,Lost,2024-05-21 00:00:00,Called for FD
YESB36769889,Digital Campaign,Converted,2024-01-26 00:00:00,Interested in HL
YESB63576726,Walk-in,Converted,2024-04-17 00:00:00,Interested in HL
YESB77315093,Walk-in,Converted,2024-01-21 00:00:00,KYC Pending
YESB25456726,Digital Campaign,Lost,2024-02-22 00:00:00,KYC Pending
YESB17709482,Digital Campaign,In Progress,2024-08-29 00:00:00,Called for FD
YESB98693770,Walk-in,Lost,2024-09-23 00:00:00,Wait for salary credit
YESB91269834,Referral,Lost,2024-04-19 00:00:00,Interested in HL
YESB62108654,Walk-in,Lost,2024-08-08 00:00:00,Interested in HL
YESB42100736,Digital Campaign,In Progress,2024-07-11 00:00:00,Interested in HL
YESB10176440,Referral,Lost,2024-11-22 00:00:00,Interested in HL
YESB80538013,Referral,Converted,2024-09-02 00:00:00,Interested in HL
YESB97397302,Digital Campaign,Lost,2024-02-24 00:00:00,Wait for salary credit
YESB97914895,Walk-in,Converted,2024-06-30 00:00:00,KYC Pending
YESB13033317,Walk-in,Lost,2024-10-13 00:00:00,Wait for salary credit
YESB29323966,Walk-in,In Progress,2024-09-25 00:00:00,Called for FD
YESB73450427,Digital Campaign,Lost,2024-11-15 00:00:00,Called for FD
YESB62053286,Digital Campaign,Converted,2024-02-17 00:00:00,Wait for salary credit
YESB53354613,Referral,In Progress,2024-11-02 00:00:00,Interested in HL
YESB65403465,Referral,Converted,2024-03-06 00:00:00,Wait for salary credit
YESB13129841,Walk-in,Converted,2024-01-08 00:00:00,Wait for salary credit
YESB62451334,Referral,In Progress,2024-01-30 00:00:00,Wait for salary credit
YESB31987094,Walk-in,In Progress,2024-06-27 00:00:00,Wait for salary credit
YESB45030422,Digital Campaign,In Progress,2024-12-13 00:00:00,Interested in HL
YESB75561816,Walk-in,In Progress,2024-06-09 00:00:00,KYC Pending
YESB48553509,Digital Campaign,Converted,2024-07-29 00:00:00,Interested in HL
YESB79871954,Digital Campaign,Converted,2024-07-07 00:00:00,KYC Pending
YESB34683764,Digital Campaign,Lost,2024-11-04 00:00:00,Called for FD
YESB37184801,Walk-in,Converted,2024-12-04 00:00:00,Called for FD
YESB61497237,Referral,Lost,2024-05-12 00:00:00,KYC Pending
YESB42894441,Walk-in,Converted,2024-01-12 00:00:00,Called for FD
YESB16328118,Walk-in,Lost,2024-10-02 00:00:00,Wait for salary credit
YESB33686063,Walk-in,In Progress,2024-08-20 00:00:00,Wait for salary credit
YESB45181822,Digital Campaign,In Progress,2024-10-09 00:00:00,KYC Pending
YESB41856486,Digital Campaign,Converted,2024-05-03 00:00:00,Called for FD
YESB72796233,Walk-in,In Progress,2024-06-10 00:00:00,Interested in HL
YESB76342501,Digital Campaign,In Progress,2024-11-08 00:00:00,Wait for salary credit
YESB37203088,Walk-in,In Progress,2024-08-10 00:00:00,Wait for salary credit
YESB87964511,Digital Campaign,Lost,2024-11-04 00:00:00,KYC Pending
YESB73337650,Walk-in,Lost,2024-06-22 00:00:00,Called for FD
YESB18756207,Walk-in,Lost,2024-08-03 00:00:00,Interested in HL
YESB88215396,Walk-in,Converted,2024-02-05 00:00:00,Interested in HL
YESB80771080,Digital Campaign,Converted,2024-09-11 00:00:00,Wait for salary credit
YESB27959766,Walk-in,Converted,2024-05-25 00:00:00,Interested in HL
YESB39341166,Referral,In Progress,2024-09-22 00:00:00,KYC Pending
YESB23824360,Digital Campaign,In Progress,2024-11-07 00:00:00,Wait for salary credit
YESB90823741,Walk-in,Lost,2024-06-18 00:00:00,Wait for salary credit
YESB53222759,Digital Campaign,Lost,2024-10-13 00:00:00,Interested in HL
YESB69710509,Digital Campaign,Lost,2024-05-31 00:00:00,Wait for salary credit
YESB38752824,Digital Campaign,Lost,2024-12-09 00:00:00,Interested in HL
YESB26370866,Referral,Converted,2024-07-27 00:00:00,Wait for salary credit
YESB50546231,Walk-in,Converted,2024-11-21 00:00:00,Called for FD
YESB68527835,Walk-in,Converted,2024-04-25 00:00:00,Interested in HL
YESB45485411,Digital Campaign,Converted,2024-08-21 00:00:00,KYC Pending
YESB17278168,Walk-in,Converted,2024-01-12 00:00:00,Wait for salary credit
YESB13792993,Walk-in,Converted,2024-11-02 00:00:00,Interested in HL
YESB55118693,Walk-in,In Progress,2024-01-21 00:00:00,Wait for salary credit
YESB21443021,Digital Campaign,In Progress,2024-08-15 00:00:00,Interested in HL
YESB59559691,Digital Campaign,Lost,2024-08-20 00:00:00,Wait for salary credit
YESB54001192,Digital Campaign,In Progress,2024-04-27 00:00:00,KYC Pending
YESB75085271,Digital Campaign,In Progress,2024-09-08 00:00:00,Called for FD
YESB44496459,Referral,Lost,2024-03-19 00:00:00,Interested in HL
YESB58288697,Referral,Converted,2024-07-24 00:00:00,Wait for salary credit
YESB67857174,Walk-in,In Progress,2024-04-17 00:00:00,KYC Pending
YESB97734483,Digital Campaign,Lost,2024-12-10 00:00:00,Interested in HL
YESB85345179,Digital Campaign,In Progress,2024-11-26 00:00:00,KYC Pending
YESB15626657,Digital Campaign,Converted,2024-03-23 00:00:00,Wait for salary credit
YESB89999732,Walk-in,Converted,2024-08-12 00:00:00,Called for FD
YESB33518039,Walk-in,In Progress,2024-08-26 00:00:00,KYC Pending
YESB13032024,Digital Campaign,Lost,2024-07-15 00:00:00,KYC Pending
YESB85304221,Digital Campaign,In Progress,2024-01-24 00:00:00,KYC Pending
YESB28526073,Digital Campaign,Converted,2024-06-02 00:00:00,Called for FD
YESB62837972,Referral,In Progress,2024-09-17 00:00:00,KYC Pending
YESB28489735,Walk-in,Converted,2024-07-24 00:00:00,Interested in HL
YESB63388058,Walk-in,Converted,2024-01-11 00:00:00,KYC Pending
YESB38785951,Digital Campaign,Converted,2024-08-27 00:00:00,KYC Pending
YESB28971632,Referral,Lost,2024-11-24 00:00:00,Interested in HL
YESB83447495,Referral,Lost,2024-10-30 00:00:00,KYC Pending
YESB52808355,Referral,In Progress,2024-07-11 00:00:00,Wait for salary credit
YESB86648291,Walk-in,Converted,2024-05-01 00:00:00,Interested in HL
YESB58101777,Digital Campaign,In Progress,2024-10-12 00:00:00,Interested in HL
YESB22516366,Digital Campaign,Lost,2024-11-03 00:00:00,Called for FD
YESB99491839,Digital Campaign,In Progress,2024-04-10 00:00:00,KYC Pending
YESB70683517,Referral,Lost,2024-05-05 00:00:00,Wait for salary credit
YESB52859141,Walk-in,In Progress,2024-03-11 00:00:00,KYC Pending
YESB59088251,Digital Campaign,In Progress,2024-10-03 00:00:00,Wait for salary credit
YESB12328198,Digital Campaign,In Progress,2024-02-14 00:00:00,KYC Pending
YESB74007761,Digital Campaign,Lost,2024-03-19 00:00:00,Called for FD
YESB75193099,Walk-in,Lost,2024-03-19 00:00:00,Wait for salary credit
YESB42732538,Walk-in,Lost,2024-10-06 00:00:00,Wait for salary credit
YESB19655805,Referral,Converted,2024-09-04 00:00:00,KYC Pending
YESB70346582,Walk-in,Lost,2024-04-14 00:00:00,Interested in HL
YESB92442696,Referral,In Progress,2024-05-03 00:00:00,Interested in HL
YESB38914949,Referral,In Progress,2024-01-08 00:00:00,KYC Pending
YESB44234189,Digital Campaign,Lost,2024-02-10 00:00:00,Wait for salary credit
YESB77873037,Walk-in,In Progress,2024-08-18 00:00:00,Interested in HL
YESB41696627,Walk-in,Lost,2024-12-05 00:00:00,Wait for salary credit
YESB35196600,Walk-in,Converted,2024-04-22 00:00:00,Wait for salary credit
YESB28641188,Digital Campaign,Converted,2024-09-23 00:00:00,Wait for salary credit
YESB22943789,Digital Campaign,Lost,2024-01-04 00:00:00,Wait for salary credit
YESB89176087,Walk-in,Lost,2024-10-16 00:00:00,KYC Pending
YESB90469394,Referral,Converted,2024-11-19 00:00:00,KYC Pending
YESB57286338,Digital Campaign,Lost,2024-10-29 00:00:00,KYC Pending
YESB88139079,Walk-in,Converted,2024-11-16 00:00:00,Interested in HL
YESB67401696,Walk-in,Lost,2024-12-23 00:00:00,Wait for salary credit
YESB86698845,Digital Campaign,Converted,2024-12-21 00:00:00,KYC Pending
YESB92076934,Walk-in,In Progress,2024-11-20 00:00:00,Called for FD
YESB90475769,Referral,In Progress,2024-06-14 00:00:00,Called for FD
YESB91462303,Walk-in,Lost,2024-11-17 00:00:00,KYC Pending
YESB77448019,Referral,Lost,2024-04-05 00:00:00,KYC Pending
YESB13978735,Walk-in,In Progress,2024-04-24 00:00:00,KYC Pending
YESB46569359,Referral,Lost,2024-07-02 00:00:00,Called for FD
YESB84656807,Referral,Lost,2024-05-31 00:00:00,KYC Pending
YESB29171071,Digital Campaign,Lost,2024-04-06 00:00:00,Called for FD
YESB97139650,Referral,Converted,2024-11-10 00:00:00,Called for FD
YESB52226340,Referral,Lost,2024-10-12 00:00:00,Wait for salary credit
YESB73806800,Referral,Converted,2024-09-15 00:00:00,Wait for salary credit
YESB10370407,Referral,In Progress,2024-08-26 00:00:00,Interested in HL
YESB92399365,Walk-in,In Progress,2024-08-11 00:00:00,Called for FD
YESB40672037,Digital Campaign,Converted,2024-06-21 00:00:00,Wait for salary credit
YESB46550039,Walk-in,In Progress,2024-09-19 00:00:00,Called for FD
YESB91051500,Referral,In Progress,2024-10-30 00:00:00,KYC Pending
YESB27503074,Digital Campaign,Converted,2024-08-01 00:00:00,Interested in HL
YESB41771547,Referral,In Progress,2024-09-21 00:00:00,Interested in HL
YESB89250055,Digital Campaign,In Progress,2024-10-20 00:00:00,Wait for salary credit
YESB72930962,Walk-in,Lost,2024-08-08 00:00:00,Called for FD
YESB28164760,Referral,Lost,2024-01-15 00:00:00,KYC Pending
YESB91533830,Walk-in,In Progress,2024-03-08 00:00:00,Called for FD
YESB79312650,Referral,Converted,2024-01-07 00:00:00,Called for FD
YESB66198927,Digital Campaign,Lost,2024-03-17 00:00:00,KYC Pending
YESB39675996,Walk-in,Lost,2024-01-15 00:00:00,Interested in HL
YESB58603628,Walk-in,Converted,2024-07-27 00:00:00,Interested in HL
YESB85494134,Walk-in,In Progress,2024-01-24 00:00:00,Interested in HL
YESB63754344,Referral,In Progress,2024-06-30 00:00:00,Interested in HL
YESB53566997,Digital Campaign,Converted,2024-12-22 00:00:00,KYC Pending
YESB69300150,Referral,Lost,2024-06-15 00:00:00,KYC Pending
YESB25107452,Digital Campaign,In Progress,2024-04-30 00:00:00,Interested in HL
YESB87701382,Walk-in,In Progress,2024-09-27 00:00:00,Called for FD
YESB35023030,Referral,Converted,2024-08-01 00:00:00,Interested in HL
YESB95728423,Walk-in,Lost,2024-09-21 00:00:00,KYC Pending
YESB65636969,Digital Campaign,Converted,2024-11-20 00:00:00,Interested in HL
YESB81133216,Referral,Converted,2024-11-03 00:00:00,Interested in HL
YESB57254375,Referral,In Progress,2024-12-21 00:00:00,Called for FD
YESB22662136,Digital Campaign,Converted,2024-08-26 00:00:00,KYC Pending
YESB48728082,Walk-in,In Progress,2024-03-02 00:00:00,Called for FD
YESB37580279,Digital Campaign,Lost,2024-07-21 00:00:00,KYC Pending
YESB52465454,Walk-in,In Progress,2024-09-26 00:00:00,KYC Pending
YESB26470839,Referral,Converted,2024-10-08 00:00:00,Called for FD
YESB25557241,Walk-in,Lost,2024-09-03 00:00:00,Interested in HL
YESB63662146,Referral,Converted,2024-02-23 00:00:00,Called for FD
YESB49086716,Digital Campaign,Lost,2024-05-29 00:00:00,KYC Pending
YESB16104670,Referral,Lost,2024-12-02 00:00:00,Wait for salary credit
YESB40601630,Walk-in,In Progress,2024-05-05 00:00:00,KYC Pending
YESB39097715,Referral,Converted,2024-02-02 00:00:00,KYC Pending
YESB49446709,Referral,Lost,2024-10-28 00:00:00,Interested in HL
YESB96098018,Walk-in,Converted,2024-06-01 00:00:00,Interested in HL
YESB30447266,Referral,Converted,2024-05-25 00:00:00,Interested in HL
YESB70060333,Referral,Converted,2024-07-14 00:00:00,Called for FD
YESB49363134,Digital Campaign,In Progress,2024-09-01 00:00:00,Called for FD
YESB47121513,Walk-in,In Progress,2024-01-16 00:00:00,Interested in HL
YESB37868805,Referral,Converted,2024-06-04 00:00:00,Interested in HL
YESB62874736,Walk-in,Lost,2024-01-23 00:00:00,Wait for salary credit
YESB86282839,Referral,Converted,2024-06-30 00:00:00,Interested in HL
YESB34074931,Digital Campaign,Lost,2024-11-10 00:00:00,Interested in HL
YESB22235525,Referral,Converted,2024-05-04 00:00:00,Called for FD
YESB33227029,Digital Campaign,Lost,2024-03-13 00:00:00,Interested in HL
YESB82928793,Digital Campaign,In Progress,2024-11-08 00:00:00,Called for FD
YESB84466140,Referral,Converted,2024-10-14 00:00:00,Called for FD
YESB47979163,Digital Campaign,Converted,2024-03-09 00:00:00,KYC Pending
YESB41552470,Referral,Converted,2024-12-30 00:00:00,Interested in HL
YESB77654963,Referral,In Progress,2024-06-14 00:00:00,Called for FD
YESB17410445,Digital Campaign,In Progress,2024-12-03 00:00:00,KYC Pending
YESB98847700,Referral,In Progress,2024-08-26 00:00:00,KYC Pending
YESB35424402,Digital Campaign,Lost,2024-08-24 00:00:00,KYC Pending
YESB43532005,Walk-in,Lost,2024-11-19 00:00:00,KYC Pending
YESB59105107,Digital Campaign,In Progress,2024-10-03 00:00:00,Interested in HL
YESB42419497,Referral,Lost,2024-01-30 00:00:00,Interested in HL
YESB28855496,Referral,Converted,2024-02-06 00:00:00,Called for FD
YESB99301460,Walk-in,Lost,2024-11-03 00:00:00,KYC Pending
YESB31840311,Walk-in,Converted,2024-11-20 00:00:00,Interested in HL
YESB45200179,Digital Campaign,In Progress,2024-09-20 00:00:00,KYC Pending
YESB67634637,Walk-in,Lost,2024-04-30 00:00:00,KYC Pending
YESB30843058,Walk-in,In Progress,2024-01-13 00:00:00,KYC Pending
YESB32551163,Digital Campaign,In Progress,2024-01-18 00:00:00,Called for FD
YESB48492579,Digital Campaign,Lost,2024-10-01 00:00:00,KYC Pending
YESB46891467,Walk-in,Lost,2024-08-07 00:00:00,KYC Pending
YESB28144390,Digital Campaign,Converted,2024-08-10 00:00:00,Wait for salary credit
YESB56505012,Digital Campaign,In Progress,2024-04-27 00:00:00,Wait for salary credit
YESB62754703,Walk-in,Lost,2024-07-14 00:00:00,KYC Pending
YESB47039707,Referral,Converted,2024-11-10 00:00:00,Called for FD
YESB38664493,Digital Campaign,Lost,2024-06-13 00:00:00,Wait for salary credit
YESB80836427,Walk-in,In Progress,2024-04-21 00:00:00,KYC Pending
YESB58680019,Walk-in,In Progress,2024-04-19 00:00:00,Wait for salary credit
YESB48289649,Digital Campaign,Lost,2024-08-14 00:00:00,KYC Pending
YESB19576324,Walk-in,In Progress,2024-10-31 00:00:00,KYC Pending
YESB76946570,Referral,Converted,2024-02-27 00:00:00,KYC Pending
YESB58862207,Referral,Converted,2024-08-22 00:00:00,KYC Pending
YESB67851413,Referral,Converted,2024-02-06 00:00:00,Interested in HL
YESB71654948,Digital Campaign,Converted,2024-01-19 00:00:00,Interested in HL
YESB67223984,Referral,Converted,2024-03-07 00:00:00,Interested in HL
YESB28740945,Digital Campaign,In Progress,2024-02-25 00:00:00,Wait for salary credit
YESB26444164,Walk-in,Converted,2024-01-23 00:00:00,Interested in HL
YESB72741087,Digital Campaign,Converted,2024-09-15 00:00:00,Called for FD
YESB37784221,Walk-in,In Progress,2024-01-18 00:00:00,Called for FD
YESB75751055,Walk-in,Converted,2024-09-25 00:00:00,Interested in HL
YESB14271100,Digital Campaign,Converted,2024-09-22 00:00:00,KYC Pending
YESB54705363,Walk-in,Lost,2024-07-07 00:00:00,Called for FD
YESB54590681,Digital Campaign,Converted,2024-12-05 00:00:00,Called for FD
YESB16604355,Walk-in,Lost,2024-10-15 00:00:00,Interested in HL
YESB12480669,Referral,Converted,2024-11-02 00:00:00,Called for FD
YESB15125622,Digital Campaign,Lost,2024-06-12 00:00:00,Wait for salary credit
YESB91446903,Referral,Lost,2024-10-05 00:00:00,Called for FD
YESB57672682,Walk-in,Converted,2024-10-02 00:00:00,Wait for salary credit
YESB48014474,Walk-in,Lost,2024-12-17 00:00:00,KYC Pending
YESB35092941,Walk-in,Converted,2024-04-29 00:00:00,KYC Pending
YESB78861550,Digital Campaign,In Progress,2024-05-01 00:00:00,Called for FD
YESB51315183,Walk-in,Lost,2024-07-25 00:00:00,Called for FD
YESB91619780,Referral,In Progress,2024-06-14 00:00:00,Called for FD
YESB67204656,Digital Campaign,Lost,2024-12-30 00:00:00,Wait for salary credit
YESB76812969,Digital Campaign,In Progress,2024-06-22 00:00:00,Wait for salary credit
YESB57460156,Walk-in,Converted,2024-06-22 00:00:00,KYC Pending
YESB41543299,Walk-in,In Progress,2024-07-09 00:00:00,Called for FD
YESB27290159,Walk-in,Lost,2024-02-25 00:00:00,Called for FD
YESB49510790,Digital Campaign,In Progress,2024-12-21 00:00:00,Wait for salary credit
YESB27923166,Referral,Converted,2024-04-28 00:00:00,Called for FD
YESB40295142,Walk-in,In Progress,2024-03-18 00:00:00,Interested in HL
YESB51295724,Walk-in,Lost,2024-03-05 00:00:00,Wait for salary credit
YESB85148531,Walk-in,Converted,2024-05-30 00:00:00,Wait for salary credit
YESB25794564,Walk-in,In Progress,2024-06-17 00:00:00,Called for FD
YESB63553697,Referral,Converted,2024-09-10 00:00:00,Wait for salary credit
YESB58309158,Digital Campaign,Lost,2024-03-19 00:00:00,Wait for salary credit
YESB95897726,Digital Campaign,Converted,2024-09-21 00:00:00,Interested in HL
YESB42164234,Walk-in,In Progress,2024-11-03 00:00:00,KYC Pending
YESB79619799,Referral,Lost,2024-07-19 00:00:00,KYC Pending
YESB19899879,Walk-in,Converted,2024-05-19 00:00:00,KYC Pending
YESB41891622,Referral,Lost,2024-07-25 00:00:00,Interested in HL
YESB86710884,Referral,Lost,2024-04-18 00:00:00,Called for FD
YESB50963399,Walk-in,In Progress,2024-04-17 00:00:00,Called for FD
YESB76463584,Walk-in,Converted,2024-08-12 00:00:00,Called for FD
YESB34572738,Referral,In Progress,2024-03-01 00:00:00,Interested in HL
YESB29830890,Walk-in,Lost,2024-01-09 00:00:00,Called for FD
YESB47463523,Digital Campaign,Lost,2024-02-10 00:00:00,KYC Pending
YESB52228975,Referral,Converted,2024-09-25 00:00:00,Interested in HL
YESB99366543,Walk-in,Converted,2024-08-16 00:00:00,Interested in HL
YESB10942609,Walk-in,Lost,2024-02-07 00:00:00,Wait for salary credit
YESB77838179,Referral,In Progress,2024-10-15 00:00:00,Interested in HL
YESB39891867,Walk-in,In Progress,2024-03-25 00:00:00,Wait for salary credit
YESB60845857,Walk-in,Converted,2024-05-16 00:00:00,Called for FD
YESB41219219,Walk-in,Lost,2024-01-03 00:00:00,Wait for salary credit
YESB97559473,Digital Campaign,Lost,2024-11-06 00:00:00,Called for FD
YESB47197501,Walk-in,In Progress,2024-10-25 00:00:00,Interested in HL
YESB85460486,Walk-in,Converted,2024-02-20 00:00:00,Wait for salary credit
YESB91563005,Referral,Lost,2024-09-17 00:00:00,Called for FD
YESB42697791,Referral,Converted,2024-02-10 00:00:00,Wait for salary credit
YESB87356987,Walk-in,Converted,2024-11-18 00:00:00,Wait for salary credit
YESB84670186,Walk-in,Converted,2024-12-22 00:00:00,Interested in HL
YESB92659372,Digital Campaign,In Progress,2024-01-14 00:00:00,KYC Pending
YESB10589259,Referral,Lost,2024-03-19 00:00:00,Called for FD
YESB57684104,Digital Campaign,In Progress,2024-10-18 00:00:00,Called for FD
YESB42100736,Referral,In Progress,2024-10-23 00:00:00,Called for FD
YESB72237329,Digital Campaign,Converted,2024-09-13 00:00:00,KYC Pending
YESB74366228,Walk-in,Lost,2024-12-25 00:00:00,Called for FD
YESB24830895,Digital Campaign,Converted,2024-12-05 00:00:00,Interested in HL
YESB70877745,Digital Campaign,In Progress,2024-09-22 00:00:00,Wait for salary credit
YESB87579092,Referral,Converted,2024-12-08 00:00:00,Interested in HL
YESB59809839,Digital Campaign,Lost,2024-08-09 00:00:00,Called for FD
YESB87038800,Walk-in,In Progress,2024-06-12 00:00:00,Called for FD
YESB79579896,Referral,In Progress,2024-05-11 00:00:00,Called for FD
YESB73664850,Digital Campaign,In Progress,2024-08-19 00:00:00,Called for FD
YESB94136992,Walk-in,Converted,2024-10-30 00:00:00,Wait for salary credit
YESB72078374,Referral,Converted,2024-10-10 00:00:00,Wait for salary credit
YESB97930393,Referral,In Progress,2024-08-24 00:00:00,Wait for salary credit
YESB45212599,Referral,Converted,2024-10-29 00:00:00,Called for FD
YESB81232780,Referral,In Progress,2024-04-25 00:00:00,KYC Pending
YESB84906188,Digital Campaign,Converted,2024-06-15 00:00:00,Called for FD
YESB49905006,Walk-in,In Progress,2024-05-14 00:00:00,KYC Pending
YESB16078645,Digital Campaign,In Progress,2024-08-06 00:00:00,Called for FD
YESB10401433,Digital Campaign,In Progress,2024-05-26 00:00:00,Wait for salary credit
YESB23620105,Referral,Converted,2024-07-24 00:00:00,Called for FD
YESB30706383,Walk-in,Lost,2024-06-29 00:00:00,Called for FD
YESB56172010,Walk-in,Converted,2024-03-11 00:00:00,Wait for salary credit
YESB62878662,Referral,Converted,2024-10-20 00:00:00,Interested in HL
YESB25329879,Walk-in,Converted,2024-03-16 00:00:00,KYC Pending
YESB75026263,Digital Campaign,Lost,2024-10-22 00:00:00,Called for FD
YESB21917500,Digital Campaign,In Progress,2024-03-17 00:00:00,Interested in HL
YESB45737788,Referral,Lost,2024-04-10 00:00:00,Called for FD
YESB21777631,Digital Campaign,Converted,2024-10-07 00:00:00,Wait for salary credit
YESB31746031,Referral,In Progress,2024-06-15 00:00:00,Wait for salary credit
YESB26320901,Walk-in,Lost,2024-04-06 00:00:00,Wait for salary credit
YESB67455560,Digital Campaign,Converted,2024-11-17 00:00:00,Called for FD
YESB99579184,Walk-in,Lost,2024-02-23 00:00:00,Interested in HL
YESB34134981,Referral,Converted,2024-12-17 00:00:00,Wait for salary credit
YESB35544812,Referral,In Progress,2024-10-26 00:00:00,KYC Pending
YESB59878909,Walk-in,In Progress,2024-01-20 00:00:00,Wait for salary credit
YESB27017934,Referral,Lost,2024-03-13 00:00:00,Interested in HL
YESB36866569,Digital Campaign,In Progress,2024-04-21 00:00:00,Interested in HL
YESB43129671,Referral,Lost,2024-11-06 00:00:00,Wait for salary credit
YESB88893275,Walk-in,In Progress,2024-05-23 00:00:00,Wait for salary credit
YESB35895673,Digital Campaign,In Progress,2024-06-14 00:00:00,Interested in HL
YESB17187018,Walk-in,Converted,2024-03-18 00:00:00,Interested in HL
YESB68978091,Walk-in,Converted,2024-11-16 00:00:00,Interested in HL
YESB42838843,Referral,In Progress,2024-03-21 00:00:00,Called for FD
YESB13129841,Walk-in,Converted,2024-10-31 00:00:00,Interested in HL
YESB10240182,Walk-in,Lost,2024-06-23 00:00:00,KYC Pending
YESB43899426,Referral,Converted,2024-11-19 00:00:00,KYC Pending
YESB87699594,Referral,Lost,2024-03-30 00:00:00,Called for FD
YESB75022076,Digital Campaign,In Progress,2024-11-02 00:00:00,KYC Pending
YESB26673419,Walk-in,Converted,2024-05-11 00:00:00,KYC Pending
YESB43264930,Walk-in,In Progress,2024-03-10 00:00:00,Wait for salary credit
YESB49536852,Referral,Lost,2024-02-26 00:00:00,KYC Pending
YESB67081855,Referral,Converted,2024-05-15 00:00:00,KYC Pending
YESB44807705,Referral,In Progress,2024-10-12 00:00:00,Called for FD
YESB37779112,Walk-in,In Progress,2024-01-02 00:00:00,Wait for salary credit
YESB61924836,Referral,In Progress,2024-11-12 00:00:00,Called for FD
YESB86227623,Referral,Converted,2024-02-25 00:00:00,Interested in HL
YESB34538282,Referral,Lost,2024-07-25 00:00:00,KYC Pending
YESB76158242,Digital Campaign,Converted,2024-07-10 00:00:00,Wait for salary credit
YESB41696627,Digital Campaign,Lost,2024-03-10 00:00:00,Called for FD
YESB69987738,Digital Campaign,In Progress,2024-10-05 00:00:00,Interested in HL
YESB51949296,Referral,In Progress,2024-11-25 00:00:00,Interested in HL
YESB30478141,Digital Campaign,In Progress,2024-05-29 00:00:00,Wait for salary credit
YESB58274495,Walk-in,Converted,2024-08-29 00:00:00,Wait for salary credit
YESB60418954,Referral,In Progress,2024-04-20 00:00:00,Interested in HL
YESB77224905,Referral,Lost,2024-07-09 00:00:00,Called for FD
YESB88469165,Digital Campaign,Lost,2024-03-22 00:00:00,KYC Pending
YESB10089391,Digital Campaign,Lost,2024-04-29 00:00:00,Wait for salary credit
YESB52526801,Referral,Lost,2024-02-16 00:00:00,Wait for salary credit
YESB80067318,Walk-in,Lost,2024-01-31 00:00:00,Wait for salary credit
YESB72662739,Walk-in,Lost,2024-02-25 00:00:00,Wait for salary credit
YESB24460446,Referral,Lost,2024-04-13 00:00:00,KYC Pending
YESB83803142,Referral,Lost,2024-12-03 00:00:00,Interested in HL
YESB53161608,Referral,Converted,2024-04-14 00:00:00,Called for FD
YESB75646495,Referral,Converted,2024-12-07 00:00:00,Wait for salary credit
YESB68191694,Digital Campaign,Converted,2024-01-29 00:00:00,Wait for salary credit
YESB75228853,Referral,Converted,2024-06-08 00:00:00,Interested in HL
YESB28792842,Walk-in,In Progress,2024-06-08 00:00:00,Wait for salary credit
YESB92412621,Digital Campaign,Lost,2024-10-30 00:00:00,Called for FD
YESB72561208,Referral,Converted,2024-05-16 00:00:00,Interested in HL
YESB49586615,Digital Campaign,Converted,2024-07-14 00:00:00,Called for FD
YESB47977715,Digital Campaign,Lost,2024-06-11 00:00:00,Wait for salary credit
YESB83171409,Walk-in,In Progress,2024-12-08 00:00:00,Wait for salary credit
YESB36796949,Digital Campaign,In Progress,2024-12-31 00:00:00,Interested in HL
YESB81688421,Walk-in,In Progress,2024-06-11 00:00:00,KYC Pending
YESB99610471,Referral,In Progress,2024-06-11 00:00:00,Interested in HL
YESB78808202,Walk-in,In Progress,2024-04-09 00:00:00,Wait for salary credit
YESB45259846,Walk-in,Lost,2024-03-12 00:00:00,Interested in HL
YESB95263927,Digital Campaign,In Progress,2024-09-01 00:00:00,KYC Pending
YESB48738398,Walk-in,In Progress,2024-08-25 00:00:00,Wait for salary credit
YESB77080809,Referral,In Progress,2024-05-23 00:00:00,KYC Pending
YESB55644452,Referral,In Progress,2024-10-29 00:00:00,KYC Pending
YESB34251190,Walk-in,Lost,2024-07-18 00:00:00,Wait for salary credit
YESB55269615,Digital Campaign,Converted,2024-02-03 00:00:00,KYC Pending
YESB50979669,Referral,In Progress,2024-04-25 00:00:00,Interested in HL
YESB31670851,Digital Campaign,Lost,2024-08-19 00:00:00,Wait for salary credit
YESB72930962,Walk-in,Lost,2024-12-21 00:00:00,Called for FD
YESB42802063,Walk-in,Lost,2024-10-02 00:00:00,KYC Pending
YESB21884822,Referral,Lost,2024-01-08 00:00:00,Wait for salary credit
YESB76985983,Referral,Lost,2024-01-12 00:00:00,KYC Pending
YESB34304257,Walk-in,Lost,2024-12-25 00:00:00,KYC Pending
YESB42349110,Walk-in,Converted,2024-11-15 00:00:00,Called for FD
YESB36581056,Referral,In Progress,2024-06-16 00:00:00,Wait for salary credit
YESB79374532,Digital Campaign,Lost,2024-06-23 00:00:00,KYC Pending
YESB62202192,Walk-in,Converted,2024-02-14 00:00:00,KYC Pending
YESB48085914,Walk-in,Converted,2024-06-21 00:00:00,KYC Pending
YESB82141735,Referral,Converted,2024-12-15 00:00:00,Wait for salary credit
YESB46437743,Referral,Converted,2024-02-24 00:00:00,Called for FD
YESB61054988,Walk-in,Lost,2024-12-26 00:00:00,Interested in HL
YESB90578305,Walk-in,In Progress,2024-06-15 00:00:00,Wait for salary credit
YESB62137653,Walk-in,Converted,2024-12-24 00:00:00,Called for FD
YESB32740271,Digital Campaign,Converted,2024-11-13 00:00:00,Called for FD
YESB65869952,Walk-in,Lost,2024-04-05 00:00:00,Wait for salary credit
YESB51698092,Digital Campaign,Lost,2024-10-12 00:00:00,Wait for salary credit
YESB54951637,Walk-in,In Progress,2024-10-02 00:00:00,Interested in HL
YESB73372331,Digital Campaign,Lost,2024-12-05 00:00:00,Wait for salary credit
YESB86742374,Referral,Lost,2024-06-16 00:00:00,KYC Pending
YESB31665150,Digital Campaign,In Progress,2024-12-28 00:00:00,KYC Pending
YESB33142000,Referral,In Progress,2024-05-14 00:00:00,Called for FD
YESB27914969,Referral,Lost,2024-10-19 00:00:00,Called for FD
YESB69348337,Walk-in,Converted,2024-02-15 00:00:00,Interested in HL
YESB44483988,Referral,Converted,2024-03-28 00:00:00,Called for FD
YESB14023826,Walk-in,Lost,2024-12-24 00:00:00,Interested in HL
YESB81659836,Walk-in,In Progress,2024-05-13 00:00:00,KYC Pending
YESB44032294,Walk-in,Converted,2024-08-24 00:00:00,KYC Pending
YESB83455886,Referral,In Progress,2024-01-30 00:00:00,KYC Pending
YESB51949296,Digital Campaign,Lost,2024-11-26 00:00:00,Interested in HL
YESB54281472,Referral,Lost,2024-09-28 00:00:00,Interested in HL
YESB12985095,Digital Campaign,In Progress,2024-08-27 00:00:00,Interested in HL
YESB72225347,Walk-in,Lost,2024-05-28 00:00:00,Called for FD
YESB26173155,Walk-in,Lost,2024-06-04 00:00:00,Interested in HL
YESB45336884,Walk-in,Lost,2024-09-27 00:00:00,Called for FD
YESB25177817,Digital Campaign,Converted,2024-11-11 00:00:00,Wait for salary credit
YESB99998271,Referral,In Progress,2024-05-19 00:00:00,Called for FD
YESB52077116,Referral,In Progress,2024-01-23 00:00:00,Called for FD
YESB79904293,Referral,Converted,2024-12-20 00:00:00,KYC Pending
YESB21172737,Digital Campaign,Converted,2024-01-29 00:00:00,KYC Pending
YESB72192496,Walk-in,Converted,2024-12-09 00:00:00,Interested in HL
YESB76499591,Referral,In Progress,2024-03-20 00:00:00,Wait for salary credit
YESB73835439,Digital Campaign,Lost,2024-09-06 00:00:00,Called for FD
YESB87581737,Referral,Converted,2024-07-09 00:00:00,Interested in HL
YESB46403539,Referral,Lost,2024-09-29 00:00:00,KYC Pending
YESB93066637,Referral,In Progress,2024-01-26 00:00:00,Wait for salary credit
YESB97842037,Digital Campaign,Lost,2024-03-25 00:00:00,Interested in HL
YESB17132701,Digital Campaign,In Progress,2024-03-20 00:00:00,Wait for salary credit
YESB62260088,Walk-in,In Progress,2024-12-03 00:00:00,Wait for salary credit
YESB51939434,Digital Campaign,Lost,2024-10-06 00:00:00,Called for FD
YESB19016908,Digital Campaign,Converted,2024-06-25 00:00:00,Interested in HL
YESB17184578,Walk-in,Converted,2024-05-12 00:00:00,Interested in HL
YESB97064786,Referral,Converted,2024-12-13 00:00:00,Wait for salary credit
YESB19503769,Referral,In Progress,2024-03-04 00:00:00,Called for FD
YESB48590792,Walk-in,Lost,2024-03-31 00:00:00,Called for FD
YESB50224167,Referral,In Progress,2024-09-29 00:00:00,KYC Pending
YESB94238968,Digital Campaign,In Progress,2024-09-02 00:00:00,Wait for salary credit
YESB74941232,Referral,Lost,2024-12-14 00:00:00,Wait for salary credit
YESB75683665,Referral,Lost,2024-09-22 00:00:00,KYC Pending
YESB51566417,Walk-in,Converted,2024-03-16 00:00:00,Called for FD
YESB70470836,Walk-in,Lost,2024-01-10 00:00:00,Wait for salary credit
YESB81262046,Walk-in,Converted,2024-08-27 00:00:00,Wait for salary credit
YESB82448752,Digital Campaign,Converted,2024-03-14 00:00:00,Wait for salary credit
YESB41550544,Walk-in,Converted,2024-11-01 00:00:00,Called for FD
YESB65815729,Referral,Lost,2024-05-20 00:00:00,Called for FD
YESB18188244,Digital Campaign,Lost,2024-07-07 00:00:00,KYC Pending
YESB75743393,Referral,Lost,2024-04-22 00:00:00,KYC Pending
YESB40351862,Referral,In Progress,2024-10-22 00:00:00,Called for FD
YESB78385519,Walk-in,In Progress,2024-05-19 00:00:00,Interested in HL
YESB96156189,Digital Campaign,In Progress,2024-01-26 00:00:00,Wait for salary credit
YESB57327904,Digital Campaign,In Progress,2024-12-31 00:00:00,Interested in HL
YESB18102305,Walk-in,Converted,2024-03-07 00:00:00,Interested in HL
YESB95247837,Walk-in,In Progress,2024-12-21 00:00:00,Called for FD
YESB45789260,Walk-in,In Progress,2024-07-27 00:00:00,Interested in HL
YESB94401135,Digital Campaign,Lost,2024-09-20 00:00:00,Called for FD
YESB18569404,Referral,In Progress,2024-05-13 00:00:00,Wait for salary credit
YESB17957158,Walk-in,Converted,2024-05-31 00:00:00,Wait for salary credit
YESB77879133,Digital Campaign,In Progress,2024-04-26 00:00:00,Wait for salary credit
YESB12411015,Walk-in,Converted,2024-08-11 00:00:00,Called for FD
YESB30387014,Referral,Lost,2024-04-29 00:00:00,Called for FD
YESB79889753,Digital Campaign,Lost,2024-06-29 00:00:00,Called for FD
YESB40899324,Walk-in,Converted,2024-07-31 00:00:00,Interested in HL
YESB66423587,Referral,In Progress,2024-02-27 00:00:00,Interested in HL
YESB18415358,Walk-in,In Progress,2024-07-20 00:00:00,Wait for salary credit
YESB30884279,Digital Campaign,Lost,2024-11-11 00:00:00,Interested in HL
YESB84753654,Digital Campaign,In Progress,2024-02-24 00:00:00,Called for FD
YESB29591170,Walk-in,Lost,2024-09-23 00:00:00,KYC Pending
YESB26048595,Digital Campaign,In Progress,2024-06-27 00:00:00,KYC Pending
YESB43077221,Digital Campaign,Lost,2024-07-28 00:00:00,KYC Pending
YESB80484354,Walk-in,Lost,2024-02-01 00:00:00,KYC Pending
YESB60454982,Digital Campaign,In Progress,2024-11-27 00:00:00,Wait for salary credit
YESB81509763,Digital Campaign,In Progress,2024-03-28 00:00:00,KYC Pending
YESB48251943,Digital Campaign,Converted,2024-09-05 00:00:00,KYC Pending
YESB59740843,Referral,Lost,2024-10-26 00:00:00,KYC Pending
YESB67374011,Walk-in,Converted,2024-09-04 00:00:00,Called for FD
YESB90149773,Digital Campaign,In Progress,2024-02-28 00:00:00,Interested in HL
YESB17260016,Digital Campaign,Converted,2024-09-03 00:00:00,Interested in HL
YESB95203851,Walk-in,Converted,2024-01-07 00:00:00,Interested in HL
YESB69291898,Walk-in,Lost,2024-04-05 00:00:00,Interested in HL
YESB90301008,Referral,Converted,2024-05-01 00:00:00,Called for FD
YESB52640436,Referral,Converted,2024-09-13 00:00:00,Wait for salary credit
YESB75379131,Walk-in,Converted,2024-05-01 00:00:00,Interested in HL
YESB74138155,Digital Campaign,In Progress,2024-11-12 00:00:00,Interested in HL
YESB51285751,Digital Campaign,Lost,2024-02-15 00:00:00,Wait for salary credit
YESB23635167,Referral,In Progress,2024-10-16 00:00:00,Interested in HL
YESB44893284,Referral,In Progress,2024-05-01 00:00:00,KYC Pending
YESB35519662,Digital Campaign,In Progress,2024-05-04 00:00:00,KYC Pending
YESB30407550,Referral,Lost,2024-02-25 00:00:00,KYC Pending
YESB25177817,Digital Campaign,Lost,2024-08-10 00:00:00,Interested in HL
YESB13757938,Digital Campaign,In Progress,2024-06-04 00:00:00,Wait for salary credit
YESB81342109,Walk-in,Lost,2024-11-03 00:00:00,Interested in HL
YESB67517286,Walk-in,Lost,2024-02-10 00:00:00,KYC Pending
YESB61672182,Referral,Lost,2024-06-29 00:00:00,Interested in HL
YESB90420373,Digital Campaign,Lost,2024-10-11 00:00:00,Wait for salary credit
YESB52760118,Walk-in,Lost,2024-03-18 00:00:00,Called for FD
YESB26610581,Walk-in,In Progress,2024-02-25 00:00:00,Wait for salary credit
YESB35189936,Walk-in,Lost,2024-11-12 00:00:00,Called for FD
YESB27233205,Digital Campaign,In Progress,2024-11-24 00:00:00,Interested in HL
YESB95668069,Walk-in,Converted,2024-06-04 00:00:00,KYC Pending
YESB87690493,Digital Campaign,Lost,2024-06-11 00:00:00,Interested in HL
YESB46167327,Walk-in,Lost,2024-07-31 00:00:00,Interested in HL
YESB90197582,Walk-in,In Progress,2024-10-13 00:00:00,Wait for salary credit
YESB81144196,Walk-in,In Progress,2024-07-20 00:00:00,Wait for salary credit
YESB79496419,Digital Campaign,Lost,2024-07-09 00:00:00,Wait for salary credit
YESB84945553,Referral,Lost,2024-05-31 00:00:00,Wait for salary credit
YESB16475705,Referral,Lost,2024-04-01 00:00:00,Called for FD
YESB75868753,Referral,Converted,2024-05-16 00:00:00,Wait for salary credit
YESB18100899,Walk-in,Lost,2024-02-10 00:00:00,Interested in HL
YESB29056361,Walk-in,Lost,2024-05-17 00:00:00,Wait for salary credit
YESB58842648,Walk-in,In Progress,2024-11-22 00:00:00,Wait for salary credit
YESB28011807,Referral,In Progress,2024-03-16 00:00:00,Wait for salary credit
YESB16714454,Referral,In Progress,2024-05-20 00:00:00,Interested in HL
YESB14037044,Walk-in,In Progress,2024-04-06 00:00:00,KYC Pending
YESB80331506,Referral,Converted,2024-05-31 00:00:00,KYC Pending
YESB15617367,Digital Campaign,In Progress,2024-03-12 00:00:00,Called for FD
YESB87117688,Digital Campaign,Converted,2024-09-11 00:00:00,Called for FD
YESB76574444,Walk-in,Converted,2024-03-14 00:00:00,Wait for salary credit
YESB75547554,Walk-in,In Progress,2024-06-05 00:00:00,Wait for salary credit
YESB22687761,Referral,Lost,2024-03-15 00:00:00,Wait for salary credit
YESB57249005,Digital Campaign,Converted,2024-12-04 00:00:00,KYC Pending
YESB61866458,Referral,Lost,2024-08-03 00:00:00,KYC Pending
YESB53335531,Referral,Converted,2024-01-13 00:00:00,Called for FD
YESB29198339,Digital Campaign,Converted,2024-10-02 00:00:00,Interested in HL
YESB15829911,Digital Campaign,Lost,2024-08-02 00:00:00,Interested in HL
YESB95276794,Walk-in,Converted,2024-10-13 00:00:00,KYC Pending
YESB97111110,Referral,In Progress,2024-07-24 00:00:00,Wait for salary credit
YESB97840282,Digital Campaign,Lost,2024-01-27 00:00:00,Interested in HL
YESB90839361,Referral,In Progress,2024-02-19 00:00:00,Called for FD
YESB11435596,Referral,Lost,2024-06-09 00:00:00,Interested in HL
YESB95878712,Referral,In Progress,2024-02-05 00:00:00,Wait for salary credit
YESB50843275,Referral,Lost,2024-10-09 00:00:00,Wait for salary credit
YESB76997917,Digital Campaign,Converted,2024-08-19 00:00:00,Interested in HL
YESB66966106,Walk-in,In Progress,2024-10-30 00:00:00,KYC Pending
YESB30346416,Referral,Converted,2024-10-08 00:00:00,Interested in HL
YESB62407261,Referral,Converted,2024-10-31 00:00:00,Interested in HL
YESB51196744,Walk-in,Lost,2024-09-22 00:00:00,Called for FD
YESB55067104,Walk-in,Lost,2024-08-20 00:00:00,Called for FD
YESB95963256,Digital Campaign,In Progress,2024-05-25 00:00:00,KYC Pending
YESB55895057,Referral,Converted,2024-09-27 00:00:00,Called for FD
YESB45637440,Digital Campaign,In Progress,2024-02-11 00:00:00,KYC Pending
YESB64121421,Referral,Converted,2024-07-28 00:00:00,Wait for salary credit
YESB23464515,Referral,Converted,2024-08-19 00:00:00,Interested in HL
YESB60083412,Referral,Lost,2024-11-09 00:00:00,Wait for salary credit
YESB35491264,Digital Campaign,In Progress,2024-06-09 00:00:00,Interested in HL
YESB80984597,Referral,In Progress,2024-08-17 00:00:00,Interested in HL
YESB49792128,Referral,In Progress,2024-09-17 00:00:00,Wait for salary credit
YESB26427634,Digital Campaign,Lost,2024-01-13 00:00:00,Called for FD
YESB48289649,Walk-in,In Progress,2024-06-10 00:00:00,Called for FD
YESB80627897,Digital Campaign,Converted,2024-05-27 00:00:00,Wait for salary credit
YESB90574720,Referral,In Progress,2024-04-10 00:00:00,Called for FD
YESB52803240,Digital Campaign,Lost,2024-03-26 00:00:00,Called for FD
YESB72179165,Digital Campaign,In Progress,2024-12-08 00:00:00,KYC Pending
YESB13586089,Walk-in,Converted,2024-02-21 00:00:00,Interested in HL
YESB42564207,Digital Campaign,Lost,2024-09-29 00:00:00,Wait for salary credit
YESB16238390,Digital Campaign,Converted,2024-09-23 00:00:00,Called for FD
YESB31425472,Referral,Converted,2024-05-06 00:00:00,Wait for salary credit
YESB50283644,Walk-in,Converted,2024-03-04 00:00:00,Wait for salary credit
YESB64072060,Walk-in,In Progress,2024-10-27 00:00:00,KYC Pending
YESB74651613,Digital Campaign,Lost,2024-03-18 00:00:00,Interested in HL
YESB59064481,Walk-in,Converted,2024-09-19 00:00:00,KYC Pending
YESB35925396,Walk-in,Converted,2024-11-25 00:00:00,KYC Pending
YESB23449960,Digital Campaign,Converted,2024-02-23 00:00:00,Interested in HL
YESB38513198,Digital Campaign,Converted,2024-11-30 00:00:00,Wait for salary credit
YESB29743058,Walk-in,Lost,2024-01-11 00:00:00,KYC Pending
YESB20964440,Referral,Converted,2024-10-24 00:00:00,Interested in HL
YESB60708177,Referral,Converted,2024-01-20 00:00:00,Interested in HL
YESB89064401,Walk-in,Lost,2024-07-06 00:00:00,KYC Pending
YESB40885803,Referral,Lost,2024-12-23 00:00:00,Wait for salary credit
YESB17085183,Digital Campaign,Lost,2024-08-30 00:00:00,KYC Pending
YESB94965473,Walk-in,In Progress,2024-05-04 00:00:00,Interested in HL
YESB99338335,Walk-in,In Progress,2024-11-01 00:00:00,Wait for salary credit
YESB50251249,Digital Campaign,In Progress,2024-06-26 00:00:00,Wait for salary credit
YESB32554826,Walk-in,Lost,2024-09-08 00:00:00,Wait for salary credit
YESB97892958,Referral,Converted,2024-05-02 00:00:00,KYC Pending
YESB92573038,Walk-in,In Progress,2024-05-24 00:00:00,KYC Pending
YESB55599912,Referral,Lost,2024-10-16 00:00:00,Called for FD
YESB95285357,Referral,Lost,2024-08-10 00:00:00,KYC Pending
YESB31763325,Digital Campaign,Lost,2024-11-23 00:00:00,Wait for salary credit
YESB75518842,Walk-in,Converted,2024-01-24 00:00:00,Called for FD
YESB84618530,Walk-in,Converted,2024-11-20 00:00:00,Interested in HL
YESB92396756,Digital Campaign,In Progress,2024-07-13 00:00:00,Called for FD
YESB12745752,Walk-in,In Progress,2024-08-04 00:00:00,Called for FD
YESB71617690,Walk-in,Converted,2024-03-20 00:00:00,Wait for salary credit
YESB23779230,Referral,Lost,2024-07-20 00:00:00,KYC Pending
YESB19701761,Walk-in,Lost,2024-10-06 00:00:00,Interested in HL
YESB86341879,Digital Campaign,Converted,2024-04-20 00:00:00,KYC Pending
YESB59398288,Walk-in,In Progress,2024-01-27 00:00:00,Interested in HL
YESB37055828,Walk-in,Lost,2024-03-15 00:00:00,Wait for salary credit
YESB29298768,Walk-in,Lost,2024-08-29 00:00:00,KYC Pending
YESB14777870,Digital Campaign,Lost,2024-09-04 00:00:00,Interested in HL
YESB59690438,Referral,Converted,2024-11-21 00:00:00,KYC Pending
YESB97106945,Walk-in,In Progress,2024-07-26 00:00:00,Called for FD
YESB11318856,Referral,In Progress,2024-09-07 00:00:00,Interested in HL
YESB14683576,Digital Campaign,Converted,2024-12-29 00:00:00,Called for FD
YESB22886353,Referral,In Progress,2024-04-05 00:00:00,KYC Pending
YESB95176592,Walk-in,Converted,2024-05-27 00:00:00,KYC Pending
YESB85449994,Digital Campaign,Converted,2024-12-02 00:00:00,Wait for salary credit
YESB59185194,Digital Campaign,Lost,2024-04-19 00:00:00,Called for FD
YESB51374005,Digital Campaign,Converted,2024-11-22 00:00:00,Wait for salary credit
YESB57721764,Walk-in,In Progress,2024-03-01 00:00:00,KYC Pending
YESB78913733,Referral,Lost,2024-05-19 00:00:00,Wait for salary credit
YESB19304216,Digital Campaign,Converted,2024-03-26 00:00:00,Interested in HL
YESB65527904,Referral,In Progress,2024-11-18 00:00:00,Interested in HL
YESB36853850,Walk-in,Lost,2024-10-18 00:00:00,Called for FD
YESB17844750,Digital Campaign,Converted,2024-04-01 00:00:00,Wait for salary credit
YESB86755261,Walk-in,Converted,2024-04-27 00:00:00,Called for FD
YESB39758180,Digital Campaign,In Progress,2024-01-17 00:00:00,Wait for salary credit
YESB27517630,Referral,Converted,2024-04-01 00:00:00,Wait for salary credit
YESB96906039,Referral,In Progress,2024-11-10 00:00:00,Called for FD
YESB22415445,Walk-in,Lost,2024-08-16 00:00:00,KYC Pending
YESB65922122,Digital Campaign,Lost,2024-02-04 00:00:00,Called for FD
YESB95621946,Referral,Converted,2024-05-16 00:00:00,Interested in HL
YESB20214239,Digital Campaign,Lost,2024-09-29 00:00:00,Called for FD
YESB47323333,Referral,In Progress,2024-09-20 00:00:00,Interested in HL
YESB94103114,Digital Campaign,Converted,2024-07-30 00:00:00,KYC Pending
YESB72227707,Walk-in,In Progress,2024-03-10 00:00:00,Called for FD
YESB88937887,Walk-in,Converted,2024-06-20 00:00:00,Called for FD
YESB34174362,Referral,Lost,2024-01-21 00:00:00,Interested in HL
YESB80601728,Walk-in,Converted,2024-02-08 00:00:00,Called for FD
YESB87259761,Digital Campaign,Lost,2024-08-30 00:00:00,Wait for salary credit
YESB60437117,Digital Campaign,Lost,2024-05-16 00:00:00,Wait for salary credit
YESB38773539,Walk-in,Lost,2024-11-20 00:00:00,KYC Pending
YESB78663219,Referral,Converted,2024-02-15 00:00:00,Called for FD
YESB80347961,Walk-in,Converted,2024-07-21 00:00:00,KYC Pending
YESB34449677,Referral,Lost,2024-10-30 00:00:00,Interested in HL
YESB91470626,Digital Campaign,Lost,2024-01-19 00:00:00,Wait for salary credit
YESB20573825,Walk-in,Lost,2024-12-28 00:00:00,Interested in HL
YESB66595365,Referral,Converted,2024-09-26 00:00:00,Wait for salary credit
YESB54096603,Referral,Lost,2024-11-13 00:00:00,KYC Pending
YESB52036587,Digital Campaign,Converted,2024-02-02 00:00:00,Interested in HL
YESB58097965,Walk-in,Lost,2024-09-06 00:00:00,KYC Pending
YESB86251940,Walk-in,In Progress,2024-04-03 00:00:00,Interested in HL
YESB19368261,Walk-in,In Progress,2024-03-04 00:00:00,Called for FD
YESB11813208,Walk-in,Lost,2024-12-04 00:00:00,Interested in HL
YESB29072310,Walk-in,Lost,2024-06-16 00:00:00,Wait for salary credit
YESB25361059,Walk-in,Converted,2024-03-09 00:00:00,Wait for salary credit
YESB21740706,Digital Campaign,Lost,2024-11-10 00:00:00,Wait for salary credit
YESB58802245,Digital Campaign,Converted,2024-10-13 00:00:00,KYC Pending
YESB73854140,Digital Campaign,Lost,2024-09-16 00:00:00,Wait for salary credit
YESB82136743,Walk-in,In Progress,2024-10-01 00:00:00,Interested in HL
YESB49717231,Digital Campaign,Converted,2024-11-17 00:00:00,Wait for salary credit
YESB76653896,Walk-in,In Progress,2024-05-21 00:00:00,KYC Pending
YESB53601755,Digital Campaign,In Progress,2024-06-14 00:00:00,KYC Pending
YESB34459175,Referral,In Progress,2024-03-04 00:00:00,KYC Pending
YESB13814940,Digital Campaign,Converted,2024-08-17 00:00:00,KYC Pending
YESB10949242,Walk-in,Converted,2024-01-23 00:00:00,Interested in HL
YESB61466933,Referral,In Progress,2024-10-31 00:00:00,KYC Pending
YESB84993668,Walk-in,Lost,2024-08-09 00:00:00,Interested in HL
YESB48231400,Digital Campaign,Lost,2024-11-12 00:00:00,KYC Pending
YESB75706255,Referral,Converted,2024-04-11 00:00:00,Interested in HL
YESB29815368,Referral,Converted,2024-01-29 00:00:00,Called for FD
YESB76813540,Digital Campaign,In Progress,2024-08-30 00:00:00,KYC Pending
YESB64072045,Digital Campaign,Converted,2024-09-13 00:00:00,Interested in HL
YESB54629400,Digital Campaign,Converted,2024-03-27 00:00:00,KYC Pending
YESB59960207,Referral,In Progress,2024-07-01 00:00:00,Wait for salary credit
YESB50199403,Referral,Lost,2024-10-02 00:00:00,KYC Pending
YESB60664109,Referral,Lost,2024-05-28 00:00:00,Wait for salary credit
YESB99782581,Digital Campaign,Lost,2024-06-19 00:00:00,KYC Pending
YESB86786407,Walk-in,Lost,2024-05-25 00:00:00,Called for FD
YESB83474018,Digital Campaign,Converted,2024-11-04 00:00:00,Wait for salary credit
YESB47792715,Referral,Converted,2024-07-12 00:00:00,Wait for salary credit
YESB70687818,Digital Campaign,Lost,2024-05-18 00:00:00,KYC Pending
YESB94746569,Digital Campaign,In Progress,2024-05-26 00:00:00,KYC Pending
YESB92824944,Walk-in,Converted,2024-02-17 00:00:00,Called for FD
YESB84739058,Digital Campaign,Converted,2024-06-05 00:00:00,Called for FD
YESB31623745,Referral,Converted,2024-02-09 00:00:00,Wait for salary credit
YESB92421179,Digital Campaign,Lost,2024-11-25 00:00:00,Interested in HL
YESB15382934,Walk-in,Lost,2024-04-16 00:00:00,Interested in HL
YESB99872873,Referral,Lost,2024-12-29 00:00:00,KYC Pending
YESB54536457,Walk-in,Lost,2024-06-10 00:00:00,KYC Pending
YESB83391315,Digital Campaign,In Progress,2024-11-10 00:00:00,Interested in HL
YESB21683952,Referral,In Progress,2024-10-06 00:00:00,KYC Pending
YESB48092943,Digital Campaign,In Progress,2024-08-04 00:00:00,Called for FD
YESB37629329,Referral,Converted,2024-02-17 00:00:00,Called for FD
YESB14843784,Walk-in,Converted,2024-11-30 00:00:00,KYC Pending
YESB29435468,Walk-in,Converted,2024-11-14 00:00:00,Wait for salary credit
YESB71303442,Walk-in,Converted,2024-09-02 00:00:00,Wait for salary credit
YESB70924702,Walk-in,In Progress,2024-06-13 00:00:00,Wait for salary credit
YESB62699855,Referral,Converted,2024-11-17 00:00:00,Wait for salary credit
YESB97802069,Referral,In Progress,2024-04-24 00:00:00,Called for FD
YESB29903493,Walk-in,In Progress,2024-03-14 00:00:00,Called for FD
YESB94299184,Referral,In Progress,2024-05-23 00:00:00,Called for FD
YESB78562608,Referral,Converted,2024-09-08 00:00:00,Called for FD
YESB22057140,Digital Campaign,Converted,2024-10-30 00:00:00,KYC Pending
YESB61110409,Walk-in,Lost,2024-08-07 00:00:00,Called for FD
YESB45174864,Digital Campaign,Lost,2024-10-03 00:00:00,KYC Pending
YESB43035405,Referral,Converted,2024-02-26 00:00:00,Interested in HL
YESB67455560,Digital Campaign,Lost,2024-02-23 00:00:00,Wait for salary credit
YESB32193620,Referral,Converted,2024-12-28 00:00:00,Interested in HL
YESB81880132,Walk-in,In Progress,2024-04-20 00:00:00,KYC Pending
YESB81947141,Referral,Converted,2024-09-06 00:00:00,Interested in HL
YESB98666452,Referral,Lost,2024-09-25 00:00:00,Interested in HL
YESB24405596,Walk-in,In Progress,2024-12-25 00:00:00,Wait for salary credit
YESB46378495,Referral,In Progress,2024-01-29 00:00:00,KYC Pending
YESB73312806,Walk-in,Lost,2024-11-08 00:00:00,Called for FD
YESB51263540,Referral,Converted,2024-03-20 00:00:00,KYC Pending
YESB64294834,Digital Campaign,Lost,2024-02-21 00:00:00,Called for FD
YESB86500988,Digital Campaign,Converted,2024-08-12 00:00:00,KYC Pending
YESB75813883,Referral,In Progress,2024-03-29 00:00:00,Called for FD
YESB87579092,Referral,Lost,2024-12-10 00:00:00,Interested in HL
YESB70988251,Digital Campaign,Converted,2024-05-17 00:00:00,Interested in HL
YESB59849525,Referral,In Progress,2024-12-21 00:00:00,Wait for salary credit
YESB62177556,Digital Campaign,In Progress,2024-09-15 00:00:00,Interested in HL
YESB51242511,Walk-in,Lost,2024-09-03 00:00:00,KYC Pending
YESB68242050,Referral,In Progress,2024-02-21 00:00:00,KYC Pending
YESB33546683,Walk-in,Converted,2024-05-09 00:00:00,Interested in HL
YESB14395395,Walk-in,Converted,2024-08-23 00:00:00,KYC Pending
YESB80265216,Digital Campaign,Lost,2024-01-29 00:00:00,Wait for salary credit
YESB52035815,Digital Campaign,Converted,2024-12-05 00:00:00,Called for FD
YESB64993311,Walk-in,In Progress,2024-06-03 00:00:00,Wait for salary credit
YESB16902565,Digital Campaign,Converted,2024-06-06 00:00:00,Called for FD
YESB30495675,Walk-in,In Progress,2024-02-09 00:00:00,Wait for salary credit
YESB45181822,Digital Campaign,Lost,2024-03-29 00:00:00,Wait for salary credit
YESB54847158,Digital Campaign,Lost,2024-12-06 00:00:00,Called for FD
YESB98435007,Referral,Converted,2024-06-25 00:00:00,Called for FD
YESB96125751,Referral,In Progress,2024-08-23 00:00:00,Interested in HL
YESB93335178,Walk-in,Converted,2024-10-13 00:00:00,KYC Pending
YESB45081232,Digital Campaign,Converted,2024-11-01 00:00:00,KYC Pending
YESB12792137,Digital Campaign,In Progress,2024-09-08 00:00:00,Wait for salary credit
YESB86259811,Referral,Lost,2024-09-27 00:00:00,Wait for salary credit
YESB89705139,Referral,Lost,2024-06-28 00:00:00,KYC Pending
YESB87826045,Digital Campaign,In Progress,2024-05-29 00:00:00,Wait for salary credit
YESB44897344,Digital Campaign,Lost,2024-11-05 00:00:00,Wait for salary credit
YESB30824529,Walk-in,Converted,2024-08-01 00:00:00,KYC Pending
YESB30856693,Walk-in,Converted,2024-06-26 00:00:00,Called for FD
YESB91283268,Walk-in,Converted,2024-01-29 00:00:00,Interested in HL
YESB40454356,Digital Campaign,In Progress,2024-04-07 00:00:00,Interested in HL
YESB94581851,Digital Campaign,In Progress,2024-01-09 00:00:00,Called for FD
YESB95447848,Walk-in,Converted,2024-10-06 00:00:00,Called for FD
YESB88037773,Digital Campaign,Converted,2024-11-16 00:00:00,KYC Pending
YESB25076703,Digital Campaign,In Progress,2024-05-19 00:00:00,Interested in HL
YESB81170725,Referral,In Progress,2024-09-18 00:00:00,KYC Pending
YESB61963766,Digital Campaign,In Progress,2024-09-17 00:00:00,KYC Pending
YESB66988449,Digital Campaign,In Progress,2024-10-15 00:00:00,KYC Pending
YESB45214784,Referral,In Progress,2024-11-24 00:00:00,Interested in HL
YESB80792179,Digital Campaign,Lost,2024-02-27 00:00:00,KYC Pending
YESB82475986,Referral,Lost,2024-01-12 00:00:00,Called for FD
YESB59516341,Walk-in,Lost,2024-08-15 00:00:00,Interested in HL
YESB97862408,Referral,In Progress,2024-05-06 00:00:00,Interested in HL
YESB37788382,Digital Campaign,Lost,2024-08-02 00:00:00,KYC Pending
YESB45608248,Referral,Converted,2024-03-31 00:00:00,KYC Pending
YESB88748788,Walk-in,Lost,2024-09-13 00:00:00,KYC Pending
YESB23210035,Referral,Lost,2024-07-31 00:00:00,Wait for salary credit
YESB77917837,Referral,Converted,2024-11-27 00:00:00,Wait for salary credit
YESB93619166,Digital Campaign,Converted,2024-04-03 00:00:00,Wait for salary credit
YESB15068338,Digital Campaign,Converted,2024-09-23 00:00:00,KYC Pending
YESB11515039,Referral,Converted,2024-10-08 00:00:00,Called for FD
YESB10782757,Referral,Lost,2024-12-10 00:00:00,Interested in HL
YESB63426682,Referral,Converted,2024-08-17 00:00:00,Wait for salary credit
YESB14527713,Referral,Lost,2024-02-25 00:00:00,KYC Pending
YESB47212446,Walk-in,Lost,2024-01-08 00:00:00,Wait for salary credit
YESB84355866,Referral,Lost,2024-02-06 00:00:00,Called for FD
YESB63837209,Referral,In Progress,2024-01-01 00:00:00,Called for FD
YESB95366286,Digital Campaign,Converted,2024-08-20 00:00:00,Interested in HL
YESB12381561,Walk-in,In Progress,2024-02-14 00:00:00,Called for FD
YESB52154812,Digital Campaign,Converted,2024-04-21 00:00:00,Wait for salary credit
YESB50874452,Walk-in,Lost,2024-02-22 00:00:00,Wait for salary credit
YESB36568486,Walk-in,Converted,2024-08-23 00:00:00,Called for FD
YESB73118250,Referral,Lost,2024-07-15 00:00:00,Interested in HL
YESB66588612,Walk-in,In Progress,2024-09-29 00:00:00,Wait for salary credit
YESB64934901,Referral,In Progress,2024-06-09 00:00:00,Wait for salary credit
YESB20633354,Referral,In Progress,2024-12-04 00:00:00,Interested in HL
YESB24981162,Digital Campaign,In Progress,2024-04-10 00:00:00,Wait for salary credit
YESB18572303,Walk-in,Lost,2024-10-10 00:00:00,Called for FD
YESB18663229,Digital Campaign,In Progress,2024-11-13 00:00:00,Called for FD
YESB55139674,Digital Campaign,Lost,2024-07-21 00:00:00,KYC Pending
YESB30207256,Referral,In Progress,2024-12-08 00:00:00,KYC Pending
YESB40588080,Digital Campaign,In Progress,2024-09-28 00:00:00,Wait for salary credit
YESB44280945,Referral,Converted,2024-06-18 00:00:00,Interested in HL
YESB42525004,Walk-in,Converted,2024-09-24 00:00:00,Wait for salary credit
YESB41285520,Referral,In Progress,2024-11-07 00:00:00,KYC Pending
YESB35231372,Walk-in,Lost,2024-09-19 00:00:00,KYC Pending
YESB66349108,Referral,Lost,2024-05-07 00:00:00,Called for FD
YESB24189152,Walk-in,Lost,2024-09-26 00:00:00,Called for FD
YESB14351432,Walk-in,In Progress,2024-02-06 00:00:00,Called for FD
YESB42638419,Walk-in,In Progress,2024-07-20 00:00:00,Interested in HL
YESB50797250,Digital Campaign,In Progress,2024-04-05 00:00:00,KYC Pending
YESB49026441,Referral,Lost,2024-03-12 00:00:00,KYC Pending
YESB34971762,Walk-in,Lost,2024-11-24 00:00:00,KYC Pending
YESB86728903,Digital Campaign,In Progress,2024-12-27 00:00:00,Called for FD
YESB87360084,Walk-in,In Progress,2024-01-21 00:00:00,Wait for salary credit
YESB59804035,Referral,In Progress,2024-01-28 00:00:00,Wait for salary credit
YESB59917122,Referral,Converted,2024-11-08 00:00:00,KYC Pending
YESB51562158,Digital Campaign,In Progress,2024-06-09 00:00:00,KYC Pending
YESB26873116,Walk-in,In Progress,2024-06-07 00:00:00,Wait for salary credit
YESB72872854,Referral,In Progress,2024-06-03 00:00:00,Interested in HL
YESB69750263,Referral,Converted,2024-06-19 00:00:00,KYC Pending
YESB65491806,Digital Campaign,Converted,2024-10-12 00:00:00,Wait for salary credit
YESB52964846,Digital Campaign,Converted,2024-12-13 00:00:00,KYC Pending
YESB90144795,Digital Campaign,Converted,2024-09-19 00:00:00,KYC Pending
YESB15507418,Digital Campaign,Lost,2024-04-03 00:00:00,Interested in HL
YESB51270643,Walk-in,Lost,2024-10-24 00:00:00,Wait for salary credit
YESB77652036,Walk-in,Converted,2024-06-15 00:00:00,KYC Pending
YESB31273803,Referral,Lost,2024-06-19 00:00:00,Wait for salary credit
YESB78025883,Walk-in,Lost,2024-06-28 00:00:00,Called for FD
YESB38040813,Referral,In Progress,2024-04-06 00:00:00,KYC Pending
YESB50614788,Walk-in,Lost,2024-01-20 00:00:00,KYC Pending
YESB52844928,Walk-in,In Progress,2024-06-26 00:00:00,Wait for salary credit
YESB75784329,Digital Campaign,In Progress,2024-05-29 00:00:00,KYC Pending
YESB70407146,Digital Campaign,Converted,2024-08-14 00:00:00,Called for FD
YESB96926774,Digital Campaign,Converted,2024-12-04 00:00:00,Interested in HL
YESB57844532,Referral,Lost,2024-05-04 00:00:00,Interested in HL
YESB37127762,Walk-in,Converted,2024-12-01 00:00:00,Wait for salary credit
YESB17692306,Digital Campaign,Converted,2024-10-15 00:00:00,Interested in HL
YESB64193566,Walk-in,Lost,2024-06-21 00:00:00,Called for FD
YESB55778943,Walk-in,Converted,2024-07-27 00:00:00,KYC Pending
YESB18862691,Digital Campaign,Lost,2024-11-08 00:00:00,Called for FD
YESB73589429,Digital Campaign,In Progress,2024-12-20 00:00:00,Wait for salary credit
YESB72339692,Referral,In Progress,2024-03-05 00:00:00,Interested in HL
YESB50622880,Walk-in,Converted,2024-04-18 00:00:00,Wait for salary credit
YESB69979687,Referral,Lost,2024-11-09 00:00:00,Interested in HL
YESB53088532,Referral,Converted,2024-12-09 00:00:00,Wait for salary credit
YESB33629501,Digital Campaign,Converted,2024-03-21 00:00:00,Called for FD
YESB16283058,Digital Campaign,Converted,2024-11-16 00:00:00,Called for FD
YESB98360725,Walk-in,In Progress,2024-12-04 00:00:00,Interested in HL
YESB49152235,Walk-in,Lost,2024-06-19 00:00:00,KYC Pending
YESB99465289,Walk-in,Lost,2024-11-04 00:00:00,KYC Pending
YESB71614329,Digital Campaign,Converted,2024-02-18 00:00:00,Called for FD
YESB60895631,Referral,Converted,2024-05-02 00:00:00,Called for FD
YESB58954127,Digital Campaign,Lost,2024-02-02 00:00:00,Interested in HL
YESB10971558,Walk-in,In Progress,2024-04-06 00:00:00,Interested in HL
YESB97078930,Walk-in,Lost,2024-03-04 00:00:00,Wait for salary credit
YESB81648551,Referral,In Progress,2024-12-28 00:00:00,Interested in HL
YESB96761211,Walk-in,Lost,2024-08-27 00:00:00,Interested in HL
YESB52762699,Walk-in,In Progress,2024-02-04 00:00:00,Interested in HL
YESB32461395,Walk-in,In Progress,2024-11-19 00:00:00,Interested in HL
YESB79805238,Walk-in,Lost,2024-04-16 00:00:00,KYC Pending
YESB81808427,Walk-in,Lost,2024-02-24 00:00:00,Wait for salary credit
YESB36053614,Referral,In Progress,2024-01-11 00:00:00,Interested in HL
YESB85408726,Referral,Converted,2024-06-22 00:00:00,KYC Pending
YESB85946849,Referral,Converted,2024-03-29 00:00:00,KYC Pending
YESB63174596,Digital Campaign,In Progress,2024-07-01 00:00:00,Called for FD
YESB19691999,Walk-in,Converted,2024-03-14 00:00:00,KYC Pending
YESB10472311,Walk-in,In Progress,2024-01-26 00:00:00,KYC Pending
YESB85444107,Walk-in,Converted,2024-08-24 00:00:00,KYC Pending
YESB66276630,Walk-in,Lost,2024-04-15 00:00:00,Called for FD
YESB14985670,Walk-in,Lost,2024-07-27 00:00:00,Wait for salary credit
YESB99919959,Digital Campaign,Lost,2024-11-30 00:00:00,Interested in HL
YESB16456055,Walk-in,In Progress,2024-08-14 00:00:00,Interested in HL
YESB40438966,Referral,Lost,2024-04-14 00:00:00,Called for FD
YESB46362120,Digital Campaign,Converted,2024-01-04 00:00:00,Called for FD
YESB67805556,Walk-in,Lost,2024-01-12 00:00:00,Wait for salary credit
YESB33438855,Digital Campaign,Converted,2024-11-16 00:00:00,Interested in HL
YESB83483155,Referral,Lost,2024-03-09 00:00:00,KYC Pending
YESB39756671,Walk-in,Converted,2024-05-03 00:00:00,Wait for salary credit
YESB94553353,Referral,Converted,2024-07-27 00:00:00,KYC Pending
YESB99717703,Referral,In Progress,2024-11-21 00:00:00,Called for FD
YESB40017160,Walk-in,Lost,2024-04-25 00:00:00,KYC Pending
YESB18215451,Walk-in,Converted,2024-10-17 00:00:00,KYC Pending
YESB39778672,Referral,Lost,2024-10-16 00:00:00,Called for FD
YESB74868650,Walk-in,Lost,2024-03-03 00:00:00,KYC Pending
YESB61972783,Walk-in,Converted,2024-09-15 00:00:00,KYC Pending
YESB60109533,Referral,In Progress,2024-08-01 00:00:00,KYC Pending
YESB24894374,Walk-in,Converted,2024-06-14 00:00:00,Interested in HL
YESB73135708,Walk-in,Lost,2024-06-14 00:00:00,Interested in HL
YESB62148006,Referral,Converted,2024-05-03 00:00:00,Interested in HL
YESB77329302,Walk-in,Converted,2024-05-10 00:00:00,Called for FD
YESB98714027,Digital Campaign,In Progress,2024-07-02 00:00:00,KYC Pending
YESB48529052,Digital Campaign,Lost,2024-11-20 00:00:00,Called for FD
YESB40928044,Walk-in,Lost,2024-12-30 00:00:00,KYC Pending
YESB51103734,Digital Campaign,Lost,2024-06-24 00:00:00,Called for FD
YESB44043860,Digital Campaign,In Progress,2024-08-22 00:00:00,Called for FD
YESB69969892,Walk-in,In Progress,2024-06-30 00:00:00,Called for FD
YESB89809327,Walk-in,In Progress,2024-09-27 00:00:00,Wait for salary credit
YESB94405929,Walk-in,Converted,2024-06-15 00:00:00,KYC Pending
YESB50572304,Referral,Converted,2024-07-28 00:00:00,Wait for salary credit
YESB51243726,Walk-in,Converted,2024-08-14 00:00:00,Wait for salary credit
YESB17214229,Walk-in,Lost,2024-09-27 00:00:00,Interested in HL
YESB21090712,Walk-in,In Progress,2024-06-09 00:00:00,Interested in HL
YESB73759672,Digital Campaign,Lost,2024-04-06 00:00:00,Called for FD
YESB12255437,Referral,Lost,2024-09-19 00:00:00,Called for FD
YESB79227788,Referral,Converted,2024-11-28 00:00:00,Interested in HL
YESB68025102,Digital Campaign,Converted,2024-06-02 00:00:00,Interested in HL
YESB10406885,Digital Campaign,Converted,2024-01-24 00:00:00,Called for FD
YESB88123396,Digital Campaign,Lost,2024-08-22 00:00:00,KYC Pending
YESB78611059,Referral,In Progress,2024-06-06 00:00:00,Interested in HL
YESB29121389,Walk-in,In Progress,2024-09-30 00:00:00,Called for FD
YESB67917577,Walk-in,Lost,2024-05-18 00:00:00,KYC Pending
YESB85500126,Referral,Converted,2024-11-23 00:00:00,Wait for salary credit
YESB24596580,Referral,In Progress,2024-11-09 00:00:00,KYC Pending
YESB35321734,Referral,Converted,2024-05-17 00:00:00,Wait for salary credit
YESB65368369,Walk-in,Lost,2024-05-21 00:00:00,Interested in HL
YESB42815339,Referral,Lost,2024-09-21 00:00:00,KYC Pending
YESB52166196,Digital Campaign,Converted,2024-06-18 00:00:00,Interested in HL
YESB35284990,Digital Campaign,Converted,2024-09-22 00:00:00,Wait for salary credit
YESB79426729,Referral,Lost,2024-09-26 00:00:00,Called for FD
YESB62255487,Walk-in,In Progress,2024-10-22 00:00:00,Wait for salary credit
YESB84615679,Referral,Converted,2024-09-28 00:00:00,Called for FD
YESB83109519,Walk-in,In Progress,2024-07-12 00:00:00,Called for FD
YESB75009128,Digital Campaign,In Progress,2024-06-19 00:00:00,Called for FD
YESB21924084,Referral,Converted,2024-03-06 00:00:00,KYC Pending
YESB77530379,Digital Campaign,Converted,2024-05-25 00:00:00,Called for FD
YESB71584433,Digital Campaign,Lost,2024-12-07 00:00:00,Wait for salary credit
YESB65157317,Digital Campaign,Lost,2024-02-03 00:00:00,Called for FD
YESB65802003,Digital Campaign,Lost,2024-02-19 00:00:00,Called for FD
YESB16355900,Walk-in,In Progress,2024-02-05 00:00:00,KYC Pending
YESB28367961,Referral,In Progress,2024-01-20 00:00:00,Called for FD
YESB94857260,Walk-in,Lost,2024-09-05 00:00:00,Called for FD
YESB54522755,Referral,In Progress,2024-12-30 00:00:00,Interested in HL
YESB81537838,Digital Campaign,Lost,2024-06-19 00:00:00,Called for FD
YESB26019201,Digital Campaign,Lost,2024-04-16 00:00:00,Interested in HL
YESB37753346,Digital Campaign,Converted,2024-06-22 00:00:00,Wait for salary credit
YESB45797934,Digital Campaign,Converted,2024-07-21 00:00:00,Wait for salary credit
YESB57712430,Walk-in,In Progress,2024-07-23 00:00:00,Wait for salary credit
YESB77442764,Referral,Converted,2024-06-07 00:00:00,Interested in HL
YESB96297794,Referral,In Progress,2024-04-27 00:00:00,KYC Pending
YESB52200568,Referral,Converted,2024-10-26 00:00:00,Wait for salary credit
YESB98525847,Walk-in,Lost,2024-02-20 00:00:00,Called for FD
YESB94869712,Walk-in,Lost,2024-06-25 00:00:00,KYC Pending
YESB83056399,Digital Campaign,In Progress,2024-12-18 00:00:00,Interested in HL
YESB72828012,Digital Campaign,Converted,2024-11-04 00:00:00,KYC Pending
YESB26173155,Walk-in,Lost,2024-01-15 00:00:00,Called for FD
YESB64705668,Referral,In Progress,2024-07-18 00:00:00,Wait for salary credit
YESB56990402,Walk-in,In Progress,2024-07-20 00:00:00,Called for FD
YESB65945956,Digital Campaign,Lost,2024-12-31 00:00:00,Called for FD
YESB28046155,Walk-in,In Progress,2024-04-02 00:00:00,KYC Pending
YESB56021940,Referral,Lost,2024-05-07 00:00:00,Called for FD
YESB39357781,Walk-in,In Progress,2024-11-29 00:00:00,KYC Pending
YESB61607970,Walk-in,In Progress,2024-09-21 00:00:00,KYC Pending
YESB63519755,Digital Campaign,Lost,2024-10-02 00:00:00,Wait for salary credit
YESB51878383,Walk-in,Lost,2024-08-18 00:00:00,Interested in HL
YESB68661765,Referral,Lost,2024-06-17 00:00:00,Interested in HL
YESB29197924,Walk-in,Lost,2024-07-11 00:00:00,Wait for salary credit
YESB91583981,Walk-in,Converted,2024-11-25 00:00:00,Called for FD
YESB66480036,Digital Campaign,Lost,2024-01-31 00:00:00,Wait for salary credit
YESB22252556,Walk-in,Lost,2024-08-04 00:00:00,Wait for salary credit
YESB44814251,Digital Campaign,Converted,2024-02-22 00:00:00,Wait for salary credit
YESB24316924,Walk-in,In Progress,2024-05-09 00:00:00,Wait for salary credit
YESB73244442,Referral,Converted,2024-03-07 00:00:00,KYC Pending
YESB98583071,Walk-in,Converted,2024-09-22 00:00:00,KYC Pending
YESB98326329,Walk-in,In Progress,2024-09-07 00:00:00,Interested in HL
YESB52675792,Walk-in,In Progress,2024-09-04 00:00:00,KYC Pending
YESB83723830,Walk-in,Converted,2024-02-01 00:00:00,Called for FD
YESB84827620,Digital Campaign,Converted,2024-08-09 00:00:00,Called for FD
YESB52308576,Walk-in,Converted,2024-04-21 00:00:00,Called for FD
YESB62011959,Referral,In Progress,2024-08-02 00:00:00,Wait for salary credit
YESB45597625,Referral,Converted,2024-11-16 00:00:00,Called for FD
YESB96606148,Referral,Lost,2024-02-27 00:00:00,KYC Pending
YESB72955951,Walk-in,Converted,2024-03-09 00:00:00,KYC Pending
YESB12093273,Digital Campaign,Converted,2024-03-06 00:00:00,Called for FD
YESB54138384,Digital Campaign,In Progress,2024-05-10 00:00:00,KYC Pending
YESB40784007,Referral,Converted,2024-09-14 00:00:00,Interested in HL
YESB27175201,Digital Campaign,In Progress,2024-06-24 00:00:00,Wait for salary credit
YESB23395970,Digital Campaign,Converted,2024-03-27 00:00:00,KYC Pending
YESB84611153,Referral,In Progress,2024-08-11 00:00:00,KYC Pending
YESB27057406,Digital Campaign,Converted,2024-03-30 00:00:00,Wait for salary credit
YESB51003168,Walk-in,Lost,2024-09-11 00:00:00,Wait for salary credit
YESB16803751,Referral,Lost,2024-08-15 00:00:00,Called for FD
YESB85691758,Walk-in,Converted,2024-09-18 00:00:00,Wait for salary credit
YESB98950428,Digital Campaign,Converted,2024-02-11 00:00:00,Interested in HL
YESB74064079,Referral,Lost,2024-06-16 00:00:00,KYC Pending
YESB76702780,Walk-in,In Progress,2024-06-16 00:00:00,Interested in HL
YESB76447810,Digital Campaign,Lost,2024-04-18 00:00:00,KYC Pending
YESB45304476,Digital Campaign,In Progress,2024-12-02 00:00:00,Called for FD
YESB11939806,Walk-in,In Progress,2024-08-04 00:00:00,KYC Pending
YESB58042370,Digital Campaign,Converted,2024-04-05 00:00:00,Wait for salary credit
YESB80726508,Referral,In Progress,2024-06-17 00:00:00,KYC Pending
YESB75462512,Referral,Lost,2024-05-06 00:00:00,Wait for salary credit
YESB49446709,Referral,Lost,2024-02-23 00:00:00,Wait for salary credit
YESB48218732,Referral,Lost,2024-07-02 00:00:00,Called for FD
YESB88406914,Walk-in,Converted,2024-10-16 00:00:00,Wait for salary credit
YESB69934152,Digital Campaign,Lost,2024-12-17 00:00:00,KYC Pending
YESB68710287,Walk-in,Converted,2024-06-07 00:00:00,Called for FD
YESB43395220,Digital Campaign,In Progress,2024-11-16 00:00:00,Interested in HL
YESB52962182,Walk-in,Lost,2024-07-01 00:00:00,Wait for salary credit
YESB46499087,Referral,Converted,2024-03-20 00:00:00,Wait for salary credit
YESB98667693,Walk-in,Converted,2024-07-02 00:00:00,Interested in HL
YESB78244459,Walk-in,Converted,2024-06-03 00:00:00,Called for FD
YESB71953562,Digital Campaign,In Progress,2024-05-08 00:00:00,Called for FD
YESB11012472,Digital Campaign,Converted,2024-01-03 00:00:00,Interested in HL
YESB88461688,Referral,In Progress,2024-04-12 00:00:00,Interested in HL
YESB23593094,Digital Campaign,Lost,2024-08-27 00:00:00,KYC Pending
YESB37900538,Digital Campaign,Lost,2024-10-04 00:00:00,KYC Pending
YESB17707361,Referral,Lost,2024-07-12 00:00:00,Called for FD
YESB36430257,Walk-in,Lost,2024-08-27 00:00:00,Called for FD
YESB96135174,Walk-in,Lost,2024-04-02 00:00:00,KYC Pending
YESB89405376,Walk-in,Lost,2024-04-06 00:00:00,Wait for salary credit
YESB75944565,Walk-in,Converted,2024-12-29 00:00:00,Called for FD
YESB95290269,Walk-in,In Progress,2024-09-16 00:00:00,Called for FD
YESB79552062,Referral,In Progress,2024-03-30 00:00:00,KYC Pending
YESB32430929,Referral,Converted,2024-01-23 00:00:00,Wait for salary credit
YESB85157261,Walk-in,Lost,2024-06-27 00:00:00,Wait for salary credit
YESB74701734,Digital Campaign,In Progress,2024-10-17 00:00:00,KYC Pending
YESB27303355,Walk-in,Converted,2024-10-03 00:00:00,Interested in HL
YESB34637710,Referral,In Progress,2024-03-26 00:00:00,Interested in HL
YESB60754454,Referral,Lost,2024-11-22 00:00:00,Wait for salary credit
YESB40160914,Walk-in,Converted,2024-07-08 00:00:00,Wait for salary credit
YESB93786775,Referral,Lost,2024-04-25 00:00:00,Wait for salary credit
YESB30347460,Digital Campaign,Converted,2024-03-22 00:00:00,KYC Pending
YESB11014891,Referral,In Progress,2024-02-13 00:00:00,KYC Pending
YESB20840515,Digital Campaign,Converted,2024-10-14 00:00:00,Called for FD
YESB70523643,Referral,Converted,2024-07-11 00:00:00,KYC Pending
YESB95183638,Walk-in,Lost,2024-02-09 00:00:00,Interested in HL
YESB75701104,Referral,Converted,2024-11-05 00:00:00,Interested in HL
YESB74299831,Digital Campaign,Converted,2024-11-29 00:00:00,Called for FD
YESB72077022,Walk-in,In Progress,2024-10-19 00:00:00,KYC Pending
YESB54847158,Walk-in,Lost,2024-07-16 00:00:00,KYC Pending
YESB23299773,Referral,Converted,2024-04-15 00:00:00,Wait for salary credit
YESB18497620,Digital Campaign,Lost,2024-11-24 00:00:00,Called for FD
YESB76945463,Walk-in,In Progress,2024-05-03 00:00:00,Called for FD
YESB46944602,Walk-in,Lost,2024-08-09 00:00:00,Wait for salary credit
YESB69984125,Walk-in,Converted,2024-08-03 00:00:00,Called for FD
YESB39960377,Walk-in,Lost,2024-03-19 00:00:00,Wait for salary credit
YESB75373801,Walk-in,Converted,2024-07-12 00:00:00,Wait for salary credit
YESB38776660,Walk-in,Converted,2024-02-16 00:00:00,Wait for salary credit
YESB28046052,Walk-in,In Progress,2024-07-04 00:00:00,Interested in HL
YESB32978056,Referral,In Progress,2024-12-05 00:00:00,KYC Pending
YESB36567185,Digital Campaign,Converted,2024-04-21 00:00:00,Interested in HL
YESB38742270,Walk-in,Converted,2024-05-01 00:00:00,Interested in HL
YESB35138390,Walk-in,Converted,2024-04-13 00:00:00,KYC Pending
YESB71759620,Referral,Lost,2024-09-10 00:00:00,Wait for salary credit
YESB98340833,Referral,Lost,2024-10-25 00:00:00,Interested in HL
YESB66373155,Digital Campaign,Converted,2024-02-27 00:00:00,Called for FD
YESB10745802,Walk-in,Converted,2024-07-29 00:00:00,Called for FD
YESB93644561,Walk-in,In Progress,2024-06-04 00:00:00,Called for FD
YESB90832953,Walk-in,In Progress,2024-07-05 00:00:00,Called for FD
YESB79182619,Walk-in,Lost,2024-07-19 00:00:00,Wait for salary credit
YESB67324047,Digital Campaign,Converted,2024-07-25 00:00:00,Interested in HL
YESB66283196,Referral,Lost,2024-10-19 00:00:00,KYC Pending
YESB59107122,Digital Campaign,Lost,2024-03-01 00:00:00,Wait for salary credit
YESB83828398,Referral,Lost,2024-11-14 00:00:00,KYC Pending
YESB10564962,Referral,In Progress,2024-06-24 00:00:00,Wait for salary credit
YESB69199181,Digital Campaign,Converted,2024-04-10 00:00:00,Wait for salary credit
YESB44142936,Digital Campaign,Converted,2024-12-20 00:00:00,Called for FD
YESB35910837,Referral,Lost,2024-05-06 00:00:00,KYC Pending
YESB84300901,Walk-in,Lost,2024-12-03 00:00:00,Wait for salary credit
YESB96556997,Referral,Converted,2024-08-15 00:00:00,Interested in HL
YESB36065156,Referral,Lost,2024-02-27 00:00:00,Called for FD
YESB42944800,Walk-in,Converted,2024-09-08 00:00:00,Called for FD
YESB25192107,Walk-in,Converted,2024-01-16 00:00:00,Called for FD
YESB83553152,Walk-in,Converted,2024-06-04 00:00:00,Called for FD
YESB63581568,Referral,In Progress,2024-07-01 00:00:00,Called for FD
YESB60641568,Digital Campaign,In Progress,2024-12-04 00:00:00,Wait for salary credit
YESB79993952,Walk-in,In Progress,2024-12-22 00:00:00,Interested in HL
YESB87944573,Digital Campaign,In Progress,2024-03-07 00:00:00,Called for FD
YESB25129305,Digital Campaign,Lost,2024-12-20 00:00:00,Called for FD
YESB32457926,Walk-in,Lost,2024-08-21 00:00:00,Interested in HL
YESB68340416,Digital Campaign,Lost,2024-12-03 00:00:00,KYC Pending
YESB10475885,Walk-in,Lost,2024-08-24 00:00:00,Called for FD
YESB93148099,Digital Campaign,In Progress,2024-11-27 00:00:00,Wait for salary credit
YESB28495098,Referral,Converted,2024-01-17 00:00:00,Called for FD
YESB27044300,Referral,In Progress,2024-11-17 00:00:00,Interested in HL
YESB46062936,Referral,Lost,2024-08-07 00:00:00,Interested in HL
YESB71417166,Walk-in,In Progress,2024-04-19 00:00:00,KYC Pending
YESB22359550,Digital Campaign,Lost,2024-03-18 00:00:00,Called for FD
YESB83921156,Referral,Lost,2024-09-26 00:00:00,KYC Pending
YESB22872487,Digital Campaign,In Progress,2024-01-25 00:00:00,Interested in HL
YESB45346311,Referral,Lost,2024-09-11 00:00:00,Wait for salary credit
YESB70586608,Referral,In Progress,2024-05-26 00:00:00,Interested in HL
YESB55063446,Referral,Converted,2024-02-23 00:00:00,Interested in HL
YESB33030154,Referral,Lost,2024-08-18 00:00:00,KYC Pending
YESB57413955,Digital Campaign,Converted,2024-10-30 00:00:00,Called for FD
YESB56306138,Referral,Converted,2024-01-09 00:00:00,Wait for salary credit
YESB25980446,Walk-in,In Progress,2024-11-10 00:00:00,Interested in HL
YESB99596312,Digital Campaign,In Progress,2024-10-01 00:00:00,Called for FD
YESB94179665,Referral,In Progress,2024-02-01 00:00:00,Called for FD
YESB66053397,Referral,Lost,2024-02-05 00:00:00,KYC Pending
YESB40573944,Walk-in,Converted,2024-10-24 00:00:00,KYC Pending
YESB72683732,Walk-in,In Progress,2024-02-19 00:00:00,Interested in HL
YESB35547138,Digital Campaign,Lost,2024-08-30 00:00:00,Wait for salary credit
YESB23847948,Walk-in,Converted,2024-08-12 00:00:00,Called for FD
YESB73143972,Walk-in,Lost,2024-07-27 00:00:00,Wait for salary credit
YESB85314947,Walk-in,Lost,2024-02-04 00:00:00,Called for FD
YESB24869289,Walk-in,Converted,2024-06-10 00:00:00,Interested in HL
YESB88300483,Referral,In Progress,2024-02-23 00:00:00,KYC Pending
YESB66201156,Referral,Lost,2024-09-27 00:00:00,Interested in HL
YESB75860386,Digital Campaign,In Progress,2024-03-20 00:00:00,Wait for salary credit
YESB33433884,Walk-in,Converted,2024-09-18 00:00:00,Interested in HL
YESB31910621,Digital Campaign,Lost,2024-06-02 00:00:00,KYC Pending
YESB38739941,Referral,Converted,2024-09-18 00:00:00,KYC Pending
YESB44687473,Digital Campaign,Converted,2024-03-02 00:00:00,Called for FD
YESB64103662,Referral,In Progress,2024-12-18 00:00:00,Called for FD
YESB67530510,Walk-in,Converted,2024-12-17 00:00:00,Wait for salary credit
YESB36200638,Walk-in,In Progress,2024-01-23 00:00:00,Wait for salary credit
YESB75365234,Digital Campaign,In Progress,2024-03-28 00:00:00,Interested in HL
YESB86604216,Referral,In Progress,2024-03-10 00:00:00,Called for FD
YESB81029377,Digital Campaign,In Progress,2024-08-08 00:00:00,Called for FD
YESB91384693,Walk-in,Converted,2024-09-19 00:00:00,Wait for salary credit
YESB86773117,Digital Campaign,Lost,2024-06-12 00:00:00,Called for FD
YESB46554701,Digital Campaign,In Progress,2024-02-16 00:00:00,Wait for salary credit
YESB45721984,Digital Campaign,Converted,2024-12-03 00:00:00,KYC Pending
YESB16050058,Walk-in,In Progress,2024-03-27 00:00:00,Interested in HL
YESB65513483,Walk-in,Lost,2024-04-12 00:00:00,Interested in HL
YESB40626369,Referral,Lost,2024-10-10 00:00:00,KYC Pending
YESB57327838,Digital Campaign,Converted,2024-03-20 00:00:00,Called for FD
YESB89065211,Digital Campaign,In Progress,2024-05-02 00:00:00,KYC Pending
YESB65563453,Digital Campaign,In Progress,2024-05-14 00:00:00,Wait for salary credit
YESB21518998,Walk-in,Converted,2024-04-22 00:00:00,Interested in HL
YESB14365749,Digital Campaign,Converted,2024-08-03 00:00:00,Called for FD
YESB68371067,Walk-in,Converted,2024-12-21 00:00:00,KYC Pending
YESB47842934,Walk-in,Lost,2024-10-16 00:00:00,Wait for salary credit
YESB45266533,Walk-in,In Progress,2024-12-03 00:00:00,Called for FD
YESB79837883,Walk-in,Lost,2024-07-25 00:00:00,Called for FD
YESB40481008,Digital Campaign,In Progress,2024-11-20 00:00:00,Called for FD
YESB38122182,Walk-in,Lost,2024-06-12 00:00:00,KYC Pending
YESB10710014,Walk-in,Lost,2024-12-12 00:00:00,Wait for salary credit
YESB48083159,Walk-in,Lost,2024-08-20 00:00:00,Interested in HL
YESB24601922,Digital Campaign,Converted,2024-10-06 00:00:00,Interested in HL
YESB48629114,Referral,In Progress,2024-10-24 00:00:00,KYC Pending
YESB99915489,Digital Campaign,Lost,2024-03-14 00:00:00,Wait for salary credit
YESB25472730,Referral,Lost,2024-08-05 00:00:00,Wait for salary credit
YESB65259875,Referral,Converted,2024-04-14 00:00:00,Interested in HL
YESB34546003,Digital Campaign,Converted,2024-07-07 00:00:00,KYC Pending
YESB39745428,Walk-in,In Progress,2024-12-29 00:00:00,Interested in HL
YESB18717528,Referral,Converted,2024-04-28 00:00:00,KYC Pending
YESB33893980,Walk-in,Lost,2024-12-17 00:00:00,Wait for salary credit
YESB40230511,Digital Campaign,In Progress,2024-07-25 00:00:00,Wait for salary credit
YESB32162593,Walk-in,Lost,2024-10-11 00:00:00,KYC Pending
YESB88730215,Digital Campaign,In Progress,2024-12-13 00:00:00,KYC Pending
YESB56385255,Referral,Converted,2024-07-23 00:00:00,KYC Pending
YESB64782183,Digital Campaign,Converted,2024-01-27 00:00:00,KYC Pending
YESB92140285,Walk-in,Converted,2024-03-19 00:00:00,KYC Pending
YESB76259029,Walk-in,Lost,2024-09-21 00:00:00,Called for FD
YESB27990852,Referral,In Progress,2024-06-11 00:00:00,Wait for salary credit
YESB83509473,Walk-in,In Progress,2024-02-22 00:00:00,Wait for salary credit
YESB67379500,Walk-in,Converted,2024-03-04 00:00:00,Wait for salary credit
YESB75715732,Walk-in,In Progress,2024-01-30 00:00:00,Called for FD
YESB74353218,Digital Campaign,Lost,2024-09-29 00:00:00,Called for FD
YESB61127136,Walk-in,Lost,2024-02-09 00:00:00,KYC Pending
YESB56652734,Digital Campaign,Converted,2024-11-27 00:00:00,KYC Pending
YESB90106318,Referral,In Progress,2024-12-19 00:00:00,Interested in HL
YESB97215906,Referral,In Progress,2024-10-29 00:00:00,Wait for salary credit
YESB31180739,Referral,In Progress,2024-05-02 00:00:00,KYC Pending
YESB99874997,Referral,Converted,2024-02-25 00:00:00,KYC Pending
YESB49957725,Digital Campaign,Converted,2024-11-28 00:00:00,KYC Pending
YESB97947882,Walk-in,Lost,2024-03-16 00:00:00,Wait for salary credit
YESB12152351,Digital Campaign,Lost,2024-03-04 00:00:00,Interested in HL
YESB79430759,Digital Campaign,Lost,2024-05-23 00:00:00,Called for FD
YESB94251653,Referral,Lost,2024-06-29 00:00:00,Wait for salary credit
YESB28002028,Digital Campaign,Lost,2024-11-17 00:00:00,Wait for salary credit
YESB32636580,Referral,In Progress,2024-04-06 00:00:00,KYC Pending
YESB99364529,Referral,Lost,2024-03-12 00:00:00,Called for FD
YESB44907746,Referral,Lost,2024-03-12 00:00:00,Called for FD
YESB82651111,Referral,Lost,2024-12-08 00:00:00,Interested in HL
YESB61876810,Walk-in,Converted,2024-06-27 00:00:00,Called for FD
YESB43093997,Digital Campaign,Converted,2024-09-28 00:00:00,Interested in HL
YESB72814060,Walk-in,Lost,2024-04-21 00:00:00,Called for FD
YESB95375919,Digital Campaign,Converted,2024-02-03 00:00:00,KYC Pending
YESB41014444,Walk-in,In Progress,2024-07-04 00:00:00,KYC Pending
YESB17928884,Walk-in,In Progress,2024-11-04 00:00:00,Called for FD
YESB74353218,Walk-in,In Progress,2024-02-27 00:00:00,Wait for salary credit
YESB81316391,Referral,Lost,2024-01-25 00:00:00,Called for FD
YESB22050478,Digital Campaign,Lost,2024-10-21 00:00:00,KYC Pending
YESB90858744,Digital Campaign,Converted,2024-03-02 00:00:00,Called for FD
YESB76609709,Referral,Lost,2024-05-19 00:00:00,Interested in HL
YESB45101382,Digital Campaign,Lost,2024-08-19 00:00:00,Called for FD
YESB15988597,Digital Campaign,Converted,2024-09-08 00:00:00,Called for FD
YESB66319833,Referral,Lost,2024-11-07 00:00:00,Interested in HL
YESB38641780,Walk-in,Converted,2024-10-29 00:00:00,Wait for salary credit
YESB90861641,Digital Campaign,Converted,2024-12-22 00:00:00,Called for FD
YESB10783465,Digital Campaign,In Progress,2024-02-19 00:00:00,Wait for salary credit
YESB99453905,Referral,In Progress,2024-01-13 00:00:00,KYC Pending
YESB10557128,Referral,Converted,2024-10-16 00:00:00,KYC Pending
YESB56396188,Digital Campaign,Lost,2024-02-26 00:00:00,Wait for salary credit
YESB25018536,Referral,Lost,2024-07-28 00:00:00,KYC Pending
YESB78824362,Walk-in,In Progress,2024-07-20 00:00:00,KYC Pending
YESB87281506,Walk-in,In Progress,2024-12-05 00:00:00,Called for FD
YESB46775483,Digital Campaign,Lost,2024-04-12 00:00:00,Interested in HL
YESB65504103,Digital Campaign,Lost,2024-01-17 00:00:00,Wait for salary credit
YESB24102896,Walk-in,In Progress,2024-07-08 00:00:00,Called for FD
YESB14883723,Walk-in,In Progress,2024-06-04 00:00:00,Called for FD
YESB20680725,Walk-in,In Progress,2024-08-05 00:00:00,Wait for salary credit
YESB85986734,Referral,Converted,2024-08-17 00:00:00,KYC Pending
YESB38086565,Referral,Lost,2024-03-27 00:00:00,Interested in HL
YESB62739642,Digital Campaign,In Progress,2024-03-18 00:00:00,Interested in HL
YESB42890334,Walk-in,Lost,2024-09-01 00:00:00,Wait for salary credit
YESB11122952,Walk-in,In Progress,2024-03-25 00:00:00,KYC Pending
YESB53541577,Digital Campaign,In Progress,2024-05-19 00:00:00,Interested in HL
YESB39417764,Digital Campaign,Lost,2024-01-18 00:00:00,Called for FD
YESB55565196,Walk-in,Converted,2024-03-12 00:00:00,Interested in HL
YESB42671255,Walk-in,Lost,2024-11-23 00:00:00,Called for FD
YESB81786494,Referral,Converted,2024-07-08 00:00:00,KYC Pending
YESB90155784,Digital Campaign,Converted,2024-04-16 00:00:00,KYC Pending
YESB81933238,Walk-in,Converted,2024-01-24 00:00:00,Interested in HL
YESB25692292,Referral,Converted,2024-11-18 00:00:00,Interested in HL
YESB98345071,Digital Campaign,Lost,2024-03-30 00:00:00,Called for FD
YESB43170465,Referral,Lost,2024-01-21 00:00:00,Interested in HL
YESB70624767,Referral,In Progress,2024-07-07 00:00:00,Wait for salary credit
YESB79312914,Digital Campaign,In Progress,2024-02-03 00:00:00,Called for FD
YESB60043373,Digital Campaign,In Progress,2024-10-10 00:00:00,KYC Pending
YESB43004418,Digital Campaign,In Progress,2024-05-30 00:00:00,KYC Pending
YESB23860604,Walk-in,In Progress,2024-05-25 00:00:00,Called for FD
YESB50913829,Walk-in,Converted,2024-08-07 00:00:00,Wait for salary credit
YESB75049138,Digital Campaign,In Progress,2024-01-10 00:00:00,Interested in HL
YESB61485969,Referral,Converted,2024-02-20 00:00:00,KYC Pending
YESB68388331,Referral,In Progress,2024-06-23 00:00:00,KYC Pending
YESB15800134,Referral,Converted,2024-11-01 00:00:00,Interested in HL
YESB53768127,Digital Campaign,Lost,2024-05-04 00:00:00,Interested in HL
YESB44996241,Referral,Converted,2024-09-07 00:00:00,Interested in HL
YESB65816399,Walk-in,In Progress,2024-08-02 00:00:00,Called for FD
YESB42433021,Referral,In Progress,2024-11-03 00:00:00,Called for FD
YESB54960929,Referral,Lost,2024-12-27 00:00:00,KYC Pending
YESB30013752,Walk-in,Converted,2024-10-03 00:00:00,KYC Pending
YESB29920711,Walk-in,Converted,2024-02-22 00:00:00,Called for FD
YESB59754608,Referral,Lost,2024-01-10 00:00:00,Wait for salary credit
YESB73835087,Walk-in,Lost,2024-05-26 00:00:00,Called for FD
YESB30365493,Walk-in,Converted,2024-04-09 00:00:00,Interested in HL
YESB78714532,Walk-in,Converted,2024-12-14 00:00:00,Called for FD
YESB88773308,Walk-in,In Progress,2024-01-05 00:00:00,Interested in HL
YESB78912975,Walk-in,Lost,2024-03-27 00:00:00,KYC Pending
YESB23921325,Digital Campaign,Lost,2024-03-18 00:00:00,Interested in HL
YESB96202389,Digital Campaign,In Progress,2024-09-30 00:00:00,Called for FD
YESB80156242,Digital Campaign,Lost,2024-03-25 00:00:00,Called for FD
YESB90549159,Referral,In Progress,2024-01-31 00:00:00,Wait for salary credit
YESB92713926,Digital Campaign,Converted,2024-12-29 00:00:00,Called for FD
YESB62696547,Digital Campaign,Lost,2024-02-05 00:00:00,Wait for salary credit
YESB82292196,Referral,Converted,2024-06-11 00:00:00,KYC Pending
YESB15392163,Digital Campaign,Lost,2024-12-24 00:00:00,KYC Pending
YESB51590041,Walk-in,Converted,2024-01-23 00:00:00,Interested in HL
YESB57853250,Referral,Lost,2024-10-16 00:00:00,Interested in HL
YESB97657359,Walk-in,Converted,2024-09-02 00:00:00,KYC Pending
YESB20385938,Referral,Converted,2024-01-04 00:00:00,Called for FD
YESB14978687,Walk-in,Lost,2024-11-13 00:00:00,KYC Pending
YESB57975280,Referral,Lost,2024-10-17 00:00:00,Interested in HL
YESB44049947,Digital Campaign,Converted,2024-06-01 00:00:00,Wait for salary credit
YESB92188190,Digital Campaign,Lost,2024-02-24 00:00:00,Wait for salary credit
YESB10460790,Digital Campaign,Lost,2024-12-29 00:00:00,Wait for salary credit
YESB44272689,Walk-in,Lost,2024-11-29 00:00:00,Interested in HL
YESB28511781,Walk-in,In Progress,2024-04-20 00:00:00,Interested in HL
YESB97088770,Digital Campaign,Converted,2024-06-18 00:00:00,Wait for salary credit
YESB35539304,Digital Campaign,In Progress,2024-04-24 00:00:00,KYC Pending
YESB40626369,Referral,Converted,2024-10-20 00:00:00,Wait for salary credit
YESB68385142,Referral,Converted,2024-02-20 00:00:00,Interested in HL
YESB66148555,Digital Campaign,Converted,2024-07-18 00:00:00,KYC Pending
YESB52665609,Walk-in,In Progress,2024-09-26 00:00:00,Wait for salary credit
YESB89636700,Digital Campaign,In Progress,2024-08-27 00:00:00,Interested in HL
YESB94792237,Referral,Converted,2024-08-05 00:00:00,Interested in HL
YESB93862863,Walk-in,In Progress,2024-09-14 00:00:00,Interested in HL
YESB88332325,Walk-in,In Progress,2024-09-01 00:00:00,Wait for salary credit
YESB17963753,Walk-in,Converted,2024-12-11 00:00:00,Called for FD
YESB11370860,Referral,Lost,2024-03-05 00:00:00,Wait for salary credit
YESB36070815,Referral,Lost,2024-09-21 00:00:00,Wait for salary credit
YESB46035628,Digital Campaign,Converted,2024-11-29 00:00:00,KYC Pending
YESB54365915,Referral,Lost,2024-06-23 00:00:00,Interested in HL
YESB11542698,Walk-in,Lost,2024-03-26 00:00:00,Interested in HL
YESB31446546,Walk-in,Converted,2024-04-09 00:00:00,KYC Pending
YESB10940368,Walk-in,In Progress,2024-12-11 00:00:00,Interested in HL
YESB57539027,Walk-in,Lost,2024-03-23 00:00:00,Called for FD
YESB55402068,Digital Campaign,In Progress,2024-09-15 00:00:00,Called for FD
YESB98229490,Walk-in,Lost,2024-06-11 00:00:00,Interested in HL
YESB14949940,Digital Campaign,Lost,2024-08-14 00:00:00,Called for FD
YESB10048907,Digital Campaign,Converted,2024-12-05 00:00:00,Interested in HL
YESB35081135,Digital Campaign,In Progress,2024-06-14 00:00:00,Wait for salary credit
YESB37759661,Referral,Converted,2024-05-03 00:00:00,Wait for salary credit
YESB75271895,Walk-in,Converted,2024-12-13 00:00:00,KYC Pending
YESB64067129,Walk-in,In Progress,2024-11-17 00:00:00,Called for FD
YESB94943514,Walk-in,Lost,2024-09-13 00:00:00,Interested in HL
YESB48650131,Digital Campaign,Converted,2024-09-10 00:00:00,Interested in HL
YESB20910801,Walk-in,Converted,2024-01-10 00:00:00,KYC Pending
YESB42011813,Walk-in,Lost,2024-12-09 00:00:00,Called for FD
YESB75681715,Digital Campaign,In Progress,2024-08-03 00:00:00,Interested in HL
YESB36137723,Referral,In Progress,2024-12-06 00:00:00,Interested in HL
YESB22617109,Walk-in,Converted,2024-08-31 00:00:00,Wait for salary credit
YESB14138491,Walk-in,In Progress,2024-07-06 00:00:00,Called for FD
YESB86922292,Digital Campaign,In Progress,2024-02-19 00:00:00,Called for FD
YESB42739201,Referral,In Progress,2024-04-18 00:00:00,Wait for salary credit
YESB22763606,Digital Campaign,In Progress,2024-12-22 00:00:00,Called for FD
YESB79206364,Walk-in,Converted,2024-11-09 00:00:00,Wait for salary credit
YESB91372131,Referral,In Progress,2024-09-21 00:00:00,Interested in HL
YESB84534562,Digital Campaign,Converted,2024-11-30 00:00:00,Interested in HL
YESB30186780,Digital Campaign,Converted,2024-06-14 00:00:00,Interested in HL
YESB51379796,Referral,In Progress,2024-09-12 00:00:00,Called for FD
YESB82277029,Referral,Converted,2024-01-01 00:00:00,KYC Pending
YESB80526264,Referral,Lost,2024-11-08 00:00:00,Wait for salary credit
YESB74281169,Digital Campaign,Converted,2024-10-31 00:00:00,Interested in HL
YESB61537598,Walk-in,Lost,2024-04-16 00:00:00,Interested in HL
YESB93318339,Digital Campaign,Converted,2024-06-19 00:00:00,Interested in HL
YESB79784141,Digital Campaign,In Progress,2024-12-07 00:00:00,Wait for salary credit
YESB60663418,Digital Campaign,In Progress,2024-04-03 00:00:00,Wait for salary credit
YESB70545499,Referral,Lost,2024-10-07 00:00:00,Wait for salary credit
YESB31036261,Digital Campaign,Converted,2024-08-17 00:00:00,KYC Pending
YESB44573369,Referral,In Progress,2024-04-30 00:00:00,Interested in HL
YESB20264764,Walk-in,Converted,2024-03-07 00:00:00,Called for FD
YESB54767573,Digital Campaign,In Progress,2024-06-18 00:00:00,Interested in HL
YESB18075573,Referral,In Progress,2024-08-10 00:00:00,Interested in HL
YESB42608388,Digital Campaign,In Progress,2024-08-13 00:00:00,Called for FD
YESB50308811,Digital Campaign,In Progress,2024-06-02 00:00:00,Called for FD
YESB74562612,Digital Campaign,Lost,2024-10-21 00:00:00,Called for FD
YESB44018030,Digital Campaign,In Progress,2024-01-24 00:00:00,KYC Pending
YESB49446709,Walk-in,Lost,2024-04-15 00:00:00,Wait for salary credit
YESB74140075,Referral,In Progress,2024-03-28 00:00:00,Wait for salary credit
YESB58118610,Walk-in,Lost,2024-03-11 00:00:00,Interested in HL
YESB40161811,Referral,In Progress,2024-09-08 00:00:00,KYC Pending
YESB66059608,Walk-in,Lost,2024-06-16 00:00:00,Called for FD
YESB60919093,Referral,Lost,2024-05-27 00:00:00,Wait for salary credit
YESB30079909,Walk-in,In Progress,2024-11-12 00:00:00,Wait for salary credit
YESB55138109,Digital Campaign,Converted,2024-06-22 00:00:00,Called for FD
YESB27647854,Referral,In Progress,2024-12-27 00:00:00,Wait for salary credit
YESB29424238,Referral,Converted,2024-03-26 00:00:00,Interested in HL
YESB68507230,Walk-in,In Progress,2024-10-03 00:00:00,KYC Pending
YESB89957309,Digital Campaign,In Progress,2024-02-08 00:00:00,KYC Pending
YESB98259707,Digital Campaign,Lost,2024-02-18 00:00:00,Interested in HL
YESB92587708,Walk-in,Converted,2024-10-07 00:00:00,KYC Pending
YESB60671786,Digital Campaign,In Progress,2024-11-05 00:00:00,Interested in HL
YESB98388813,Digital Campaign,Converted,2024-08-15 00:00:00,Called for FD
YESB20391521,Digital Campaign,Lost,2024-08-15 00:00:00,Called for FD
YESB63573410,Referral,Converted,2024-09-08 00:00:00,KYC Pending
YESB85421049,Walk-in,Converted,2024-10-07 00:00:00,Wait for salary credit
YESB33919684,Referral,In Progress,2024-02-07 00:00:00,Wait for salary credit
YESB92151186,Digital Campaign,In Progress,2024-06-14 00:00:00,KYC Pending
YESB11348610,Referral,Converted,2024-06-23 00:00:00,Called for FD
YESB89255599,Digital Campaign,In Progress,2024-10-18 00:00:00,Interested in HL
YESB18372211,Walk-in,In Progress,2024-11-03 00:00:00,Interested in HL
YESB19187338,Referral,In Progress,2024-05-13 00:00:00,Called for FD
YESB14286568,Walk-in,Converted,2024-07-08 00:00:00,KYC Pending
YESB21708824,Walk-in,In Progress,2024-08-12 00:00:00,KYC Pending
YESB65199640,Walk-in,Converted,2024-03-30 00:00:00,Wait for salary credit
YESB37182956,Walk-in,Lost,2024-12-09 00:00:00,Wait for salary credit
YESB86757000,Digital Campaign,Converted,2024-07-09 00:00:00,Called for FD
YESB63954254,Referral,Lost,2024-01-01 00:00:00,Called for FD
YESB12328950,Digital Campaign,In Progress,2024-04-26 00:00:00,Interested in HL
YESB82356693,Referral,In Progress,2024-03-13 00:00:00,KYC Pending
YESB70328614,Referral,Lost,2024-02-03 00:00:00,Wait for salary credit
YESB70529648,Walk-in,Converted,2024-03-04 00:00:00,Wait for salary credit
YESB98843848,Referral,Lost,2024-04-04 00:00:00,Called for FD
YESB26861077,Referral,In Progress,2024-04-26 00:00:00,Called for FD
YESB30257757,Digital Campaign,In Progress,2024-03-06 00:00:00,Called for FD
YESB99364924,Referral,Lost,2024-05-28 00:00:00,Wait for salary credit
YESB49538161,Digital Campaign,In Progress,2024-10-07 00:00:00,Interested in HL
YESB72251521,Walk-in,In Progress,2024-01-20 00:00:00,Called for FD
YESB88788421,Referral,In Progress,2024-12-17 00:00:00,Wait for salary credit
YESB74551431,Digital Campaign,Lost,2024-10-19 00:00:00,Wait for salary credit
YESB12647356,Digital Campaign,In Progress,2024-02-20 00:00:00,Interested in HL
YESB24273372,Walk-in,Lost,2024-02-22 00:00:00,KYC Pending
YESB78277812,Digital Campaign,Lost,2024-11-10 00:00:00,Wait for salary credit
YESB45647735,Digital Campaign,In Progress,2024-01-23 00:00:00,Called for FD
YESB72796599,Referral,Lost,2024-08-06 00:00:00,Interested in HL
YESB88446575,Walk-in,Converted,2024-03-14 00:00:00,Called for FD
YESB11710624,Referral,In Progress,2024-03-04 00:00:00,Interested in HL
YESB57365914,Digital Campaign,In Progress,2024-08-14 00:00:00,KYC Pending
YESB71140591,Referral,In Progress,2024-11-07 00:00:00,Called for FD
YESB10171454,Digital Campaign,Lost,2024-08-07 00:00:00,Called for FD
YESB18910790,Walk-in,Lost,2024-03-11 00:00:00,Wait for salary credit
YESB98284722,Referral,Converted,2024-05-07 00:00:00,Called for FD
YESB98469331,Walk-in,Converted,2024-12-26 00:00:00,Called for FD
YESB32581417,Walk-in,Lost,2024-08-01 00:00:00,Called for FD
YESB63174413,Digital Campaign,In Progress,2024-09-05 00:00:00,Called for FD
YESB26767352,Digital Campaign,Lost,2024-07-09 00:00:00,KYC Pending
YESB39545187,Digital Campaign,Converted,2024-07-26 00:00:00,KYC Pending
YESB20741765,Digital Campaign,Lost,2024-07-23 00:00:00,Interested in HL
YESB21326289,Digital Campaign,Converted,2024-03-09 00:00:00,KYC Pending
YESB94772009,Referral,In Progress,2024-03-22 00:00:00,Called for FD
YESB12305696,Referral,Converted,2024-08-31 00:00:00,KYC Pending
YESB99986362,Referral,Converted,2024-08-26 00:00:00,Interested in HL
YESB82529247,Walk-in,Lost,2024-02-02 00:00:00,Called for FD
YESB47177627,Digital Campaign,In Progress,2024-02-13 00:00:00,KYC Pending
YESB53563704,Digital Campaign,Lost,2024-02-28 00:00:00,Wait for salary credit
YESB35260481,Referral,In Progress,2024-12-04 00:00:00,Interested in HL
YESB37383350,Walk-in,In Progress,2024-02-17 00:00:00,KYC Pending
YESB95285604,Digital Campaign,Converted,2024-10-21 00:00:00,Wait for salary credit
YESB59761223,Walk-in,Lost,2024-02-24 00:00:00,KYC Pending
YESB36142780,Digital Campaign,Converted,2024-12-23 00:00:00,KYC Pending
YESB64965335,Digital Campaign,In Progress,2024-03-26 00:00:00,Called for FD
YESB36182784,Walk-in,In Progress,2024-04-08 00:00:00,Interested in HL
YESB61796055,Referral,Lost,2024-10-09 00:00:00,KYC Pending
YESB46058920,Walk-in,Converted,2024-03-29 00:00:00,Interested in HL
YESB24989914,Referral,Converted,2024-05-18 00:00:00,Called for FD
YESB59344677,Walk-in,Converted,2024-10-12 00:00:00,KYC Pending
YESB94902716,Walk-in,Lost,2024-06-08 00:00:00,Called for FD
YESB33322400,Digital Campaign,Converted,2024-12-13 00:00:00,Called for FD
YESB39975653,Referral,Converted,2024-07-21 00:00:00,Interested in HL
YESB91818335,Referral,In Progress,2024-11-04 00:00:00,KYC Pending
YESB96659897,Referral,Converted,2024-12-27 00:00:00,Interested in HL
YESB67782270,Walk-in,Lost,2024-06-01 00:00:00,Wait for salary credit
YESB83507659,Walk-in,Converted,2024-04-06 00:00:00,Interested in HL
YESB34535217,Walk-in,In Progress,2024-01-19 00:00:00,Called for FD
YESB46140412,Walk-in,Converted,2024-12-28 00:00:00,Wait for salary credit
YESB89392187,Digital Campaign,Lost,2024-10-25 00:00:00,Wait for salary credit
YESB46994514,Referral,Lost,2024-01-08 00:00:00,Called for FD
YESB60446776,Referral,In Progress,2024-04-09 00:00:00,Interested in HL
YESB66240804,Referral,In Progress,2024-02-04 00:00:00,Interested in HL
YESB66236198,Walk-in,In Progress,2024-02-14 00:00:00,Called for FD
YESB70670224,Walk-in,In Progress,2024-09-22 00:00:00,KYC Pending
YESB16685166,Referral,In Progress,2024-05-09 00:00:00,Interested in HL
YESB61972365,Walk-in,Converted,2024-05-14 00:00:00,Interested in HL
YESB95000087,Referral,Converted,2024-08-07 00:00:00,KYC Pending
YESB66518628,Digital Campaign,In Progress,2024-07-12 00:00:00,Interested in HL
YESB17830781,Walk-in,Converted,2024-12-09 00:00:00,Called for FD
YESB11009268,Walk-in,Converted,2024-04-26 00:00:00,Wait for salary credit
YESB35173596,Walk-in,Lost,2024-07-02 00:00:00,Wait for salary credit
YESB70572759,Walk-in,Converted,2024-11-03 00:00:00,Interested in HL
YESB63711024,Digital Campaign,In Progress,2024-09-13 00:00:00,KYC Pending
YESB86259811,Digital Campaign,Lost,2024-03-29 00:00:00,Interested in HL
YESB77139818,Walk-in,In Progress,2024-04-20 00:00:00,Interested in HL
YESB62027271,Digital Campaign,Converted,2024-07-05 00:00:00,Interested in HL
YESB34331625,Digital Campaign,In Progress,2024-08-14 00:00:00,KYC Pending
YESB61843917,Walk-in,Lost,2024-04-11 00:00:00,Wait for salary credit
YESB34021121,Digital Campaign,Lost,2024-03-28 00:00:00,KYC Pending
YESB66779324,Referral,In Progress,2024-06-23 00:00:00,Wait for salary credit
YESB46936613,Referral,In Progress,2024-03-18 00:00:00,Interested in HL
YESB37263494,Walk-in,In Progress,2024-10-17 00:00:00,Wait for salary credit
YESB37171943,Digital Campaign,In Progress,2024-05-28 00:00:00,Wait for salary credit
YESB54655696,Referral,Converted,2024-06-06 00:00:00,KYC Pending
YESB76576212,Walk-in,Lost,2024-12-16 00:00:00,KYC Pending
YESB32790902,Digital Campaign,Converted,2024-09-18 00:00:00,Called for FD
YESB36389633,Referral,Lost,2024-12-22 00:00:00,Called for FD
YESB56757575,Referral,Lost,2024-08-21 00:00:00,Called for FD
YESB78296090,Referral,In Progress,2024-12-30 00:00:00,Interested in HL
YESB32357111,Digital Campaign,Converted,2024-05-27 00:00:00,Interested in HL
YESB66418760,Walk-in,Converted,2024-02-21 00:00:00,Wait for salary credit
YESB69259571,Walk-in,Lost,2024-04-23 00:00:00,Wait for salary credit
YESB62878311,Digital Campaign,In Progress,2024-01-07 00:00:00,Wait for salary credit
YESB71954474,Referral,In Progress,2024-08-20 00:00:00,Interested in HL
YESB82662200,Referral,Lost,2024-07-06 00:00:00,Called for FD
YESB62557526,Walk-in,In Progress,2024-12-04 00:00:00,KYC Pending
YESB57088469,Walk-in,Converted,2024-01-14 00:00:00,Interested in HL
YESB47033030,Walk-in,In Progress,2024-04-03 00:00:00,Called for FD
YESB47500565,Digital Campaign,In Progress,2024-01-27 00:00:00,Interested in HL
YESB95341508,Digital Campaign,Lost,2024-11-13 00:00:00,KYC Pending
YESB98417661,Walk-in,Lost,2024-02-26 00:00:00,Called for FD
YESB23653012,Referral,Converted,2024-12-16 00:00:00,Interested in HL
YESB32230570,Walk-in,Lost,2024-10-03 00:00:00,Called for FD
YESB49412868,Walk-in,Lost,2024-04-29 00:00:00,KYC Pending
YESB71374286,Referral,Converted,2024-01-25 00:00:00,KYC Pending
YESB81086088,Referral,In Progress,2024-08-10 00:00:00,Wait for salary credit
YESB89258911,Digital Campaign,In Progress,2024-04-30 00:00:00,Called for FD
YESB35747481,Referral,Converted,2024-07-27 00:00:00,Wait for salary credit
YESB34954891,Referral,Lost,2024-03-29 00:00:00,Interested in HL
YESB91032325,Walk-in,Converted,2024-08-08 00:00:00,Called for FD
YESB17105674,Referral,Lost,2024-07-23 00:00:00,Interested in HL
YESB25361059,Referral,Lost,2024-12-17 00:00:00,Called for FD
YESB14953565,Digital Campaign,Converted,2024-07-15 00:00:00,Interested in HL
YESB79353821,Walk-in,In Progress,2024-06-06 00:00:00,Interested in HL
YESB53576012,Digital Campaign,Lost,2024-11-30 00:00:00,Interested in HL
YESB52663458,Digital Campaign,Converted,2024-08-25 00:00:00,KYC Pending
YESB25877176,Referral,In Progress,2024-02-07 00:00:00,Wait for salary credit
YESB22011150,Digital Campaign,Converted,2024-03-06 00:00:00,KYC Pending
YESB72890981,Digital Campaign,Lost,2024-02-28 00:00:00,Called for FD
YESB73974875,Walk-in,In Progress,2024-09-28 00:00:00,Wait for salary credit
YESB32704580,Walk-in,Converted,2024-11-02 00:00:00,Wait for salary credit
YESB27673357,Digital Campaign,In Progress,2024-10-02 00:00:00,Called for FD
YESB16159378,Digital Campaign,Lost,2024-03-28 00:00:00,Called for FD
YESB92146364,Referral,In Progress,2024-01-03 00:00:00,Interested in HL
YESB62855085,Digital Campaign,In Progress,2024-10-11 00:00:00,Interested in HL
YESB94488819,Digital Campaign,Converted,2024-08-15 00:00:00,KYC Pending
YESB74656185,Walk-in,In Progress,2024-02-27 00:00:00,Wait for salary credit
YESB85711495,Digital Campaign,In Progress,2024-11-05 00:00:00,Interested in HL
YESB93602536,Walk-in,In Progress,2024-09-27 00:00:00,KYC Pending
YESB66188792,Digital Campaign,Converted,2024-02-08 00:00:00,Interested in HL
YESB22886353,Walk-in,Lost,2024-01-28 00:00:00,Interested in HL
YESB31893343,Referral,Converted,2024-12-09 00:00:00,Called for FD
YESB27499071,Walk-in,Lost,2024-05-01 00:00:00,Interested in HL
YESB86733389,Referral,Lost,2024-01-04 00:00:00,Interested in HL
YESB27991988,Referral,In Progress,2024-06-09 00:00:00,KYC Pending
YESB14823596,Walk-in,In Progress,2024-05-08 00:00:00,Called for FD
YESB51731329,Digital Campaign,Converted,2024-11-02 00:00:00,Interested in HL
YESB51877189,Referral,In Progress,2024-04-24 00:00:00,Wait for salary credit
YESB76067743,Walk-in,In Progress,2024-09-17 00:00:00,Interested in HL
YESB64283559,Digital Campaign,Lost,2024-03-28 00:00:00,Wait for salary credit
YESB16444379,Walk-in,Converted,2024-01-16 00:00:00,KYC Pending
YESB39969961,Digital Campaign,In Progress,2024-02-20 00:00:00,Called for FD
YESB92963974,Referral,Lost,2024-05-03 00:00:00,Called for FD
YESB27504969,Referral,In Progress,2024-04-19 00:00:00,Called for FD
YESB29171071,Walk-in,Converted,2024-01-13 00:00:00,Interested in HL
YESB20885098,Walk-in,Lost,2024-03-14 00:00:00,Wait for salary credit
YESB42240597,Walk-in,In Progress,2024-04-25 00:00:00,Interested in HL
YESB38841497,Walk-in,In Progress,2024-12-08 00:00:00,KYC Pending
YESB92091762,Walk-in,In Progress,2024-06-10 00:00:00,Called for FD
YESB75736893,Walk-in,Lost,2024-03-18 00:00:00,Wait for salary credit
YESB11678487,Referral,In Progress,2024-06-21 00:00:00,KYC Pending
YESB32488000,Walk-in,Lost,2024-05-02 00:00:00,Called for FD
YESB34523706,Walk-in,Lost,2024-11-26 00:00:00,KYC Pending
YESB89200035,Digital Campaign,Converted,2024-04-19 00:00:00,Wait for salary credit
YESB78092076,Walk-in,Converted,2024-06-14 00:00:00,Interested in HL
YESB48034424,Walk-in,In Progress,2024-03-30 00:00:00,KYC Pending
YESB64553451,Walk-in,Converted,2024-02-27 00:00:00,Interested in HL
YESB83814389,Digital Campaign,Lost,2024-07-10 00:00:00,Wait for salary credit
YESB25507469,Digital Campaign,Converted,2024-01-15 00:00:00,Wait for salary credit
YESB88221570,Digital Campaign,In Progress,2024-12-25 00:00:00,Wait for salary credit
YESB52652382,Walk-in,In Progress,2024-07-22 00:00:00,Called for FD
YESB53576012,Digital Campaign,In Progress,2024-08-29 00:00:00,Called for FD
YESB97964038,Walk-in,In Progress,2024-08-03 00:00:00,Interested in HL
YESB58179115,Digital Campaign,In Progress,2024-11-13 00:00:00,Wait for salary credit
YESB28372303,Digital Campaign,In Progress,2024-02-06 00:00:00,Wait for salary credit
YESB44866580,Digital Campaign,In Progress,2024-05-13 00:00:00,Wait for salary credit
YESB87111040,Referral,Converted,2024-09-16 00:00:00,Interested in HL
YESB13952844,Walk-in,Lost,2024-08-10 00:00:00,KYC Pending
YESB62625371,Digital Campaign,Lost,2024-05-24 00:00:00,Wait for salary credit
YESB50123242,Referral,Lost,2024-09-29 00:00:00,Wait for salary credit
YESB42427870,Walk-in,Lost,2024-05-13 00:00:00,Called for FD
YESB35216290,Referral,Lost,2024-08-18 00:00:00,Called for FD
YESB64666123,Referral,In Progress,2024-09-08 00:00:00,Interested in HL
YESB87951978,Walk-in,In Progress,2024-03-01 00:00:00,Called for FD
YESB54961132,Walk-in,Converted,2024-04-06 00:00:00,Interested in HL
YESB25813916,Digital Campaign,Converted,2024-11-01 00:00:00,Wait for salary credit
YESB53432572,Referral,Converted,2024-11-17 00:00:00,Interested in HL
YESB50033525,Digital Campaign,In Progress,2024-03-06 00:00:00,Interested in HL
YESB34227663,Digital Campaign,Converted,2024-08-24 00:00:00,Wait for salary credit
YESB42293039,Walk-in,In Progress,2024-11-17 00:00:00,KYC Pending
YESB64168777,Walk-in,In Progress,2024-02-18 00:00:00,Interested in HL
YESB85875556,Walk-in,Converted,2024-02-10 00:00:00,Interested in HL
YESB60034418,Walk-in,In Progress,2024-02-21 00:00:00,Called for FD
YESB86840874,Digital Campaign,Lost,2024-01-01 00:00:00,Interested in HL
YESB53984837,Digital Campaign,Converted,2024-11-07 00:00:00,Wait for salary credit
YESB67912105,Walk-in,Lost,2024-08-23 00:00:00,KYC Pending
YESB11597521,Walk-in,Converted,2024-02-10 00:00:00,Called for FD
YESB83831855,Referral,Lost,2024-05-09 00:00:00,KYC Pending
YESB41202024,Referral,Converted,2024-05-26 00:00:00,KYC Pending
YESB19166281,Digital Campaign,Converted,2024-10-12 00:00:00,KYC Pending
YESB62902236,Walk-in,In Progress,2024-08-27 00:00:00,Called for FD
YESB21233725,Referral,Lost,2024-06-12 00:00:00,KYC Pending
YESB65742131,Walk-in,Converted,2024-08-25 00:00:00,Called for FD
YESB80265216,Walk-in,Converted,2024-07-26 00:00:00,Called for FD
YESB26228974,Digital Campaign,Converted,2024-07-26 00:00:00,KYC Pending
YESB36934011,Digital Campaign,In Progress,2024-09-27 00:00:00,Wait for salary credit
YESB38042948,Walk-in,Converted,2024-10-04 00:00:00,Called for FD
YESB98538399,Referral,Lost,2024-10-28 00:00:00,Interested in HL
YESB50537928,Walk-in,Converted,2024-06-15 00:00:00,Called for FD
YESB23167512,Walk-in,Lost,2024-02-03 00:00:00,Wait for salary credit
YESB57780554,Referral,Lost,2024-11-24 00:00:00,Interested in HL
YESB83645690,Walk-in,Converted,2024-07-04 00:00:00,Interested in HL
YESB13738174,Digital Campaign,In Progress,2024-04-10 00:00:00,Interested in HL
YESB78562608,Referral,In Progress,2024-08-19 00:00:00,Interested in HL
YESB88476234,Walk-in,In Progress,2024-07-23 00:00:00,KYC Pending
YESB95478189,Digital Campaign,Converted,2024-09-04 00:00:00,Interested in HL
YESB88429413,Walk-in,In Progress,2024-07-23 00:00:00,Interested in HL
YESB33719759,Digital Campaign,Lost,2024-05-26 00:00:00,Wait for salary credit
YESB69326845,Walk-in,Lost,2024-02-09 00:00:00,KYC Pending
YESB25263198,Referral,Converted,2024-06-27 00:00:00,Called for FD
YESB67954290,Digital Campaign,In Progress,2024-02-05 00:00:00,Interested in HL
YESB59990613,Referral,Lost,2024-10-13 00:00:00,Called for FD
YESB84267108,Walk-in,Converted,2024-11-19 00:00:00,Called for FD
YESB67081855,Digital Campaign,In Progress,2024-02-19 00:00:00,Interested in HL
YESB51502717,Referral,In Progress,2024-04-11 00:00:00,Wait for salary credit
YESB69906543,Walk-in,Converted,2024-09-09 00:00:00,KYC Pending
YESB38387856,Walk-in,Converted,2024-09-02 00:00:00,Wait for salary credit
YESB91347212,Referral,Lost,2024-12-07 00:00:00,Called for FD
YESB50400166,Referral,Converted,2024-04-30 00:00:00,KYC Pending
YESB94895691,Referral,Lost,2024-04-23 00:00:00,KYC Pending
YESB63998951,Walk-in,In Progress,2024-01-13 00:00:00,Wait for salary credit
YESB63000914,Referral,Lost,2024-01-25 00:00:00,KYC Pending
YESB75112686,Walk-in,Converted,2024-08-14 00:00:00,Wait for salary credit
YESB20298188,Referral,In Progress,2024-08-12 00:00:00,KYC Pending
YESB99251078,Digital Campaign,In Progress,2024-12-04 00:00:00,Called for FD
YESB82415165,Digital Campaign,Lost,2024-06-16 00:00:00,KYC Pending
YESB73974819,Referral,In Progress,2024-03-31 00:00:00,Wait for salary credit
YESB49253056,Walk-in,In Progress,2024-03-30 00:00:00,Interested in HL
YESB33565219,Referral,Lost,2024-08-28 00:00:00,Called for FD
YESB64334489,Walk-in,Lost,2024-02-27 00:00:00,Called for FD
YESB89258911,Walk-in,In Progress,2024-10-25 00:00:00,Called for FD
YESB28770130,Walk-in,Converted,2024-05-23 00:00:00,KYC Pending
YESB92322040,Walk-in,Converted,2024-01-30 00:00:00,Interested in HL
YESB79844197,Walk-in,Converted,2024-10-19 00:00:00,Interested in HL
YESB16915037,Referral,Lost,2024-08-10 00:00:00,Interested in HL
YESB22652152,Walk-in,Converted,2024-10-22 00:00:00,Wait for salary credit
YESB11322524,Digital Campaign,In Progress,2024-09-12 00:00:00,Called for FD
YESB69730418,Walk-in,Converted,2024-04-07 00:00:00,Called for FD
YESB59274752,Walk-in,In Progress,2024-12-06 00:00:00,Called for FD
YESB24220217,Digital Campaign,In Progress,2024-04-23 00:00:00,KYC Pending
YESB84495061,Digital Campaign,Converted,2024-09-24 00:00:00,Wait for salary credit
YESB15665375,Referral,In Progress,2024-02-13 00:00:00,Called for FD
YESB33757018,Digital Campaign,Lost,2024-12-13 00:00:00,Called for FD
YESB33290186,Digital Campaign,Converted,2024-09-22 00:00:00,Interested in HL
YESB17544756,Walk-in,Converted,2024-10-15 00:00:00,KYC Pending
YESB12251659,Referral,In Progress,2024-07-10 00:00:00,Interested in HL
YESB40081551,Referral,Converted,2024-09-22 00:00:00,KYC Pending
YESB48643492,Digital Campaign,In Progress,2024-01-07 00:00:00,Called for FD
YESB97427013,Referral,Converted,2024-01-13 00:00:00,Interested in HL
YESB24376972,Walk-in,Converted,2024-04-20 00:00:00,Wait for salary credit
YESB71210634,Walk-in,Converted,2024-06-07 00:00:00,KYC Pending
YESB50997893,Digital Campaign,In Progress,2024-03-09 00:00:00,Called for FD
YESB24156868,Referral,In Progress,2024-12-26 00:00:00,Called for FD
YESB24460446,Referral,In Progress,2024-08-17 00:00:00,Called for FD
YESB31958717,Digital Campaign,Converted,2024-05-07 00:00:00,Called for FD
YESB68817724,Digital Campaign,Converted,2024-05-14 00:00:00,Interested in HL
YESB62005827,Digital Campaign,Lost,2024-06-18 00:00:00,Wait for salary credit
YESB99323187,Digital Campaign,In Progress,2024-06-24 00:00:00,Interested in HL
YESB57868861,Digital Campaign,Lost,2024-08-07 00:00:00,Wait for salary credit
YESB61023267,Referral,Converted,2024-07-31 00:00:00,Interested in HL
YESB68291125,Referral,Converted,2024-12-01 00:00:00,Wait for salary credit
YESB33860497,Digital Campaign,Converted,2024-02-09 00:00:00,Wait for salary credit
YESB19280827,Walk-in,Converted,2024-04-14 00:00:00,KYC Pending
YESB24250190,Digital Campaign,In Progress,2024-12-19 00:00:00,Called for FD
YESB27370553,Referral,Lost,2024-03-19 00:00:00,KYC Pending
YESB42588081,Referral,Converted,2024-10-28 00:00:00,Interested in HL
YESB90452416,Referral,In Progress,2024-01-25 00:00:00,Called for FD
YESB58164870,Walk-in,In Progress,2024-05-13 00:00:00,Interested in HL
YESB50944585,Walk-in,Lost,2024-11-17 00:00:00,KYC Pending
YESB31388727,Digital Campaign,Lost,2024-01-15 00:00:00,Interested in HL
YESB40937604,Walk-in,Lost,2024-11-01 00:00:00,Interested in HL
YESB87478077,Digital Campaign,In Progress,2024-01-27 00:00:00,KYC Pending
YESB23226535,Referral,Lost,2024-08-15 00:00:00,KYC Pending
YESB53529847,Digital Campaign,Lost,2024-04-02 00:00:00,Interested in HL
YESB21612734,Walk-in,Converted,2024-03-29 00:00:00,Interested in HL
YESB72414759,Digital Campaign,Converted,2024-04-17 00:00:00,Called for FD
YESB66687471,Digital Campaign,In Progress,2024-07-30 00:00:00,KYC Pending
YESB68833113,Referral,Converted,2024-04-12 00:00:00,Interested in HL
YESB27011396,Digital Campaign,In Progress,2024-05-28 00:00:00,KYC Pending
YESB56768957,Referral,Lost,2024-01-26 00:00:00,Interested in HL
YESB99638971,Walk-in,In Progress,2024-11-12 00:00:00,Called for FD
YESB67927350,Referral,Lost,2024-07-23 00:00:00,Interested in HL
YESB13253340,Walk-in,Lost,2024-10-16 00:00:00,Wait for salary credit
YESB15565808,Referral,Lost,2024-03-09 00:00:00,Wait for salary credit
YESB60565650,Walk-in,In Progress,2024-03-27 00:00:00,Interested in HL
YESB44190636,Referral,Lost,2024-02-28 00:00:00,Called for FD
YESB74675029,Walk-in,Converted,2024-11-22 00:00:00,Interested in HL
YESB53155083,Walk-in,Converted,2024-01-20 00:00:00,Interested in HL
YESB79170982,Digital Campaign,Lost,2024-03-21 00:00:00,Called for FD
YESB24279060,Digital Campaign,Converted,2024-02-08 00:00:00,Called for FD
YESB70568205,Walk-in,In Progress,2024-07-23 00:00:00,Wait for salary credit
YESB33638444,Referral,In Progress,2024-04-05 00:00:00,KYC Pending
YESB93314830,Referral,Converted,2024-06-15 00:00:00,KYC Pending
YESB54279767,Digital Campaign,Converted,2024-10-16 00:00:00,Called for FD
YESB55981685,Walk-in,In Progress,2024-09-02 00:00:00,KYC Pending
YESB41205698,Walk-in,In Progress,2024-05-05 00:00:00,KYC Pending
YESB68507483,Walk-in,Converted,2024-11-26 00:00:00,Called for FD
YESB11218884,Digital Campaign,In Progress,2024-09-21 00:00:00,KYC Pending
YESB98354697,Walk-in,In Progress,2024-03-04 00:00:00,KYC Pending
YESB75386041,Referral,Lost,2024-05-04 00:00:00,KYC Pending
YESB54736954,Digital Campaign,In Progress,2024-07-05 00:00:00,Called for FD
YESB92987798,Referral,Lost,2024-05-30 00:00:00,Interested in HL
YESB79220873,Walk-in,In Progress,2024-09-21 00:00:00,Interested in HL
YESB39329128,Referral,Converted,2024-01-20 00:00:00,Wait for salary credit
YESB21692047,Digital Campaign,Lost,2024-03-07 00:00:00,Interested in HL
YESB11018256,Digital Campaign,Converted,2024-04-24 00:00:00,KYC Pending
YESB41303084,Referral,In Progress,2024-10-02 00:00:00,Interested in HL
YESB87197884,Walk-in,In Progress,2024-11-20 00:00:00,Wait for salary credit
YESB50789007,Referral,Lost,2024-10-03 00:00:00,Interested in HL
YESB28734892,Walk-in,In Progress,2024-08-02 00:00:00,KYC Pending
YESB94384808,Referral,Lost,2024-12-09 00:00:00,Interested in HL
YESB84691904,Referral,Converted,2024-12-09 00:00:00,KYC Pending
YESB21359361,Referral,Converted,2024-04-22 00:00:00,Wait for salary credit
YESB67946053,Walk-in,Converted,2024-08-21 00:00:00,Interested in HL
YESB35177250,Digital Campaign,Lost,2024-06-24 00:00:00,KYC Pending
YESB12185668,Digital Campaign,Converted,2024-09-24 00:00:00,Called for FD
YESB22277138,Walk-in,Converted,2024-03-27 00:00:00,Interested in HL
YESB90636695,Digital Campaign,In Progress,2024-04-21 00:00:00,KYC Pending
YESB69474211,Referral,In Progress,2024-01-16 00:00:00,Wait for salary credit
YESB59176552,Digital Campaign,In Progress,2024-06-23 00:00:00,KYC Pending
YESB56842295,Walk-in,Converted,2024-04-05 00:00:00,Interested in HL
YESB31898338,Referral,Lost,2024-04-19 00:00:00,Called for FD
YESB10878609,Walk-in,Converted,2024-11-04 00:00:00,Wait for salary credit
YESB51914095,Referral,Converted,2024-04-07 00:00:00,Wait for salary credit
YESB13612817,Digital Campaign,Lost,2024-11-03 00:00:00,Wait for salary credit
YESB30982575,Digital Campaign,In Progress,2024-05-26 00:00:00,Wait for salary credit
YESB35129067,Walk-in,Converted,2024-08-12 00:00:00,Wait for salary credit
YESB59507416,Digital Campaign,In Progress,2024-12-10 00:00:00,Called for FD
YESB42297286,Walk-in,In Progress,2024-02-11 00:00:00,KYC Pending
YESB17681254,Referral,Converted,2024-11-17 00:00:00,Called for FD
YESB85523617,Walk-in,Lost,2024-12-30 00:00:00,Interested in HL
YESB48488169,Referral,Converted,2024-01-19 00:00:00,Called for FD
YESB31670851,Walk-in,Converted,2024-06-20 00:00:00,Called for FD
YESB53421834,Walk-in,In Progress,2024-07-08 00:00:00,Wait for salary credit
YESB71210634,Digital Campaign,Lost,2024-05-24 00:00:00,Called for FD
YESB32812243,Referral,Lost,2024-12-03 00:00:00,Wait for salary credit
YESB55905337,Digital Campaign,Lost,2024-08-12 00:00:00,Interested in HL
YESB82463864,Digital Campaign,In Progress,2024-02-29 00:00:00,Wait for salary credit
YESB48707078,Digital Campaign,In Progress,2024-03-30 00:00:00,KYC Pending
YESB17183486,Referral,Converted,2024-07-27 00:00:00,Called for FD
YESB12354618,Digital Campaign,In Progress,2024-12-09 00:00:00,KYC Pending
YESB58633602,Walk-in,Lost,2024-06-26 00:00:00,KYC Pending
YESB92343085,Walk-in,Lost,2024-03-14 00:00:00,Wait for salary credit
YESB98390766,Digital Campaign,In Progress,2024-06-13 00:00:00,Called for FD
YESB72332603,Digital Campaign,Lost,2024-02-09 00:00:00,Called for FD
YESB31019382,Digital Campaign,In Progress,2024-05-19 00:00:00,Wait for salary credit
YESB94095198,Referral,Lost,2024-08-25 00:00:00,Wait for salary credit
YESB73644746,Referral,In Progress,2024-07-13 00:00:00,Called for FD
YESB75433926,Referral,Converted,2024-09-21 00:00:00,Called for FD
YESB73979316,Referral,Lost,2024-10-17 00:00:00,Wait for salary credit
YESB39251733,Walk-in,Converted,2024-03-18 00:00:00,Interested in HL
YESB15374719,Referral,Lost,2024-08-06 00:00:00,Called for FD
YESB87193027,Digital Campaign,In Progress,2024-11-03 00:00:00,Called for FD
YESB90679192,Referral,Lost,2024-02-12 00:00:00,Wait for salary credit
YESB61903891,Walk-in,In Progress,2024-06-11 00:00:00,Interested in HL
YESB78868490,Digital Campaign,In Progress,2024-07-16 00:00:00,Called for FD
YESB91518701,Referral,Converted,2024-01-23 00:00:00,KYC Pending
YESB57987105,Digital Campaign,Lost,2024-02-23 00:00:00,Called for FD
YESB91668402,Referral,Converted,2024-08-18 00:00:00,Interested in HL
YESB34552385,Digital Campaign,In Progress,2024-06-11 00:00:00,KYC Pending
YESB60031337,Walk-in,Lost,2024-05-07 00:00:00,Wait for salary credit
YESB88991242,Referral,Lost,2024-05-26 00:00:00,Called for FD
YESB64469792,Walk-in,Lost,2024-02-14 00:00:00,Interested in HL
YESB21365394,Digital Campaign,In Progress,2024-11-07 00:00:00,Called for FD
YESB89736652,Walk-in,In Progress,2024-05-09 00:00:00,Called for FD
YESB98953784,Walk-in,Converted,2024-05-23 00:00:00,KYC Pending
YESB22718404,Walk-in,Lost,2024-12-05 00:00:00,Interested in HL
YESB20554670,Digital Campaign,Converted,2024-01-15 00:00:00,Called for FD
YESB30257757,Referral,Lost,2024-05-30 00:00:00,Interested in HL
YESB79059914,Referral,Lost,2024-11-17 00:00:00,KYC Pending
YESB18150111,Referral,In Progress,2024-04-03 00:00:00,Interested in HL
YESB26351828,Walk-in,Converted,2024-06-28 00:00:00,Called for FD
YESB20735596,Walk-in,Lost,2024-05-29 00:00:00,Called for FD
YESB38804381,Digital Campaign,In Progress,2024-09-27 00:00:00,KYC Pending
YESB13021585,Walk-in,In Progress,2024-07-01 00:00:00,Called for FD
YESB68305566,Digital Campaign,Converted,2024-09-06 00:00:00,Interested in HL
YESB88352102,Referral,Lost,2024-12-13 00:00:00,Called for FD
YESB46189649,Digital Campaign,Lost,2024-05-17 00:00:00,Called for FD
YESB45052535,Walk-in,Converted,2024-03-31 00:00:00,Wait for salary credit
YESB26156331,Walk-in,Converted,2024-11-29 00:00:00,Wait for salary credit
YESB82378623,Referral,In Progress,2024-12-19 00:00:00,Called for FD
YESB74378461,Walk-in,Converted,2024-09-15 00:00:00,Called for FD
YESB39380999,Digital Campaign,Lost,2024-07-07 00:00:00,Interested in HL
YESB14428068,Digital Campaign,Converted,2024-11-13 00:00:00,Interested in HL
YESB32170920,Referral,In Progress,2024-07-30 00:00:00,KYC Pending
YESB92053901,Walk-in,Converted,2024-01-01 00:00:00,Interested in HL
YESB92800285,Walk-in,Converted,2024-12-06 00:00:00,Wait for salary credit
YESB66211688,Referral,Lost,2024-07-17 00:00:00,Wait for salary credit
YESB29850833,Walk-in,In Progress,2024-10-21 00:00:00,Wait for salary credit
YESB62706051,Walk-in,Lost,2024-06-09 00:00:00,Called for FD
YESB92959416,Referral,Converted,2024-02-12 00:00:00,Wait for salary credit
YESB69022706,Referral,Lost,2024-10-13 00:00:00,Interested in HL
YESB60224848,Digital Campaign,In Progress,2024-06-03 00:00:00,KYC Pending
YESB69552935,Referral,Converted,2024-02-21 00:00:00,Interested in HL
YESB13352619,Walk-in,Lost,2024-12-10 00:00:00,KYC Pending
YESB54036965,Walk-in,Converted,2024-12-17 00:00:00,Interested in HL
YESB52006043,Digital Campaign,Lost,2024-05-06 00:00:00,KYC Pending
YESB12956929,Walk-in,Converted,2024-12-13 00:00:00,Wait for salary credit
YESB65867926,Referral,Converted,2024-08-04 00:00:00,Wait for salary credit
YESB16114326,Walk-in,Lost,2024-02-20 00:00:00,KYC Pending
YESB82456780,Digital Campaign,Converted,2024-03-27 00:00:00,KYC Pending
YESB77665243,Walk-in,Lost,2024-01-04 00:00:00,Interested in HL
YESB73494543,Referral,In Progress,2024-02-06 00:00:00,Called for FD
YESB64547626,Digital Campaign,Lost,2024-05-08 00:00:00,Called for FD
YESB24432865,Walk-in,Lost,2024-08-02 00:00:00,Wait for salary credit
YESB13555928,Walk-in,Converted,2024-04-19 00:00:00,Interested in HL
YESB75083745,Digital Campaign,Lost,2024-03-18 00:00:00,Wait for salary credit
YESB14652634,Digital Campaign,Lost,2024-01-11 00:00:00,Interested in HL
YESB80079689,Referral,In Progress,2024-07-26 00:00:00,Interested in HL
YESB82754369,Walk-in,Converted,2024-02-29 00:00:00,Interested in HL
YESB73827968,Digital Campaign,Converted,2024-04-13 00:00:00,Interested in HL
YESB21000778,Walk-in,In Progress,2024-03-27 00:00:00,Wait for salary credit
YESB79324833,Referral,In Progress,2024-11-16 00:00:00,Interested in HL
YESB44247336,Walk-in,In Progress,2024-10-26 00:00:00,Wait for salary credit
YESB50244284,Digital Campaign,Lost,2024-05-29 00:00:00,Interested in HL
YESB42896941,Digital Campaign,Lost,2024-02-24 00:00:00,KYC Pending
YESB64116020,Digital Campaign,Converted,2024-02-16 00:00:00,Wait for salary credit
YESB24322475,Digital Campaign,Converted,2024-03-28 00:00:00,Called for FD
YESB11432836,Walk-in,Lost,2024-03-19 00:00:00,Interested in HL
YESB91595775,Digital Campaign,Lost,2024-02-25 00:00:00,Wait for salary credit
YESB47782017,Digital Campaign,Converted,2024-01-06 00:00:00,Wait for salary credit
YESB13512715,Referral,In Progress,2024-10-29 00:00:00,KYC Pending
YESB95864310,Digital Campaign,Lost,2024-01-29 00:00:00,Called for FD
YESB84952136,Referral,Converted,2024-03-06 00:00:00,Called for FD
YESB22760545,Walk-in,In Progress,2024-09-20 00:00:00,Called for FD
YESB40015812,Walk-in,Lost,2024-09-08 00:00:00,Called for FD
YESB64189134,Referral,Lost,2024-03-28 00:00:00,Called for FD
YESB57989942,Walk-in,Lost,2024-02-21 00:00:00,Interested in HL
YESB84632562,Referral,In Progress,2024-08-25 00:00:00,Wait for salary credit
YESB20529052,Referral,In Progress,2024-10-15 00:00:00,KYC Pending
YESB60447123,Walk-in,Lost,2024-02-22 00:00:00,Interested in HL
YESB31557133,Walk-in,In Progress,2024-09-12 00:00:00,KYC Pending
YESB84551442,Digital Campaign,In Progress,2024-10-03 00:00:00,Wait for salary credit
YESB58196291,Walk-in,Converted,2024-09-26 00:00:00,Called for FD
YESB66064486,Walk-in,Lost,2024-09-02 00:00:00,Wait for salary credit
YESB40537150,Referral,In Progress,2024-09-25 00:00:00,Wait for salary credit
YESB47029327,Digital Campaign,Lost,2024-08-07 00:00:00,Wait for salary credit
YESB55394028,Referral,Lost,2024-10-21 00:00:00,KYC Pending
YESB69102037,Walk-in,Converted,2024-12-13 00:00:00,KYC Pending
YESB94180236,Walk-in,Lost,2024-02-15 00:00:00,KYC Pending
YESB52368346,Digital Campaign,Lost,2024-07-30 00:00:00,Interested in HL
YESB73032771,Referral,Converted,2024-03-28 00:00:00,KYC Pending
YESB49786974,Referral,Converted,2024-07-13 00:00:00,Called for FD
YESB26750269,Referral,Converted,2024-10-25 00:00:00,Called for FD
YESB23128396,Walk-in,In Progress,2024-04-26 00:00:00,Interested in HL
YESB41463432,Walk-in,Converted,2024-04-21 00:00:00,Wait for salary credit
YESB52842173,Walk-in,In Progress,2024-07-24 00:00:00,KYC Pending
YESB26031432,Referral,Converted,2024-12-21 00:00:00,Interested in HL
YESB80222477,Digital Campaign,Lost,2024-05-19 00:00:00,KYC Pending
YESB62937484,Referral,In Progress,2024-07-12 00:00:00,Wait for salary credit
YESB15194647,Digital Campaign,Lost,2024-04-28 00:00:00,KYC Pending
YESB31302843,Referral,In Progress,2024-04-10 00:00:00,Wait for salary credit
YESB56792803,Walk-in,Lost,2024-02-24 00:00:00,Called for FD
YESB26991844,Referral,Lost,2024-12-31 00:00:00,KYC Pending
YESB86079844,Walk-in,Converted,2024-02-09 00:00:00,KYC Pending
YESB33086387,Digital Campaign,In Progress,2024-08-15 00:00:00,KYC Pending
YESB28179527,Referral,In Progress,2024-05-31 00:00:00,Called for FD
YESB11309500,Walk-in,Converted,2024-10-20 00:00:00,Called for FD
YESB73868745,Digital Campaign,Lost,2024-09-04 00:00:00,Wait for salary credit
YESB83906140,Digital Campaign,Converted,2024-06-30 00:00:00,KYC Pending
YESB31616295,Walk-in,Converted,2024-05-28 00:00:00,Interested in HL
YESB59297916,Digital Campaign,In Progress,2024-09-30 00:00:00,Interested in HL
YESB72775053,Digital Campaign,Converted,2024-07-10 00:00:00,Called for FD
YESB39288368,Walk-in,Converted,2024-11-28 00:00:00,Wait for salary credit
YESB35229346,Digital Campaign,Lost,2024-06-26 00:00:00,KYC Pending
YESB86060138,Walk-in,In Progress,2024-10-25 00:00:00,Wait for salary credit
YESB13285250,Referral,Lost,2024-08-30 00:00:00,Interested in HL
YESB40192125,Digital Campaign,Converted,2024-12-14 00:00:00,KYC Pending
YESB64745618,Walk-in,In Progress,2024-05-21 00:00:00,Interested in HL
YESB20762951,Digital Campaign,In Progress,2024-01-23 00:00:00,Wait for salary credit
YESB35324079,Referral,Converted,2024-11-09 00:00:00,Interested in HL
YESB78480448,Digital Campaign,Converted,2024-12-24 00:00:00,KYC Pending
YESB35497225,Digital Campaign,In Progress,2024-03-10 00:00:00,KYC Pending
YESB38554671,Referral,Lost,2024-03-19 00:00:00,Wait for salary credit
YESB76533888,Referral,In Progress,2024-06-20 00:00:00,Called for FD
YESB67172033,Digital Campaign,Converted,2024-01-06 00:00:00,Interested in HL
YESB15777450,Walk-in,Converted,2024-06-19 00:00:00,KYC Pending
YESB46051541,Referral,In Progress,2024-04-04 00:00:00,KYC Pending
YESB49446251,Walk-in,In Progress,2024-09-27 00:00:00,Called for FD
YESB47853505,Referral,In Progress,2024-03-24 00:00:00,Interested in HL
YESB47513777,Referral,Lost,2024-05-17 00:00:00,Wait for salary credit
YESB55050477,Referral,Converted,2024-01-10 00:00:00,KYC Pending
YESB85060910,Walk-in,Converted,2024-10-01 00:00:00,Called for FD
YESB15230700,Referral,Lost,2024-07-26 00:00:00,Called for FD
YESB47479811,Walk-in,Lost,2024-03-18 00:00:00,KYC Pending
YESB76027488,Referral,Converted,2024-01-12 00:00:00,Called for FD
YESB31098085,Walk-in,In Progress,2024-11-26 00:00:00,Called for FD
YESB91571552,Digital Campaign,Lost,2024-01-08 00:00:00,Interested in HL
YESB94281353,Referral,Lost,2024-07-06 00:00:00,KYC Pending
YESB60900739,Referral,In Progress,2024-02-17 00:00:00,KYC Pending
YESB60792102,Walk-in,In Progress,2024-01-26 00:00:00,Interested in HL
YESB53826290,Referral,Lost,2024-08-17 00:00:00,Wait for salary credit
YESB49861886,Referral,Lost,2024-12-12 00:00:00,KYC Pending
YESB91698293,Referral,In Progress,2024-02-12 00:00:00,Interested in HL
YESB40623906,Digital Campaign,Lost,2024-04-27 00:00:00,Called for FD
YESB25725410,Digital Campaign,Converted,2024-07-06 00:00:00,Wait for salary credit
YESB38142872,Walk-in,Converted,2024-06-17 00:00:00,KYC Pending
YESB25691982,Digital Campaign,Lost,2024-09-04 00:00:00,Wait for salary credit
YESB92741245,Digital Campaign,Lost,2024-10-16 00:00:00,KYC Pending
YESB17335212,Digital Campaign,In Progress,2024-11-09 00:00:00,Wait for salary credit
YESB28269029,Digital Campaign,In Progress,2024-08-26 00:00:00,Wait for salary credit
YESB19291879,Digital Campaign,Converted,2024-04-15 00:00:00,Interested in HL
YESB83408638,Walk-in,Lost,2024-10-02 00:00:00,KYC Pending
YESB41627364,Referral,In Progress,2024-08-11 00:00:00,KYC Pending
YESB69999143,Referral,In Progress,2024-11-02 00:00:00,Called for FD
YESB36694713,Referral,In Progress,2024-11-08 00:00:00,KYC Pending
YESB62948233,Referral,Lost,2024-12-25 00:00:00,Wait for salary credit
YESB97598638,Digital Campaign,Lost,2024-11-11 00:00:00,Interested in HL
YESB92842898,Digital Campaign,Lost,2024-04-16 00:00:00,Wait for salary credit
YESB85563907,Referral,Lost,2024-08-13 00:00:00,Wait for salary credit
YESB49090325,Walk-in,Lost,2024-06-01 00:00:00,Interested in HL
YESB80079560,Walk-in,Converted,2024-11-11 00:00:00,Called for FD
YESB96444767,Referral,Converted,2024-07-01 00:00:00,Interested in HL
YESB54903056,Walk-in,Converted,2024-05-20 00:00:00,Wait for salary credit
YESB87981655,Digital Campaign,Converted,2024-04-19 00:00:00,Interested in HL
YESB83740273,Referral,Lost,2024-04-12 00:00:00,Wait for salary credit
YESB79789088,Digital Campaign,In Progress,2024-06-03 00:00:00,Called for FD
YESB11710624,Digital Campaign,In Progress,2024-09-12 00:00:00,Interested in HL
YESB16534816,Walk-in,Lost,2024-09-09 00:00:00,KYC Pending
YESB22358667,Digital Campaign,Converted,2024-07-23 00:00:00,Interested in HL
YESB64100174,Referral,In Progress,2024-06-26 00:00:00,KYC Pending
YESB35881884,Walk-in,Converted,2024-09-15 00:00:00,Called for FD
YESB17676062,Walk-in,Lost,2024-06-15 00:00:00,KYC Pending
YESB96889804,Walk-in,Lost,2024-02-05 00:00:00,KYC Pending
YESB38430078,Referral,Converted,2024-01-02 00:00:00,Interested in HL
YESB46618648,Referral,Converted,2024-01-01 00:00:00,Called for FD
YESB64837889,Digital Campaign,Converted,2024-07-20 00:00:00,KYC Pending
YESB78578903,Digital Campaign,Lost,2024-02-03 00:00:00,KYC Pending
YESB41702548,Digital Campaign,In Progress,2024-05-19 00:00:00,Interested in HL
YESB21315412,Referral,Lost,2024-06-09 00:00:00,Called for FD
YESB77952114,Digital Campaign,Lost,2024-03-24 00:00:00,Wait for salary credit
YESB46067880,Walk-in,Lost,2024-08-01 00:00:00,KYC Pending
YESB70487292,Digital Campaign,Converted,2024-12-11 00:00:00,KYC Pending
YESB81111685,Walk-in,Lost,2024-11-16 00:00:00,Interested in HL
YESB88735436,Walk-in,Converted,2024-12-07 00:00:00,Interested in HL
YESB81890310,Walk-in,Lost,2024-04-12 00:00:00,KYC Pending
YESB92601305,Digital Campaign,In Progress,2024-03-07 00:00:00,Called for FD
YESB95303022,Walk-in,In Progress,2024-09-06 00:00:00,Interested in HL
YESB42515330,Referral,In Progress,2024-10-28 00:00:00,Called for FD
YESB41059015,Digital Campaign,In Progress,2024-04-29 00:00:00,Interested in HL
YESB94452764,Digital Campaign,Lost,2024-08-15 00:00:00,Wait for salary credit
YESB64621166,Walk-in,In Progress,2024-05-12 00:00:00,Called for FD
YESB75604003,Walk-in,Converted,2024-08-11 00:00:00,Interested in HL
YESB85696099,Digital Campaign,Converted,2024-08-04 00:00:00,KYC Pending
YESB70356605,Referral,Lost,2024-05-27 00:00:00,KYC Pending
YESB36516479,Digital Campaign,Converted,2024-09-23 00:00:00,Called for FD
YESB45884851,Walk-in,Converted,2024-07-08 00:00:00,KYC Pending
YESB22136835,Walk-in,Converted,2024-05-18 00:00:00,KYC Pending
YESB92112786,Walk-in,Lost,2024-11-23 00:00:00,Called for FD
YESB44005172,Referral,In Progress,2024-09-05 00:00:00,KYC Pending
YESB74010376,Walk-in,Lost,2024-10-18 00:00:00,Called for FD
YESB17878900,Digital Campaign,In Progress,2024-09-06 00:00:00,Wait for salary credit
YESB91360340,Referral,In Progress,2024-12-01 00:00:00,Interested in HL
YESB30795443,Walk-in,Converted,2024-03-14 00:00:00,Called for FD
YESB28269648,Walk-in,Converted,2024-06-08 00:00:00,KYC Pending
YESB80796881,Walk-in,In Progress,2024-09-19 00:00:00,Wait for salary credit
YESB82430137,Digital Campaign,Converted,2024-03-03 00:00:00,Interested in HL
YESB32216418,Referral,Converted,2024-05-23 00:00:00,Interested in HL
YESB26798754,Referral,Lost,2024-06-16 00:00:00,KYC Pending
YESB24128325,Walk-in,In Progress,2024-08-09 00:00:00,Called for FD
YESB99742787,Digital Campaign,Converted,2024-05-09 00:00:00,Interested in HL
YESB35422424,Walk-in,Converted,2024-08-11 00:00:00,Wait for salary credit
YESB40070009,Walk-in,Lost,2024-06-13 00:00:00,Called for FD
YESB35265133,Walk-in,Lost,2024-09-06 00:00:00,Interested in HL
YESB46691258,Referral,Converted,2024-01-17 00:00:00,Wait for salary credit
YESB83509473,Digital Campaign,Converted,2024-04-04 00:00:00,Wait for salary credit
YESB84694553,Referral,Converted,2024-09-11 00:00:00,Wait for salary credit
YESB67482770,Referral,In Progress,2024-06-06 00:00:00,KYC Pending
YESB24713248,Digital Campaign,Converted,2024-03-21 00:00:00,KYC Pending
YESB39474444,Referral,Lost,2024-07-12 00:00:00,Interested in HL
YESB96326803,Referral,Converted,2024-10-07 00:00:00,Called for FD
YESB31863662,Referral,Converted,2024-09-03 00:00:00,Called for FD
YESB35930962,Digital Campaign,In Progress,2024-01-20 00:00:00,Called for FD
YESB39737612,Walk-in,In Progress,2024-02-26 00:00:00,Called for FD
YESB73228717,Digital Campaign,Converted,2024-03-24 00:00:00,Wait for salary credit
YESB52265235,Walk-in,Converted,2024-10-07 00:00:00,Called for FD
YESB61012019,Walk-in,Lost,2024-03-26 00:00:00,Called for FD
YESB41398819,Walk-in,Converted,2024-08-25 00:00:00,Interested in HL
YESB42044187,Digital Campaign,In Progress,2024-07-26 00:00:00,Interested in HL
YESB18426867,Walk-in,Lost,2024-01-17 00:00:00,Interested in HL
YESB97198795,Walk-in,Lost,2024-03-09 00:00:00,Interested in HL
YESB16311574,Digital Campaign,Lost,2024-06-02 00:00:00,Called for FD
YESB34526307,Digital Campaign,Lost,2024-03-15 00:00:00,Wait for salary credit
YESB12125707,Referral,Lost,2024-05-18 00:00:00,Wait for salary credit
YESB53656784,Digital Campaign,In Progress,2024-02-12 00:00:00,Called for FD
YESB20476088,Referral,Converted,2024-12-17 00:00:00,Wait for salary credit
YESB68918421,Digital Campaign,In Progress,2024-01-23 00:00:00,KYC Pending
YESB65159457,Walk-in,In Progress,2024-11-24 00:00:00,Interested in HL
YESB90198367,Digital Campaign,Lost,2024-07-06 00:00:00,Interested in HL
YESB92307601,Referral,Lost,2024-01-31 00:00:00,KYC Pending
YESB78164438,Walk-in,Lost,2024-07-16 00:00:00,Called for FD
YESB48063696,Walk-in,Converted,2024-02-26 00:00:00,KYC Pending
YESB10665155,Walk-in,Lost,2024-04-23 00:00:00,Wait for salary credit
YESB82280598,Digital Campaign,Lost,2024-08-19 00:00:00,Interested in HL
YESB26292865,Walk-in,Lost,2024-01-27 00:00:00,Called for FD
YESB48967146,Referral,Converted,2024-03-18 00:00:00,Called for FD
YESB72240369,Digital Campaign,In Progress,2024-03-08 00:00:00,Wait for salary credit
YESB16552750,Referral,In Progress,2024-08-20 00:00:00,Interested in HL
YESB54909311,Referral,Converted,2024-03-03 00:00:00,Wait for salary credit
YESB48444882,Referral,Lost,2024-03-04 00:00:00,KYC Pending
YESB90463150,Referral,Lost,2024-09-30 00:00:00,Wait for salary credit
YESB85397189,Walk-in,Converted,2024-10-28 00:00:00,Interested in HL
YESB47511450,Digital Campaign,Lost,2024-08-25 00:00:00,Wait for salary credit
YESB75092273,Walk-in,In Progress,2024-04-17 00:00:00,Called for FD
YESB37834172,Referral,In Progress,2024-04-08 00:00:00,KYC Pending
YESB32857856,Walk-in,In Progress,2024-12-24 00:00:00,Interested in HL
YESB18707094,Referral,In Progress,2024-01-13 00:00:00,Interested in HL
YESB88995378,Digital Campaign,Lost,2024-06-20 00:00:00,KYC Pending
YESB23000812,Digital Campaign,Converted,2024-12-17 00:00:00,Called for FD
YESB85400193,Referral,Converted,2024-12-19 00:00:00,KYC Pending
YESB44239939,Referral,In Progress,2024-11-18 00:00:00,Wait for salary credit
YESB75660131,Walk-in,Lost,2024-02-24 00:00:00,KYC Pending
YESB90708452,Walk-in,Converted,2024-04-01 00:00:00,Called for FD
YESB31383665,Referral,Converted,2024-06-17 00:00:00,Wait for salary credit
YESB63201163,Walk-in,Converted,2024-12-25 00:00:00,Wait for salary credit
YESB15844905,Digital Campaign,In Progress,2024-10-21 00:00:00,Interested in HL
YESB47207947,Walk-in,In Progress,2024-07-12 00:00:00,Interested in HL
YESB35579895,Walk-in,In Progress,2024-12-14 00:00:00,KYC Pending
YESB55158384,Walk-in,Lost,2024-11-11 00:00:00,Interested in HL
YESB62543376,Digital Campaign,In Progress,2024-05-24 00:00:00,Wait for salary credit
YESB22843776,Walk-in,Converted,2024-03-01 00:00:00,Interested in HL
YESB38553086,Walk-in,Converted,2024-11-24 00:00:00,Interested in HL
YESB90255827,Referral,Converted,2024-07-02 00:00:00,Called for FD
YESB83514880,Referral,Lost,2024-12-14 00:00:00,Called for FD
YESB65662519,Digital Campaign,In Progress,2024-03-17 00:00:00,KYC Pending
YESB88733074,Digital Campaign,Converted,2024-05-21 00:00:00,Called for FD
YESB41341255,Digital Campaign,In Progress,2024-10-19 00:00:00,Called for FD
YESB67917577,Digital Campaign,In Progress,2024-01-12 00:00:00,Called for FD
YESB63297080,Walk-in,In Progress,2024-01-28 00:00:00,Wait for salary credit
YESB67006031,Walk-in,Converted,2024-12-17 00:00:00,Called for FD
YESB38382732,Referral,Lost,2024-03-27 00:00:00,KYC Pending
YESB20953881,Digital Campaign,Converted,2024-04-27 00:00:00,KYC Pending
YESB35308584,Referral,Converted,2024-03-05 00:00:00,KYC Pending
YESB95868719,Walk-in,Lost,2024-01-27 00:00:00,KYC Pending
YESB68074347,Digital Campaign,Converted,2024-01-14 00:00:00,KYC Pending
YESB72594927,Referral,Converted,2024-01-07 00:00:00,Interested in HL
YESB30085600,Digital Campaign,Converted,2024-02-13 00:00:00,Interested in HL
YESB62999850,Digital Campaign,Lost,2024-02-02 00:00:00,KYC Pending
YESB36311435,Walk-in,In Progress,2024-03-15 00:00:00,KYC Pending
YESB33860369,Walk-in,Converted,2024-08-29 00:00:00,Wait for salary credit
YESB95692286,Digital Campaign,In Progress,2024-05-25 00:00:00,Wait for salary credit
YESB34399794,Walk-in,In Progress,2024-12-04 00:00:00,Called for FD
YESB40400392,Digital Campaign,In Progress,2024-09-04 00:00:00,Wait for salary credit
YESB84895639,Walk-in,In Progress,2024-06-19 00:00:00,Wait for salary credit
YESB78662131,Walk-in,In Progress,2024-03-19 00:00:00,KYC Pending
YESB55347717,Referral,Converted,2024-05-01 00:00:00,Interested in HL
YESB17313472,Digital Campaign,Lost,2024-08-23 00:00:00,Interested in HL
YESB89914826,Walk-in,Converted,2024-08-01 00:00:00,Wait for salary credit
YESB83046541,Walk-in,Converted,2024-11-05 00:00:00,KYC Pending
YESB10146916,Digital Campaign,In Progress,2024-05-01 00:00:00,Interested in HL
YESB77322255,Digital Campaign,Converted,2024-02-26 00:00:00,Wait for salary credit
YESB70628088,Walk-in,Lost,2024-08-24 00:00:00,Wait for salary credit
YESB82942238,Walk-in,Converted,2024-12-20 00:00:00,Wait for salary credit
YESB64576531,Digital Campaign,Lost,2024-09-04 00:00:00,Wait for salary credit
YESB78002793,Walk-in,In Progress,2024-11-24 00:00:00,Called for FD
YESB57040981,Digital Campaign,Lost,2024-02-18 00:00:00,Interested in HL
YESB81687453,Digital Campaign,In Progress,2024-06-15 00:00:00,Called for FD
YESB37474806,Referral,Converted,2024-08-09 00:00:00,Called for FD
YESB35764886,Referral,In Progress,2024-04-11 00:00:00,KYC Pending
YESB90715226,Referral,In Progress,2024-11-07 00:00:00,Called for FD
YESB37766808,Digital Campaign,Converted,2024-09-15 00:00:00,Wait for salary credit
YESB64656980,Walk-in,Lost,2024-03-05 00:00:00,Called for FD
YESB86391355,Digital Campaign,Converted,2024-03-11 00:00:00,Interested in HL
YESB29963916,Digital Campaign,Lost,2024-06-04 00:00:00,KYC Pending
YESB86856935,Referral,In Progress,2024-02-03 00:00:00,KYC Pending
YESB87944573,Walk-in,Converted,2024-11-15 00:00:00,Called for FD
YESB45832351,Walk-in,Converted,2024-01-19 00:00:00,KYC Pending
YESB51781519,Walk-in,Lost,2024-10-07 00:00:00,Wait for salary credit
YESB55330916,Digital Campaign,Lost,2024-05-13 00:00:00,Called for FD
YESB60663418,Walk-in,In Progress,2024-12-07 00:00:00,Interested in HL
YESB12933107,Walk-in,Converted,2024-11-25 00:00:00,Called for FD
YESB66245406,Digital Campaign,Lost,2024-04-21 00:00:00,Wait for salary credit
YESB21657939,Walk-in,Lost,2024-11-28 00:00:00,KYC Pending
YESB88653026,Referral,Lost,2024-02-26 00:00:00,KYC Pending
YESB97937711,Walk-in,Lost,2024-10-02 00:00:00,Wait for salary credit
YESB42625722,Walk-in,In Progress,2024-03-09 00:00:00,Called for FD
YESB87582655,Referral,Converted,2024-09-19 00:00:00,KYC Pending
YESB85428889,Digital Campaign,In Progress,2024-11-02 00:00:00,Wait for salary credit
YESB54963236,Digital Campaign,In Progress,2024-07-24 00:00:00,Interested in HL
YESB86099896,Referral,Converted,2024-07-03 00:00:00,KYC Pending
YESB71561721,Digital Campaign,In Progress,2024-09-01 00:00:00,Called for FD
YESB64267404,Walk-in,Converted,2024-05-22 00:00:00,KYC Pending
YESB59124988,Referral,Converted,2024-03-04 00:00:00,KYC Pending
YESB38001614,Digital Campaign,Converted,2024-10-18 00:00:00,KYC Pending
YESB34522663,Digital Campaign,Converted,2024-04-26 00:00:00,Interested in HL
YESB63727619,Digital Campaign,In Progress,2024-01-25 00:00:00,KYC Pending
YESB22663246,Walk-in,Converted,2024-02-27 00:00:00,Wait for salary credit
YESB91856705,Walk-in,Converted,2024-08-11 00:00:00,Interested in HL
YESB83454890,Digital Campaign,Lost,2024-06-18 00:00:00,Called for FD
YESB26264661,Referral,In Progress,2024-02-19 00:00:00,KYC Pending
YESB26378780,Walk-in,Converted,2024-06-12 00:00:00,Called for FD
YESB44834929,Referral,Lost,2024-11-09 00:00:00,Wait for salary credit
YESB91560462,Referral,In Progress,2024-11-08 00:00:00,Called for FD
YESB60445894,Walk-in,Lost,2024-06-27 00:00:00,Interested in HL
YESB65427977,Digital Campaign,In Progress,2024-12-16 00:00:00,Interested in HL
YESB22274613,Walk-in,Converted,2024-04-19 00:00:00,Interested in HL
YESB78548283,Digital Campaign,Converted,2024-03-04 00:00:00,KYC Pending
YESB39753561,Referral,Converted,2024-04-27 00:00:00,Wait for salary credit
YESB11415888,Referral,In Progress,2024-11-24 00:00:00,Called for FD
YESB60034418,Walk-in,In Progress,2024-11-25 00:00:00,Called for FD
YESB97105553,Digital Campaign,Lost,2024-03-19 00:00:00,Wait for salary credit
YESB80402460,Walk-in,In Progress,2024-08-11 00:00:00,Wait for salary credit
YESB24019940,Referral,Lost,2024-12-30 00:00:00,Interested in HL
YESB41536791,Digital Campaign,Converted,2024-11-07 00:00:00,KYC Pending
YESB75493677,Walk-in,Converted,2024-07-30 00:00:00,Interested in HL
YESB20232498,Digital Campaign,Converted,2024-06-03 00:00:00,Wait for salary credit
YESB76302741,Referral,Lost,2024-02-02 00:00:00,Interested in HL
YESB57528377,Walk-in,Converted,2024-02-02 00:00:00,Interested in HL
YESB63371147,Referral,In Progress,2024-12-05 00:00:00,Wait for salary credit
YESB87254908,Referral,Lost,2024-09-29 00:00:00,Called for FD
YESB72310480,Walk-in,Converted,2024-07-30 00:00:00,Called for FD
YESB72029291,Digital Campaign,In Progress,2024-11-26 00:00:00,Wait for salary credit
YESB88833108,Walk-in,Lost,2024-01-26 00:00:00,Interested in HL
YESB25119991,Digital Campaign,Converted,2024-05-01 00:00:00,Called for FD
YESB28835596,Referral,Converted,2024-06-12 00:00:00,Called for FD
YESB47477723,Digital Campaign,In Progress,2024-01-04 00:00:00,Interested in HL
YESB18208547,Digital Campaign,In Progress,2024-10-13 00:00:00,Called for FD
YESB70947324,Referral,Lost,2024-02-10 00:00:00,Interested in HL
YESB34445094,Digital Campaign,Lost,2024-11-29 00:00:00,Interested in HL
YESB51960498,Digital Campaign,In Progress,2024-05-19 00:00:00,Wait for salary credit
YESB79054708,Walk-in,Converted,2024-07-17 00:00:00,Wait for salary credit
YESB58979710,Digital Campaign,Converted,2024-07-13 00:00:00,Called for FD
YESB72351402,Walk-in,In Progress,2024-01-18 00:00:00,KYC Pending
YESB14565151,Digital Campaign,Lost,2024-09-14 00:00:00,Interested in HL
YESB87485423,Walk-in,Converted,2024-08-31 00:00:00,Called for FD
YESB41144599,Referral,Lost,2024-06-08 00:00:00,KYC Pending
YESB30002133,Digital Campaign,In Progress,2024-08-16 00:00:00,Wait for salary credit
YESB90039741,Referral,In Progress,2024-12-01 00:00:00,Called for FD
YESB29671347,Referral,Converted,2024-12-21 00:00:00,KYC Pending
YESB53730202,Digital Campaign,In Progress,2024-07-04 00:00:00,Wait for salary credit
YESB82221722,Walk-in,Converted,2024-10-13 00:00:00,KYC Pending
YESB49545124,Referral,Lost,2024-02-05 00:00:00,KYC Pending
YESB60596373,Referral,In Progress,2024-08-19 00:00:00,Called for FD
YESB27818379,Walk-in,Lost,2024-03-18 00:00:00,Wait for salary credit
YESB88933691,Walk-in,Lost,2024-01-11 00:00:00,Interested in HL
YESB70144585,Referral,Converted,2024-10-03 00:00:00,Interested in HL
YESB88018416,Digital Campaign,Lost,2024-11-06 00:00:00,Called for FD
YESB64111695,Digital Campaign,In Progress,2024-11-09 00:00:00,KYC Pending
YESB28411218,Walk-in,Converted,2024-05-28 00:00:00,Called for FD
YESB28612295,Digital Campaign,Converted,2024-07-31 00:00:00,Wait for salary credit
YESB92185431,Walk-in,Lost,2024-01-25 00:00:00,Wait for salary credit
YESB82277029,Digital Campaign,Converted,2024-06-16 00:00:00,Interested in HL
YESB61027030,Walk-in,In Progress,2024-02-11 00:00:00,Called for FD
YESB88053695,Digital Campaign,In Progress,2024-06-25 00:00:00,Called for FD
YESB38989744,Walk-in,Lost,2024-07-22 00:00:00,Wait for salary credit
YESB50889291,Walk-in,In Progress,2024-11-28 00:00:00,KYC Pending
YESB63207222,Digital Campaign,Lost,2024-02-01 00:00:00,Called for FD
YESB70628088,Digital Campaign,In Progress,2024-04-04 00:00:00,Wait for salary credit
YESB41422841,Walk-in,Lost,2024-12-09 00:00:00,Interested in HL
YESB38726329,Referral,Converted,2024-09-17 00:00:00,Called for FD
YESB75862427,Referral,Converted,2024-03-29 00:00:00,Interested in HL
YESB40299472,Digital Campaign,Converted,2024-08-11 00:00:00,Called for FD
YESB12469153,Walk-in,Lost,2024-06-04 00:00:00,Called for FD
YESB56304300,Walk-in,Converted,2024-11-17 00:00:00,Called for FD
YESB34174362,Digital Campaign,Lost,2024-04-29 00:00:00,Wait for salary credit
YESB49048778,Digital Campaign,Converted,2024-12-01 00:00:00,Wait for salary credit
YESB89874117,Digital Campaign,In Progress,2024-09-16 00:00:00,Called for FD
YESB92547728,Digital Campaign,Lost,2024-07-18 00:00:00,Wait for salary credit
YESB54260346,Digital Campaign,Converted,2024-07-29 00:00:00,Wait for salary credit
YESB51024351,Walk-in,In Progress,2024-09-02 00:00:00,Wait for salary credit
YESB69085723,Walk-in,In Progress,2024-02-19 00:00:00,Interested in HL
YESB33708063,Walk-in,Lost,2024-08-29 00:00:00,Called for FD
YESB13830920,Walk-in,Lost,2024-05-05 00:00:00,KYC Pending
YESB56112049,Referral,Converted,2024-11-11 00:00:00,KYC Pending
YESB92931628,Referral,Lost,2024-07-11 00:00:00,Wait for salary credit
YESB80548849,Digital Campaign,In Progress,2024-05-20 00:00:00,Interested in HL
YESB25956666,Walk-in,Lost,2024-06-09 00:00:00,Called for FD
YESB68042278,Walk-in,In Progress,2024-08-21 00:00:00,Wait for salary credit
YESB28403905,Digital Campaign,Lost,2024-08-28 00:00:00,Interested in HL
YESB96855422,Referral,Converted,2024-12-20 00:00:00,Interested in HL
YESB90906284,Walk-in,Lost,2024-05-18 00:00:00,Called for FD
YESB28737677,Referral,Lost,2024-07-11 00:00:00,Wait for salary credit
YESB59165459,Referral,In Progress,2024-07-29 00:00:00,Wait for salary credit
YESB66189161,Walk-in,In Progress,2024-08-27 00:00:00,Wait for salary credit
YESB72713256,Walk-in,Lost,2024-09-15 00:00:00,KYC Pending
YESB92280493,Walk-in,In Progress,2024-10-14 00:00:00,Interested in HL
YESB37052663,Referral,In Progress,2024-03-11 00:00:00,KYC Pending
YESB13085833,Walk-in,Converted,2024-04-19 00:00:00,Wait for salary credit
YESB17992123,Walk-in,In Progress,2024-08-22 00:00:00,Called for FD
YESB28011807,Referral,In Progress,2024-10-23 00:00:00,Wait for salary credit
YESB41290443,Walk-in,In Progress,2024-01-19 00:00:00,Interested in HL
YESB82276616,Digital Campaign,Lost,2024-06-30 00:00:00,Interested in HL
YESB96202389,Walk-in,Converted,2024-10-06 00:00:00,Called for FD
YESB40085371,Digital Campaign,Converted,2024-04-05 00:00:00,Interested in HL
YESB74064867,Referral,Lost,2024-07-28 00:00:00,KYC Pending
YESB67930591,Digital Campaign,In Progress,2024-06-25 00:00:00,Called for FD
YESB47980951,Digital Campaign,Converted,2024-10-23 00:00:00,Interested in HL
YESB29343949,Walk-in,In Progress,2024-06-11 00:00:00,Interested in HL
YESB74965449,Digital Campaign,Converted,2024-11-06 00:00:00,Called for FD
YESB96309163,Digital Campaign,Lost,2024-09-12 00:00:00,Called for FD
YESB83187727,Digital Campaign,Lost,2024-07-25 00:00:00,Called for FD
YESB32731043,Digital Campaign,In Progress,2024-12-19 00:00:00,Wait for salary credit
YESB76374260,Walk-in,Converted,2024-02-09 00:00:00,KYC Pending
YESB81662454,Walk-in,In Progress,2024-11-20 00:00:00,Wait for salary credit
YESB94295348,Digital Campaign,In Progress,2024-09-19 00:00:00,Called for FD
YESB29978351,Referral,Converted,2024-07-02 00:00:00,Interested in HL
YESB66997572,Referral,In Progress,2024-06-16 00:00:00,Wait for salary credit
YESB26199497,Referral,Converted,2024-02-06 00:00:00,Called for FD
YESB89981447,Referral,Lost,2024-07-04 00:00:00,KYC Pending
YESB65770336,Digital Campaign,Lost,2024-11-25 00:00:00,KYC Pending
YESB34953552,Walk-in,Lost,2024-03-04 00:00:00,Called for FD
YESB11980002,Digital Campaign,Lost,2024-11-01 00:00:00,Interested in HL
YESB54410786,Digital Campaign,In Progress,2024-12-17 00:00:00,KYC Pending
YESB61765548,Referral,Lost,2024-03-30 00:00:00,Interested in HL
YESB22543896,Digital Campaign,Converted,2024-08-16 00:00:00,Called for FD
YESB35423958,Walk-in,Converted,2024-09-24 00:00:00,KYC Pending
YESB33169181,Walk-in,Converted,2024-02-14 00:00:00,KYC Pending
YESB84984969,Referral,Lost,2024-08-29 00:00:00,Called for FD
YESB44642612,Digital Campaign,Converted,2024-09-10 00:00:00,KYC Pending
YESB43962746,Referral,In Progress,2024-09-24 00:00:00,Called for FD
YESB74595471,Digital Campaign,Converted,2024-09-08 00:00:00,Called for FD
YESB22578357,Digital Campaign,Lost,2024-07-07 00:00:00,Called for FD
YESB90070821,Walk-in,Lost,2024-08-05 00:00:00,Wait for salary credit
YESB38752824,Walk-in,Lost,2024-10-19 00:00:00,Called for FD
YESB79552062,Walk-in,Lost,2024-03-17 00:00:00,Called for FD
YESB29548463,Referral,Lost,2024-09-22 00:00:00,Wait for salary credit
YESB82892457,Walk-in,Lost,2024-03-26 00:00:00,KYC Pending
YESB85739825,Walk-in,Converted,2024-12-24 00:00:00,KYC Pending
YESB29263342,Walk-in,In Progress,2024-04-20 00:00:00,Called for FD
YESB34161454,Walk-in,Converted,2024-07-02 00:00:00,Called for FD
YESB45622797,Referral,Converted,2024-06-09 00:00:00,KYC Pending
YESB82849465,Walk-in,In Progress,2024-06-20 00:00:00,Called for FD
YESB94401135,Referral,In Progress,2024-05-27 00:00:00,KYC Pending
YESB97341388,Digital Campaign,Lost,2024-11-08 00:00:00,Interested in HL
YESB64485858,Digital Campaign,Converted,2024-07-07 00:00:00,KYC Pending
YESB39886928,Digital Campaign,Converted,2024-07-24 00:00:00,Interested in HL
YESB89248937,Referral,Lost,2024-03-14 00:00:00,Called for FD
YESB33872925,Referral,In Progress,2024-09-02 00:00:00,Interested in HL
YESB26087977,Referral,In Progress,2024-03-22 00:00:00,Interested in HL
YESB90259559,Referral,Converted,2024-04-06 00:00:00,Interested in HL
YESB30956503,Digital Campaign,Converted,2024-06-10 00:00:00,Wait for salary credit
YESB99214636,Walk-in,Lost,2024-08-17 00:00:00,Interested in HL
YESB32523845,Digital Campaign,In Progress,2024-08-02 00:00:00,KYC Pending
YESB71838232,Walk-in,Lost,2024-08-25 00:00:00,Called for FD
YESB75987321,Walk-in,Lost,2024-05-17 00:00:00,Interested in HL
YESB95382301,Walk-in,Converted,2024-10-05 00:00:00,KYC Pending
YESB45916506,Digital Campaign,Lost,2024-04-20 00:00:00,Called for FD
YESB47974190,Digital Campaign,Lost,2024-01-05 00:00:00,Interested in HL
YESB92030008,Walk-in,Lost,2024-06-04 00:00:00,Interested in HL
YESB84107821,Referral,In Progress,2024-09-28 00:00:00,Interested in HL
YESB91534377,Digital Campaign,Lost,2024-10-18 00:00:00,KYC Pending
YESB99657424,Walk-in,Converted,2024-06-12 00:00:00,Interested in HL
YESB61774317,Digital Campaign,Converted,2024-12-18 00:00:00,Called for FD
YESB69607643,Walk-in,In Progress,2024-06-28 00:00:00,Interested in HL
YESB13969920,Digital Campaign,Lost,2024-03-10 00:00:00,Wait for salary credit
YESB10127925,Walk-in,Converted,2024-05-03 00:00:00,Interested in HL
YESB40213306,Walk-in,In Progress,2024-08-29 00:00:00,Interested in HL
YESB93527219,Digital Campaign,Converted,2024-08-18 00:00:00,Called for FD
YESB54072260,Referral,In Progress,2024-02-10 00:00:00,Wait for salary credit
YESB91802172,Digital Campaign,Converted,2024-06-19 00:00:00,Called for FD
YESB88477575,Referral,In Progress,2024-01-25 00:00:00,Wait for salary credit
YESB28614003,Referral,Lost,2024-11-27 00:00:00,KYC Pending
YESB24833516,Referral,Lost,2024-09-20 00:00:00,Called for FD
YESB19514853,Digital Campaign,In Progress,2024-02-18 00:00:00,KYC Pending
YESB93752930,Digital Campaign,Converted,2024-11-24 00:00:00,Called for FD
YESB29671475,Referral,Converted,2024-05-24 00:00:00,Wait for salary credit
YESB44903211,Walk-in,In Progress,2024-04-19 00:00:00,Wait for salary credit
YESB75881700,Digital Campaign,Converted,2024-02-24 00:00:00,Called for FD
YESB72429057,Digital Campaign,Lost,2024-11-14 00:00:00,Interested in HL
YESB16915037,Walk-in,In Progress,2024-08-26 00:00:00,KYC Pending
YESB29222422,Digital Campaign,In Progress,2024-07-23 00:00:00,Called for FD
YESB26080590,Referral,Converted,2024-10-10 00:00:00,Wait for salary credit
YESB47635307,Walk-in,Converted,2024-11-07 00:00:00,Interested in HL
YESB88682152,Referral,Lost,2024-06-14 00:00:00,Called for FD
YESB11019102,Referral,Converted,2024-04-11 00:00:00,Wait for salary credit
YESB73275646,Digital Campaign,In Progress,2024-02-29 00:00:00,Called for FD
YESB73052444,Referral,Converted,2024-08-27 00:00:00,Interested in HL
YESB95712687,Digital Campaign,In Progress,2024-06-01 00:00:00,Wait for salary credit
YESB98057360,Referral,In Progress,2024-05-05 00:00:00,Wait for salary credit
YESB89751733,Walk-in,Lost,2024-04-10 00:00:00,Interested in HL
YESB75056638,Digital Campaign,Converted,2024-03-05 00:00:00,KYC Pending
YESB99176911,Referral,Lost,2024-11-16 00:00:00,Interested in HL
YESB81168047,Walk-in,Lost,2024-08-19 00:00:00,Interested in HL
YESB73319067,Referral,In Progress,2024-03-12 00:00:00,KYC Pending
YESB57325068,Digital Campaign,Converted,2024-08-02 00:00:00,Wait for salary credit
YESB10488898,Digital Campaign,Lost,2024-09-11 00:00:00,KYC Pending
YESB80409259,Referral,Converted,2024-01-24 00:00:00,Interested in HL
YESB99679499,Referral,Lost,2024-07-02 00:00:00,Interested in HL
YESB82147012,Walk-in,Converted,2024-02-03 00:00:00,KYC Pending
YESB24196437,Referral,Converted,2024-01-16 00:00:00,Wait for salary credit
YESB92083865,Referral,In Progress,2024-06-30 00:00:00,Interested in HL
YESB72406338,Digital Campaign,Converted,2024-04-16 00:00:00,KYC Pending
YESB23323055,Digital Campaign,In Progress,2024-05-29 00:00:00,Interested in HL
YESB42527138,Walk-in,In Progress,2024-06-28 00:00:00,KYC Pending
YESB69361857,Referral,Converted,2024-12-10 00:00:00,Wait for salary credit
YESB87591841,Referral,In Progress,2024-06-12 00:00:00,Interested in HL
YESB93631451,Referral,In Progress,2024-07-28 00:00:00,Wait for salary credit
YESB27702149,Digital Campaign,Lost,2024-02-09 00:00:00,Wait for salary credit
YESB79649485,Walk-in,Lost,2024-05-26 00:00:00,Interested in HL
YESB64191136,Digital Campaign,Lost,2024-10-21 00:00:00,Wait for salary credit
YESB80422201,Walk-in,Converted,2024-12-31 00:00:00,Called for FD
YESB68541216,Digital Campaign,Converted,2024-12-05 00:00:00,Called for FD
YESB96554146,Digital Campaign,Converted,2024-07-08 00:00:00,Interested in HL
YESB90140372,Digital Campaign,Lost,2024-11-06 00:00:00,Wait for salary credit
YESB30765320,Referral,Converted,2024-04-15 00:00:00,Interested in HL
YESB55241190,Walk-in,Lost,2024-10-27 00:00:00,Called for FD
YESB11556393,Digital Campaign,Lost,2024-11-15 00:00:00,Called for FD
YESB31274713,Digital Campaign,Converted,2024-12-14 00:00:00,Wait for salary credit
YESB45069920,Walk-in,In Progress,2024-08-25 00:00:00,Called for FD
YESB75925258,Digital Campaign,In Progress,2024-08-20 00:00:00,Wait for salary credit
YESB86332855,Referral,Converted,2024-07-23 00:00:00,Interested in HL
YESB36325398,Referral,Converted,2024-07-03 00:00:00,Called for FD
YESB56628946,Walk-in,Lost,2024-10-13 00:00:00,Interested in HL
YESB89715752,Referral,In Progress,2024-10-19 00:00:00,Wait for salary credit
YESB67911428,Referral,Converted,2024-11-28 00:00:00,KYC Pending
YESB18919196,Referral,Converted,2024-03-06 00:00:00,KYC Pending
YESB86864480,Digital Campaign,Converted,2024-02-24 00:00:00,Wait for salary credit
YESB45352155,Digital Campaign,Converted,2024-12-09 00:00:00,Called for FD
YESB14574840,Referral,In Progress,2024-05-04 00:00:00,Interested in HL
YESB36272840,Digital Campaign,Converted,2024-10-13 00:00:00,Interested in HL
YESB19732274,Walk-in,Converted,2024-07-17 00:00:00,Wait for salary credit
YESB66804811,Digital Campaign,Converted,2024-03-24 00:00:00,Wait for salary credit
YESB58802654,Referral,Converted,2024-03-26 00:00:00,Called for FD
YESB59334880,Referral,Converted,2024-07-07 00:00:00,Called for FD
YESB77927308,Referral,Lost,2024-08-07 00:00:00,Called for FD
YESB61065427,Digital Campaign,In Progress,2024-01-12 00:00:00,Interested in HL
YESB97750206,Digital Campaign,Converted,2024-11-16 00:00:00,KYC Pending
YESB76272505,Referral,In Progress,2024-05-28 00:00:00,KYC Pending
YESB75200180,Referral,Lost,2024-01-15 00:00:00,Called for FD
YESB44558127,Digital Campaign,Lost,2024-12-07 00:00:00,KYC Pending
YESB85728150,Referral,Lost,2024-10-02 00:00:00,Called for FD
YESB33981750,Walk-in,Lost,2024-12-28 00:00:00,Interested in HL
YESB11286428,Walk-in,Converted,2024-07-25 00:00:00,Interested in HL
YESB13919915,Digital Campaign,Lost,2024-01-21 00:00:00,Called for FD
YESB68330561,Walk-in,Lost,2024-05-21 00:00:00,KYC Pending
YESB72679477,Walk-in,Lost,2024-12-15 00:00:00,KYC Pending
YESB98791607,Referral,In Progress,2024-06-30 00:00:00,Interested in HL
YESB56889427,Referral,Lost,2024-05-30 00:00:00,Called for FD
YESB35769149,Digital Campaign,In Progress,2024-04-06 00:00:00,KYC Pending
YESB38091509,Referral,Converted,2024-02-09 00:00:00,Interested in HL
YESB85965633,Digital Campaign,Lost,2024-05-02 00:00:00,Interested in HL
YESB86615310,Digital Campaign,Converted,2024-06-24 00:00:00,Called for FD
YESB28532910,Referral,Converted,2024-12-10 00:00:00,Interested in HL
YESB90295818,Referral,Lost,2024-01-29 00:00:00,Interested in HL
YESB60549882,Referral,Lost,2024-06-09 00:00:00,Wait for salary credit
YESB23847089,Walk-in,In Progress,2024-09-06 00:00:00,Called for FD
YESB25285808,Walk-in,Lost,2024-05-08 00:00:00,Wait for salary credit
YESB69607643,Digital Campaign,Converted,2024-06-15 00:00:00,KYC Pending
YESB74064079,Digital Campaign,Lost,2024-04-30 00:00:00,KYC Pending
YESB38069595,Referral,Lost,2024-04-29 00:00:00,Interested in HL
YESB54015875,Referral,Converted,2024-05-18 00:00:00,Called for FD
YESB38601520,Referral,Converted,2024-12-21 00:00:00,Called for FD
YESB95432985,Walk-in,Converted,2024-08-14 00:00:00,Interested in HL
YESB32358401,Walk-in,Lost,2024-01-13 00:00:00,Wait for salary credit
YESB45772134,Walk-in,Converted,2024-11-04 00:00:00,Interested in HL
YESB90968165,Digital Campaign,In Progress,2024-11-07 00:00:00,KYC Pending
YESB84823246,Walk-in,Lost,2024-09-01 00:00:00,Wait for salary credit
YESB68627851,Referral,In Progress,2024-03-13 00:00:00,Called for FD
YESB76271384,Digital Campaign,Converted,2024-12-11 00:00:00,KYC Pending
YESB49816449,Referral,In Progress,2024-02-19 00:00:00,Called for FD
YESB46051541,Referral,In Progress,2024-12-29 00:00:00,Interested in HL
YESB52214021,Referral,Lost,2024-10-19 00:00:00,Interested in HL
YESB79405304,Referral,Converted,2024-02-10 00:00:00,Wait for salary credit
YESB79270097,Referral,Converted,2024-05-01 00:00:00,Interested in HL
YESB18994715,Referral,Converted,2024-01-13 00:00:00,Interested in HL
YESB33801335,Referral,Converted,2024-05-23 00:00:00,Interested in HL
YESB85539576,Digital Campaign,Lost,2024-07-23 00:00:00,KYC Pending
YESB32471759,Walk-in,Converted,2024-12-09 00:00:00,Interested in HL
YESB35417298,Walk-in,In Progress,2024-04-14 00:00:00,Called for FD
YESB30389239,Walk-in,Converted,2024-11-17 00:00:00,Wait for salary credit
YESB34972715,Referral,In Progress,2024-08-24 00:00:00,Called for FD
YESB20806750,Referral,In Progress,2024-11-03 00:00:00,KYC Pending
YESB27382629,Digital Campaign,Lost,2024-06-12 00:00:00,Interested in HL
YESB28477826,Referral,In Progress,2024-02-28 00:00:00,Called for FD
YESB86018457,Referral,Lost,2024-12-23 00:00:00,Wait for salary credit
YESB27944986,Referral,Lost,2024-04-27 00:00:00,KYC Pending
YESB14642288,Digital Campaign,Converted,2024-08-05 00:00:00,Called for FD
YESB89809327,Walk-in,Lost,2024-02-17 00:00:00,Wait for salary credit
YESB20518157,Referral,Lost,2024-11-18 00:00:00,Interested in HL
YESB24041076,Walk-in,In Progress,2024-03-02 00:00:00,Wait for salary credit
YESB44949675,Digital Campaign,Converted,2024-07-17 00:00:00,Interested in HL
YESB88445519,Digital Campaign,In Progress,2024-07-18 00:00:00,Wait for salary credit
YESB31582279,Digital Campaign,In Progress,2024-12-21 00:00:00,KYC Pending
YESB64675721,Digital Campaign,Converted,2024-12-17 00:00:00,Called for FD
YESB38907333,Referral,Lost,2024-10-03 00:00:00,Wait for salary credit
YESB74540021,Digital Campaign,Lost,2024-02-12 00:00:00,KYC Pending
YESB57125391,Walk-in,Lost,2024-06-08 00:00:00,Called for FD
YESB14161917,Referral,Converted,2024-01-16 00:00:00,KYC Pending
YESB77752215,Walk-in,Lost,2024-05-05 00:00:00,KYC Pending
YESB28378454,Walk-in,Lost,2024-09-24 00:00:00,Called for FD
YESB53920227,Referral,Converted,2024-03-04 00:00:00,Interested in HL
YESB80046816,Walk-in,Lost,2024-06-23 00:00:00,Interested in HL
YESB54327607,Referral,Lost,2024-12-13 00:00:00,Interested in HL
YESB77879133,Digital Campaign,Lost,2024-02-01 00:00:00,Wait for salary credit
YESB58536697,Referral,Converted,2024-11-21 00:00:00,Wait for salary credit
YESB43847575,Referral,Converted,2024-09-12 00:00:00,Interested in HL
YESB27180378,Digital Campaign,In Progress,2024-07-20 00:00:00,Interested in HL
YESB13085833,Walk-in,Lost,2024-11-16 00:00:00,Called for FD
YESB21262254,Digital Campaign,Lost,2024-01-26 00:00:00,Interested in HL
YESB53858047,Digital Campaign,In Progress,2024-08-03 00:00:00,Interested in HL
YESB96553511,Digital Campaign,Lost,2024-12-15 00:00:00,Called for FD
YESB43886191,Digital Campaign,In Progress,2024-06-05 00:00:00,KYC Pending
YESB50245905,Digital Campaign,In Progress,2024-02-27 00:00:00,Wait for salary credit
YESB62227261,Digital Campaign,Lost,2024-03-22 00:00:00,Wait for salary credit
YESB37220829,Referral,Converted,2024-07-30 00:00:00,Wait for salary credit
YESB71335452,Walk-in,Converted,2024-08-05 00:00:00,KYC Pending
YESB45935892,Referral,Converted,2024-01-01 00:00:00,Wait for salary credit
YESB44300781,Digital Campaign,In Progress,2024-11-02 00:00:00,Interested in HL
YESB43440065,Walk-in,In Progress,2024-03-01 00:00:00,KYC Pending
YESB17927652,Walk-in,Lost,2024-01-04 00:00:00,Wait for salary credit
YESB61496785,Referral,In Progress,2024-05-15 00:00:00,KYC Pending
YESB70456247,Digital Campaign,In Progress,2024-07-27 00:00:00,KYC Pending
YESB25900276,Walk-in,Lost,2024-08-07 00:00:00,Interested in HL
YESB65911000,Referral,Lost,2024-07-26 00:00:00,KYC Pending
YESB69934990,Walk-in,Converted,2024-09-15 00:00:00,KYC Pending
YESB83828398,Digital Campaign,Lost,2024-07-31 00:00:00,KYC Pending
YESB79556734,Referral,In Progress,2024-09-08 00:00:00,Wait for salary credit
YESB59553600,Referral,In Progress,2024-04-08 00:00:00,Called for FD
YESB27961573,Walk-in,Lost,2024-07-04 00:00:00,Called for FD
YESB21928447,Digital Campaign,In Progress,2024-08-19 00:00:00,Interested in HL
YESB60297004,Referral,Lost,2024-01-03 00:00:00,Wait for salary credit
YESB32813901,Walk-in,In Progress,2024-08-25 00:00:00,Wait for salary credit
YESB71577305,Digital Campaign,In Progress,2024-02-02 00:00:00,Wait for salary credit
YESB82511050,Walk-in,Converted,2024-01-03 00:00:00,Wait for salary credit
YESB26085322,Referral,In Progress,2024-06-27 00:00:00,Wait for salary credit
YESB48070673,Digital Campaign,Lost,2024-03-27 00:00:00,KYC Pending
YESB66864162,Walk-in,Lost,2024-10-14 00:00:00,Wait for salary credit
YESB24750675,Walk-in,In Progress,2024-02-20 00:00:00,Called for FD
YESB12055516,Digital Campaign,Lost,2024-12-21 00:00:00,Wait for salary credit
YESB78412534,Walk-in,Converted,2024-02-28 00:00:00,Called for FD
YESB29886893,Walk-in,Lost,2024-06-06 00:00:00,Called for FD
YESB54183893,Walk-in,In Progress,2024-06-09 00:00:00,KYC Pending
YESB23516078,Walk-in,Converted,2024-02-27 00:00:00,Interested in HL
YESB62840171,Referral,In Progress,2024-01-20 00:00:00,Wait for salary credit
YESB86300133,Walk-in,In Progress,2024-04-10 00:00:00,Interested in HL
YESB25787343,Digital Campaign,Converted,2024-02-15 00:00:00,Wait for salary credit
YESB24843580,Digital Campaign,In Progress,2024-12-21 00:00:00,Called for FD
YESB55402068,Referral,Lost,2024-08-18 00:00:00,Wait for salary credit
YESB48091647,Referral,Lost,2024-09-01 00:00:00,Wait for salary credit
YESB66155634,Digital Campaign,Lost,2024-02-18 00:00:00,Called for FD
YESB45813320,Digital Campaign,Converted,2024-03-24 00:00:00,Called for FD
YESB27434529,Referral,In Progress,2024-07-07 00:00:00,Called for FD
YESB99657558,Walk-in,Converted,2024-10-04 00:00:00,Wait for salary credit
YESB50459647,Walk-in,In Progress,2024-12-19 00:00:00,Called for FD
YESB57752633,Digital Campaign,Converted,2024-01-20 00:00:00,Interested in HL
YESB68307398,Walk-in,In Progress,2024-08-26 00:00:00,Wait for salary credit
YESB33792818,Walk-in,In Progress,2024-12-16 00:00:00,Wait for salary credit
YESB91673035,Referral,Converted,2024-05-15 00:00:00,Interested in HL
YESB62448304,Referral,Converted,2024-01-16 00:00:00,Called for FD
YESB13512648,Digital Campaign,In Progress,2024-12-30 00:00:00,Called for FD
YESB51280126,Digital Campaign,Converted,2024-07-23 00:00:00,Wait for salary credit
YESB88916524,Referral,In Progress,2024-04-12 00:00:00,Wait for salary credit
YESB77267569,Referral,Lost,2024-01-11 00:00:00,KYC Pending
YESB40089901,Walk-in,In Progress,2024-09-01 00:00:00,Interested in HL
YESB90185368,Referral,In Progress,2024-12-29 00:00:00,KYC Pending
YESB51699637,Digital Campaign,Lost,2024-08-09 00:00:00,Called for FD
YESB38599852,Digital Campaign,Lost,2024-11-23 00:00:00,KYC Pending
YESB25500927,Walk-in,Lost,2024-10-16 00:00:00,KYC Pending
YESB75427770,Referral,In Progress,2024-12-08 00:00:00,KYC Pending
YESB21630100,Referral,In Progress,2024-01-11 00:00:00,KYC Pending
YESB66876658,Digital Campaign,In Progress,2024-04-29 00:00:00,KYC Pending
YESB34003599,Walk-in,In Progress,2024-02-16 00:00:00,Interested in HL
YESB58391323,Digital Campaign,In Progress,2024-05-18 00:00:00,KYC Pending
YESB89416970,Referral,Converted,2024-12-14 00:00:00,Called for FD
YESB66595801,Referral,Converted,2024-01-01 00:00:00,Interested in HL
YESB49857571,Digital Campaign,Lost,2024-03-24 00:00:00,KYC Pending
YESB96369153,Digital Campaign,Converted,2024-09-16 00:00:00,Wait for salary credit
YESB24993872,Digital Campaign,In Progress,2024-08-13 00:00:00,Wait for salary credit
YESB54550220,Digital Campaign,In Progress,2024-10-16 00:00:00,Interested in HL
YESB69801626,Digital Campaign,Converted,2024-01-10 00:00:00,Interested in HL
YESB22933155,Digital Campaign,In Progress,2024-12-05 00:00:00,Interested in HL
YESB88732475,Walk-in,Converted,2024-07-16 00:00:00,KYC Pending
YESB28732758,Walk-in,Converted,2024-02-26 00:00:00,KYC Pending
YESB42561906,Referral,Lost,2024-10-23 00:00:00,KYC Pending
YESB74044868,Walk-in,Lost,2024-07-19 00:00:00,Interested in HL
YESB96829904,Walk-in,Lost,2024-11-08 00:00:00,Called for FD
YESB15876140,Walk-in,Lost,2024-02-13 00:00:00,Wait for salary credit
YESB81043134,Referral,Converted,2024-01-25 00:00:00,KYC Pending
YESB27813313,Digital Campaign,In Progress,2024-08-10 00:00:00,Wait for salary credit
YESB63515008,Referral,Converted,2024-08-15 00:00:00,Wait for salary credit
YESB42395616,Digital Campaign,Converted,2024-03-15 00:00:00,KYC Pending
YESB63621004,Walk-in,Converted,2024-07-18 00:00:00,Called for FD
YESB17818633,Walk-in,In Progress,2024-09-22 00:00:00,Called for FD
YESB99713885,Walk-in,In Progress,2024-02-05 00:00:00,Wait for salary credit
YESB28068146,Walk-in,Lost,2024-01-21 00:00:00,Interested in HL
YESB94419112,Digital Campaign,Lost,2024-04-01 00:00:00,Interested in HL
YESB15230415,Digital Campaign,Lost,2024-11-21 00:00:00,Called for FD
YESB35870236,Referral,Converted,2024-11-17 00:00:00,Wait for salary credit
YESB21335284,Walk-in,Lost,2024-04-11 00:00:00,Interested in HL
YESB81318749,Walk-in,Converted,2024-05-08 00:00:00,Interested in HL
YESB41719491,Walk-in,Lost,2024-09-27 00:00:00,KYC Pending
