Customer/Merchant ID,Product ID,Policy Type,Premium Amount,Policy Term,Claim Status
CUS85HG3L0URIAO,PROD100000,Life,176756,20,No Claim
CUSUHDG34AMA0BH,PROD100003,Life,151169,10,No Claim
CUSRCRGR29JO7EG,PROD100004,Health,56097,18,No Claim
CUS9V5745IP65PL,PROD100010,Life,136205,23,No Claim
CUSP9ESG35L25PA,PROD100013,Health,114586,5,Claim Filed
686637447670,PROD100014,Life,219262,23,No Claim
CUS87P58HNHESFK,PROD100015,Life,48576,19,No Claim
CUSHZDV5JHGI5XR,PROD100018,Life,119233,14,No Claim
CUSUKCOZUOWVKTY,PROD100025,Life,119206,20,No Claim
CUSIRYWKCIAI37W,PROD100046,Health,41371,5,No Claim
CUS7WG1VPPNY9WF,PROD100047,Health,94590,18,No Claim
CUSV0O5FYVE7CMJ,PROD100052,General,223304,25,Claim Filed
CUSYIS86TLFJ9P1,PROD100054,General,26490,17,No Claim
CUSOWI4J4M8N1ZV,PROD100056,Life,180328,8,No Claim
CUSKWCYUKND1IVX,PROD100059,General,105873,20,No Claim
CUSOIDTSBDHLS0H,PROD100060,General,203909,11,No Claim
CUSRZH5HQ5QAXNZ,PROD100061,Life,224649,18,No Claim
CUSBP75P3U56GZZ,PROD100066,General,226452,19,No Claim
CUS9PQQZA6BC85I,PROD100069,Health,132150,24,No Claim
CUSYDV7R0XUQJ1R,PROD100087,Life,92816,9,No Claim
CUSGZY0TQ3ZD339,PROD100093,General,61082,6,No Claim
CUS9V6G9GDNY99X,PROD100101,Health,237403,10,No Claim
CUSXZ65VQKVVTPW,PROD100109,Health,39857,20,No Claim
CUSMVTTYFQW970S,PROD100115,Life,169390,19,Claim Filed
CUSG20UHSO0MXFV,PROD100121,General,140735,7,No Claim
CUS0B110CK6KE6U,PROD100123,Life,232331,10,No Claim
CUSAT2EYF8AYGRA,PROD100131,Life,94587,25,Claim Filed
CUSG9LVXSJ2B20U,PROD100134,Life,190484,5,No Claim
CUSY8YRYH5E4LAX,PROD100140,General,63254,12,No Claim
CUSKHGE53YBMBB3,PROD100164,Health,244742,23,No Claim
CUS4EY1U10IXYFE,PROD100166,General,25147,17,No Claim
CUS4FIKNVBD98CH,PROD100167,General,55793,11,No Claim
CUSTIPZNTH3A29R,PROD100173,Health,100964,17,No Claim
CUSYJTOLUEU3OMA,PROD100176,Health,107660,21,No Claim
CUSI0QU7FTW6R0S,PROD100182,Health,234464,14,No Claim
432804086054,PROD100193,General,228998,25,No Claim
CUSLIRO6F0I5RUB,PROD100198,Life,63980,8,No Claim
CUSTCQE2I72WXV8,PROD100215,Life,113496,24,No Claim
348654947042,PROD100221,Life,161198,20,No Claim
CUSLU1KONX3W3UY,PROD100224,Life,110478,5,No Claim
CUS5XW3QKJSUDSH,PROD100226,Health,70359,8,No Claim
CUSOOIIO6BQV6AR,PROD100237,General,88941,6,No Claim
CUSU17TGQAF4ETB,PROD100242,General,91037,25,No Claim
CUS32PXMPBDB5LI,PROD100247,General,209895,5,No Claim
CUSCFR6DBFGI4DE,PROD100248,Health,100406,7,No Claim
CUSUL0HBBLFC4KY,PROD100250,Life,45125,5,No Claim
CUSM6UW8FBJOJ21,PROD100258,Life,97430,14,No Claim
CUSSMXJJDQ1CPFC,PROD100260,Health,123798,10,No Claim
708750862065,PROD100264,Health,132609,5,No Claim
CUSLB7JL6LXCUOI,PROD100266,Health,188786,10,No Claim
CUS6SXNCHKE8GNK,PROD100271,Life,103479,14,No Claim
CUSQMKV6UGB1G08,PROD100273,Life,118342,12,No Claim
CUSFK7REIDMMYIN,PROD100275,General,168444,6,No Claim
CUSKBOFRHKNCNM5,PROD100285,General,157529,23,No Claim
CUS42U4WZRZOLSS,PROD100290,General,190369,7,No Claim
CUSBDPNVV67DPNT,PROD100293,Life,36814,12,No Claim
CUSWVW00N9JR1YE,PROD100295,Life,104834,5,No Claim
CUSHKU61CSXXDSV,PROD100296,Health,86749,9,No Claim
CUS0OE34YLUXALJ,PROD100297,Life,144536,13,No Claim
CUSXCJ1TR8XF2LC,PROD100301,Life,122374,15,No Claim
CUSV0W4TQ41TSG9,PROD100308,General,177577,14,No Claim
CUS2Y2NTZMO8KMA,PROD100309,Life,158853,6,No Claim
995832452279,PROD100311,Health,125728,15,No Claim
CUS6DT6VU3GWTIK,PROD100314,Health,85788,5,No Claim
CUSUXQUF1M3IV6V,PROD100315,Life,155538,25,No Claim
CUSVNB551E9MNUY,PROD100316,Life,28888,7,No Claim
CUSGJLLYNUWTHT9,PROD100323,Health,122671,5,No Claim
CUSL56SR1ZAGLFU,PROD100325,Health,249382,5,No Claim
CUS3F48ITX9B9M8,PROD100327,General,119572,25,No Claim
CUSWKT82DQPIUNB,PROD100334,Life,206977,12,No Claim
CUSKEIHQJ90ZUCE,PROD100335,Life,175303,25,No Claim
CUSPZSS8XESBR31,PROD100337,General,38957,11,No Claim
430384932274,PROD100339,General,38240,7,No Claim
673158050089,PROD100357,General,75581,13,No Claim
CUSLOMZ5G2Y59VF,PROD100366,Health,87068,21,No Claim
CUS0MVDU8ZTCJIR,PROD100368,General,37765,23,No Claim
CUSAJSYM14B5FOQ,PROD100381,Health,122192,21,No Claim
CUSNHX4O60204XM,PROD100385,General,29851,12,No Claim
CUSGLL4RHCXS1U9,PROD100386,Health,238247,5,No Claim
CUS08PGZTFP5TGN,PROD100390,General,222958,12,No Claim
CUSIZHD8KL6T6RX,PROD100391,General,86243,18,No Claim
CUS4K53PKTH1BER,PROD100414,Health,111026,14,No Claim
CUS8XK4BBT0B9F7,PROD100426,Life,85411,19,No Claim
646442945950,PROD100430,Health,189238,21,No Claim
CUSECFUJ4OGQSH9,PROD100434,Life,154103,8,No Claim
CUSN8HY48NCSR37,PROD100438,General,41090,22,No Claim
CUSN1N3VHPOJKO3,PROD100440,Health,231841,17,No Claim
CUS9JYMGKLCWSEV,PROD100447,Life,52117,17,No Claim
CUS3Q3QD5T5UK7L,PROD100451,General,222010,19,No Claim
CUSQV1S6RP4YWV4,PROD100471,General,122908,15,No Claim
CUS0N2RZ5LZWZ3E,PROD100472,General,168208,8,No Claim
CUSUAY57BTYFPYY,PROD100473,Life,142637,23,No Claim
CUS8EF7YHI4MU6Y,PROD100478,Life,222027,14,No Claim
CUSGJ4LU5NUJROU,PROD100483,General,29650,15,No Claim
CUSY3HXQ5ORSYCJ,PROD100484,General,244944,12,No Claim
975987570795,PROD100487,Life,163229,23,No Claim
CUSUI0G8RYFO5JT,PROD100491,General,37850,10,No Claim
CUSA421V3FSTNHN,PROD100497,General,231865,17,No Claim
CUSXUJ5OGQJT4NG,PROD100498,General,152476,8,No Claim
CUSO5YBRJNM2L44,PROD100509,General,130219,5,No Claim
CUSUM51TL35BDLH,PROD100510,Health,171007,14,No Claim
700653782558,PROD100514,Life,198949,23,No Claim
CUSWKQLOYTTLAIM,PROD100519,Health,138637,13,No Claim
CUS07HPNPK270TE,PROD100520,Life,164274,17,No Claim
CUSTK4N1K4CL0MT,PROD100522,General,96470,16,No Claim
CUSI14NW39ANDB8,PROD100530,General,55426,9,No Claim
895415671939,PROD100531,Health,28964,7,No Claim
CUS2KIQU8L5NVM8,PROD100532,Life,228622,6,No Claim
CUSCJM5B8VJBJ9G,PROD100533,General,167296,17,No Claim
CUSV7HWD0F11JYO,PROD100540,Health,188290,15,No Claim
CUSG7V2MUOU7MFY,PROD100544,General,212401,24,No Claim
CUS4RONA71WAL3Y,PROD100547,Health,112918,9,No Claim
CUS2ZLKNF4GOLKU,PROD100565,Life,117625,23,Claim Filed
CUSGROABEAWQW29,PROD100582,Life,183217,14,Claim Settled
CUSB6V6D1SGUBJV,PROD100585,Life,113279,8,Claim Filed
CUSH1NK5EQFPUMR,PROD100587,General,199568,23,No Claim
CUSSCSC7WD1BC6J,PROD100588,General,30939,17,No Claim
CUSBS5QICJKTZO8,PROD100592,General,64119,14,No Claim
CUS3TTZ5BSXK0EX,PROD100595,Life,75107,13,No Claim
CUSLEQ4XIVYF8MV,PROD100597,Life,137449,11,No Claim
CUSFDZEACA5B3GG,PROD100610,Health,204890,9,No Claim
CUSOVY92DEFQGSE,PROD100611,Health,210150,22,No Claim
CUSCT1NKS9FMCNR,PROD100612,General,30274,23,No Claim
CUSNM3W6KA2P138,PROD100614,Life,121998,15,No Claim
CUSLO7IH51MK2XI,PROD100619,General,178804,7,No Claim
CUS1ZQAONK5E7VS,PROD100625,Health,68192,22,No Claim
CUSFDMCGPD15PEJ,PROD100633,Health,158622,11,No Claim
CUSKFUS3S7TCVUC,PROD100641,General,116505,19,No Claim
389387695942,PROD100643,General,82224,18,No Claim
CUSUN5DGSIRI5DS,PROD100655,Life,248128,18,No Claim
CUS9JA2QI54HTW9,PROD100659,General,248810,11,No Claim
CUSZKLJ2A3H7SNO,PROD100660,Health,135277,24,No Claim
CUSCPFE0N01OYBZ,PROD100663,Health,99184,15,No Claim
CUSRZ0WPYFUVVPV,PROD100666,Health,202275,22,No Claim
CUSL30JUJKXADRN,PROD100673,General,93012,22,No Claim
CUS2UJJBKJR5408,PROD100676,Life,91497,24,No Claim
CUS4ZCGYO7SPI6E,PROD100682,General,152869,10,No Claim
CUSX8TOCIQ2GORX,PROD100688,Life,71413,24,No Claim
CUSK55GQ8RZZ4W8,PROD100694,Health,206097,6,No Claim
CUS35NABLI8751X,PROD100699,Life,176996,13,No Claim
CUSLO7IH51MK2XI,PROD100705,Health,49018,6,No Claim
CUSG5CRP92G088X,PROD100707,General,190820,25,No Claim
CUSTHKHDO3VZN69,PROD100708,General,221152,8,No Claim
CUSPDTLPNK1WC0K,PROD100709,General,62403,23,No Claim
CUSTGD1VEZPTLWH,PROD100710,Life,55455,20,No Claim
CUSCB51EZ3BIZ8U,PROD100719,Health,108292,24,Claim Settled
CUSDNPR9OMXD2NX,PROD100728,Life,74281,11,No Claim
CUSRWPOFHEHFAU7,PROD100732,Life,32437,18,No Claim
CUSJ1WSF8AZ9QYL,PROD100734,General,51116,11,No Claim
CUSJ3WHLEJCC6Q9,PROD100737,Life,47026,14,No Claim
CUSAP24OP87XK1S,PROD100747,Health,158222,5,Claim Settled
CUSBEHNW46Y8RNR,PROD100749,Life,58508,12,No Claim
CUS9440ZZU2JD6C,PROD100753,Health,189765,24,No Claim
CUSSXWGP46QHRQF,PROD100758,Health,60307,24,No Claim
CUSMW74GKW8F1HT,PROD100762,Health,103650,23,No Claim
CUSJ66B75CN4STK,PROD100775,Health,135505,6,No Claim
CUSSM8X1UMYMF82,PROD100776,Health,191641,5,No Claim
CUS7VUHROZ6M7NJ,PROD100790,Health,215670,20,No Claim
CUSA14350Q8OBW3,PROD100791,Life,81525,19,No Claim
CUSDUWAW20GJPQP,PROD100794,Life,110097,25,No Claim
CUSWZPYB2HOUJWQ,PROD100798,Life,200190,13,No Claim
CUSJ063YJWDXOH4,PROD100799,General,191687,23,No Claim
CUS6P5BGQCED8HU,PROD100801,General,70741,12,No Claim
100438260799,PROD100803,Health,63730,16,No Claim
CUS0TEG8DEFECCD,PROD100806,Life,190028,23,No Claim
CUSEBQ6WVUJWYWD,PROD100813,Health,116485,6,No Claim
CUS6FY0UFH6GSTC,PROD100822,Health,168390,12,No Claim
CUSDL9F37IJLUFN,PROD100823,Life,57791,24,No Claim
CUS7AGLYMURYD7P,PROD100824,Health,244476,23,Claim Filed
CUS6RCQPVI3B8CR,PROD100825,Life,107761,15,No Claim
CUS8KJC3HKG6B8F,PROD100827,Health,85326,12,No Claim
CUSBR9YVY0D6Y1V,PROD100832,Life,84267,14,No Claim
CUSS8VI3B4QY7QE,PROD100833,General,242833,12,No Claim
CUSO72WPG3O4G27,PROD100835,General,238872,22,No Claim
CUSIZXG6CTBLVNT,PROD100837,Life,100954,14,No Claim
674379247007,PROD100844,Life,45772,9,No Claim
CUS3ZP35HUDCMPS,PROD100846,Life,26904,18,No Claim
CUSWLGNO99Q6XOW,PROD100848,Life,138122,20,No Claim
CUSL48X9AL8JUW5,PROD100849,Life,202213,21,No Claim
CUSKPDK46KZM4BV,PROD100850,General,140571,15,No Claim
CUSK10IO1AR1ZGZ,PROD100859,General,26615,10,No Claim
CUS3JHYOX9ARZLI,PROD100861,Health,86783,9,No Claim
CUS5QVC7H56E43B,PROD100864,General,31428,13,No Claim
CUSJN1X4T8R3GQZ,PROD100870,General,206222,20,No Claim
CUSBHBJDMMCO5NI,PROD100890,Life,156302,13,Claim Filed
CUSCSQ59A0UXF3R,PROD100896,Life,216007,7,No Claim
CUSTFDK7FO25V38,PROD100907,Health,107317,6,No Claim
CUSF4NI9NQX8DPS,PROD100909,Health,95907,9,No Claim
CUSDPIQH8PH2TIR,PROD100912,Life,27586,14,No Claim
CUS0Z9DFFSGDBXH,PROD100914,Health,53091,14,No Claim
980856988742,PROD100919,Life,232926,10,No Claim
CUSMVGNGK756D22,PROD100923,Life,65170,24,No Claim
CUSSKWB0KMAPNCM,PROD100925,Health,181650,10,No Claim
CUSBC5550719569,PROD100928,Health,241441,7,Claim Filed
CUSM6K6R9QONPV7,PROD100931,Life,204122,7,No Claim
CUS0AAV3O3QKZV6,PROD100933,Life,203743,6,No Claim
CUSXY4GW7S743EX,PROD100936,Life,124324,6,No Claim
CUSPGV5DYY6PXGF,PROD100937,General,91115,6,No Claim
CUSJGNS70SZBY7A,PROD100938,Health,106715,22,No Claim
CUSW9R07HDYWA34,PROD100940,General,249741,9,No Claim
CUSC5UO8J7I3XPC,PROD100941,Life,156788,25,No Claim
CUSOPZW534BALWA,PROD100943,General,88259,17,No Claim
CUSCV3DCRPE4DP1,PROD100956,Life,171153,16,No Claim
CUSF90KUWQ2GPQ0,PROD100958,Health,217356,16,No Claim
CUSQJ3TSWXKJZ23,PROD100961,General,30897,8,No Claim
CUS0EK1A67VTANT,PROD100962,Life,90477,6,No Claim
CUSV74AY36DF272,PROD100967,General,94780,23,No Claim
CUSY35BYLL6B4G5,PROD100975,Life,144695,8,No Claim
CUS1M6CXN0KBIXH,PROD100977,General,27735,11,No Claim
CUS9PW2BQ8GJ3EF,PROD100989,Life,81908,18,No Claim
CUS7H7UY2SK3FVQ,PROD100990,Life,234312,25,No Claim
CUSXKLR8Q97BU29,PROD100993,Life,136586,19,No Claim
CUS2OXVZ2KIILCB,PROD100998,Life,206951,5,No Claim
CUSCROUX5MHB6QY,PROD101002,General,138312,6,No Claim
CUSJBFRKN7MJGD4,PROD101004,General,221843,23,No Claim
CUSL95QR2BWI4ED,PROD101006,General,87291,10,No Claim
CUSDMFMLOMW4V8Q,PROD101008,Life,171884,22,No Claim
CUSNC94OOOYI5BW,PROD101017,Life,235648,15,No Claim
CUSHQWH97DBU49B,PROD101020,Health,220509,6,No Claim
CUSX9YSCZ7MY3GB,PROD101031,Life,58059,12,No Claim
CUSGHJJLUMK3AIG,PROD101036,Life,151669,7,No Claim
CUSXCB7KI5444EW,PROD101038,Life,107605,11,No Claim
283226892819,PROD101039,Life,130169,13,No Claim
CUS7KYLLHGQE2IK,PROD101043,Health,215004,10,No Claim
CUSBC089DCLEF37,PROD101048,Life,36340,17,No Claim
CUSTVCC81CHNMER,PROD101057,General,150118,24,No Claim
CUSUIUQCDMSLO8U,PROD101060,Health,249459,12,No Claim
CUS6GBJVVQY18BB,PROD101061,Health,147026,11,No Claim
CUSYCNIDS13PMNC,PROD101063,General,71224,9,No Claim
CUSQZLC0BLAEI9C,PROD101072,General,34568,10,No Claim
993243446189,PROD101077,General,145762,7,No Claim
CUSB0V6UD0UV8M1,PROD101079,General,90315,20,No Claim
CUS10Q28MS8XL76,PROD101080,Life,73105,13,No Claim
CUSJICWMI6W2RN3,PROD101081,General,45691,24,Claim Filed
CUS1ADRGHSBMEK1,PROD101085,Life,107304,17,No Claim
CUSZFBURM4CGUUD,PROD101086,Life,174055,7,No Claim
CUS6H8XNEEU68ML,PROD101097,General,229598,20,No Claim
CUSV8HPTZ7N8JE4,PROD101106,General,190578,25,No Claim
CUST8ZEH3RPRGYG,PROD101110,Life,78403,18,No Claim
CUSPFBD1JFVYVAS,PROD101113,Health,56605,20,No Claim
CUSUP12CCTHU522,PROD101117,General,126224,8,No Claim
CUS2VG06YI9LBMV,PROD101143,Life,143293,16,No Claim
CUSMQVF4V48XYQ2,PROD101147,Life,94644,7,No Claim
CUSNVA750QCN6YP,PROD101153,Health,122124,11,Claim Settled
CUS5AFWVLWT3CJA,PROD101154,General,69285,15,No Claim
631805045454,PROD101157,Life,71660,5,Claim Settled
CUSKAR9OWSLK0PL,PROD101159,Life,60296,22,No Claim
CUSB9K6GE3EK3V7,PROD101161,Health,136649,18,No Claim
CUSLCNX8J9IZ8IA,PROD101172,Health,68084,20,No Claim
CUS7JNCK0Q7X6DV,PROD101174,Life,144526,11,No Claim
CUS3FN2DLQV2U6T,PROD101175,General,231175,8,No Claim
CUSXYHFV7XVNDSB,PROD101179,Health,62246,10,No Claim
CUSBGP41YQ5WGFV,PROD101194,Life,60146,25,No Claim
827936088260,PROD101195,Life,206983,8,No Claim
CUS4E6BTONWZRSR,PROD101199,Life,38976,20,No Claim
223166937379,PROD101200,Health,26582,19,No Claim
CUSNNRZ7DTJ63U9,PROD101207,General,46549,15,No Claim
CUS2QDPQF3IO61H,PROD101222,General,203138,10,No Claim
CUSTKIN1J1CF1YS,PROD101224,Health,80188,17,No Claim
376387334569,PROD101227,Life,175672,17,No Claim
CUSX536PH4ZV1BA,PROD101228,Life,25311,7,No Claim
428068213683,PROD101231,Life,37179,5,No Claim
CUSQ84GD5YSHGPZ,PROD101233,General,214074,7,No Claim
CUSEHAZJPQECHMQ,PROD101246,Health,122216,22,No Claim
CUSJ2EVCMEMV1FA,PROD101248,Health,187839,24,No Claim
CUSZPMSSE19439F,PROD101249,Health,91277,14,No Claim
413429893973,PROD101255,Health,81651,17,No Claim
CUSULNWKB23CJL5,PROD101257,General,48072,10,No Claim
233573532771,PROD101267,General,203462,20,No Claim
CUSXX4AYO9WBHXP,PROD101269,Health,144378,18,No Claim
CUSNLH2Y1JAN6C2,PROD101275,General,228281,20,No Claim
CUSBYTVU3K4OAWF,PROD101276,Health,63087,22,No Claim
CUS7M05H8ECVGER,PROD101280,Health,46053,17,No Claim
CUSYQKI4D913R85,PROD101284,Life,47790,9,No Claim
CUSAYVBFKOA9LDM,PROD101285,Health,46860,10,No Claim
CUS04MGEH3ILXJ0,PROD101294,General,129140,23,Claim Settled
CUS5H5BMJ2EYA1Q,PROD101295,Health,42179,24,No Claim
CUSC41KMY5ADVO2,PROD101297,Life,101966,23,No Claim
CUS99O6ALVGQXCZ,PROD101301,General,72297,10,No Claim
CUS6WY966PJOIOM,PROD101306,Life,155765,23,No Claim
CUSGKP1UT8USXMW,PROD101307,Health,48061,10,No Claim
CUSEJHEIVLR5R6S,PROD101313,Health,123405,10,No Claim
CUSLY0KI94JHLMF,PROD101327,General,39047,23,No Claim
CUSHJTDMBZDPAQP,PROD101331,Health,150865,15,No Claim
CUS85KS0AHD2XUC,PROD101333,General,193319,20,No Claim
CUSD9YAFHSKK583,PROD101338,Health,137774,9,No Claim
CUSDG680IUGA4FE,PROD101349,Life,241438,8,No Claim
CUSVSIJTRJOQOBT,PROD101354,General,47006,8,No Claim
CUSODEI4VXU4VQW,PROD101356,Health,245549,25,No Claim
CUSJ1U5VOCJGBRQ,PROD101364,Health,101763,23,No Claim
CUSFZ1D2FKVPHYS,PROD101372,Life,136322,23,No Claim
CUSGENJUOO9HX5B,PROD101373,General,230181,22,No Claim
CUSUVO0NZPJ9K5W,PROD101385,Health,232778,17,No Claim
CUS8DHQ8BRHFLND,PROD101386,Health,192669,18,No Claim
CUSXC67YQC0C6LL,PROD101389,Life,63809,12,No Claim
CUSKO4W0CECOC2D,PROD101394,Life,206911,22,No Claim
CUSN0V5D3EOHCP5,PROD101397,Health,206376,11,Claim Settled
CUS6KDB0NQYV1QM,PROD101403,Health,206080,10,No Claim
CUSAPTB9IX4HXXS,PROD101430,Health,95615,10,Claim Filed
CUSLV323XQPLUYG,PROD101432,Health,119620,17,No Claim
CUSI65FWBHDPK8U,PROD101434,Health,198353,10,No Claim
CUS9V7TZKR2TT1X,PROD101442,General,93224,10,No Claim
CUSIRXFJQA2QR5V,PROD101445,Life,74443,19,Claim Filed
CUSVIJFU59Z9WYP,PROD101446,Health,66903,6,No Claim
CUSHRCNBH6NQQB9,PROD101447,General,242915,18,No Claim
418999424119,PROD101449,Health,31260,22,No Claim
CUSNX3M4CLEN7CT,PROD101450,Health,172219,23,No Claim
CUSK8FMF8OZBUGR,PROD101452,Health,139237,21,No Claim
CUSXWS8J4D631WS,PROD101453,General,236751,12,No Claim
CUS2TJKGVHKAB08,PROD101458,General,47081,15,No Claim
CUSQBYWLKLQBXXA,PROD101466,Life,128085,11,No Claim
CUS5IIEI6J4UQ83,PROD101471,General,32833,18,No Claim
CUS1XG17O254YI3,PROD101477,General,170492,13,Claim Filed
CUSAXVHZWV2MKD0,PROD101482,General,155715,24,No Claim
CUSL35G4TY3UYAO,PROD101483,Life,44054,24,No Claim
CUSGSUFQCI394UF,PROD101489,General,28002,16,No Claim
CUS3ASUL02PJFKJ,PROD101491,Life,74767,24,No Claim
CUSINDXRJVPZVQL,PROD101494,Health,198185,25,No Claim
CUS7KC7D1ZWRJHH,PROD101515,Life,46815,23,No Claim
CUS3ZDNG0A6IS4O,PROD101517,General,152604,11,No Claim
CUSWLHMN2BOJP5D,PROD101528,Health,147620,23,No Claim
CUS10EBCN74MFNM,PROD101539,Health,43415,20,No Claim
CUSM7O5610JLPTM,PROD101540,Health,33645,10,No Claim
CUSOJXUG4QVGULG,PROD101544,Health,173312,10,No Claim
CUSLYPXYVW9Z4YD,PROD101547,General,157690,25,No Claim
CUSAG6TRIDEMXUO,PROD101552,General,153768,7,No Claim
CUSFNSW6HYKB00Y,PROD101555,Health,241801,6,No Claim
CUSWF3II5ZEJ2AH,PROD101560,General,230980,11,No Claim
CUS4WI3VA3OVTOJ,PROD101565,Life,144793,19,No Claim
CUS59W32BH00G7F,PROD101570,Life,54140,21,No Claim
CUSUB6LOAP70RUC,PROD101579,Health,133633,24,No Claim
CUS2SLQ3WTU21VL,PROD101584,General,234368,13,No Claim
CUSDHHH4MPM60Z2,PROD101586,Life,183247,13,No Claim
CUSYZJL9V1S65XC,PROD101594,General,218030,6,Claim Filed
CUSS4BGZS24DEPD,PROD101606,Life,103417,5,Claim Settled
CUSM3MW6G1Q204L,PROD101610,General,84444,16,No Claim
CUSG787L6K1CNTJ,PROD101612,Health,164803,25,No Claim
CUSR1EAT07STER7,PROD101617,General,43231,22,No Claim
652982375048,PROD101618,Health,175811,19,No Claim
CUSI39RLUC01G40,PROD101621,Health,80415,7,No Claim
CUSTSRPVLPQ3QMY,PROD101624,Health,100266,9,No Claim
639607881024,PROD101631,General,96403,12,No Claim
CUSJDYT654P8JCZ,PROD101632,Health,118355,9,No Claim
CUSRFBIURESYF40,PROD101655,General,198756,9,No Claim
CUSXCC2ZRF0IY0J,PROD101661,Life,90039,23,No Claim
CUSPFNROAFJBKJ1,PROD101663,Health,62196,11,No Claim
CUSZP9JTLBHCYGK,PROD101672,Health,212003,16,Claim Filed
CUSS7V5SMHCSFVC,PROD101674,Life,105575,19,No Claim
CUSFLJZRGAC9Z8V,PROD101677,Health,135506,23,No Claim
CUS8W5Q0IA6L8SO,PROD101678,Health,30024,22,No Claim
CUSPHDUDW21ZC7N,PROD101689,Health,54836,25,No Claim
CUSPACGYU25Q0FO,PROD101694,Life,223594,20,No Claim
CUSEXWT2XM161ET,PROD101695,General,56008,13,No Claim
CUS1Q74C3J3T36U,PROD101701,General,40787,10,No Claim
CUSXB5Y4346RMN9,PROD101705,General,239135,15,Claim Filed
CUSZM5FFVC0E41Y,PROD101707,Life,32745,9,No Claim
944037328895,PROD101709,Life,148674,12,No Claim
CUSIQWB7YGHB9NH,PROD101712,Health,62742,18,No Claim
CUSP06YY3QT74WH,PROD101717,Life,85621,19,No Claim
CUSSU8DW419K9Q7,PROD101718,Life,215138,13,No Claim
CUS6VW5BVEMK9PI,PROD101724,Life,148347,16,No Claim
CUS7GB550JPA3EL,PROD101725,General,43305,21,No Claim
CUSC0HHGIQFGMFL,PROD101726,Health,159683,22,No Claim
CUS8YNVAMKFXMMJ,PROD101737,Life,155182,18,No Claim
CUS87P58HNHESFK,PROD101740,General,90765,18,No Claim
135637787627,PROD101742,Health,105727,20,No Claim
CUS085DXSO111MX,PROD101752,Life,244909,5,No Claim
CUSWDGXL522RUDS,PROD101753,Life,218794,8,No Claim
CUS33V6P3KCL34Z,PROD101755,Life,33144,16,No Claim
CUS67EX4IAFKBD0,PROD101759,General,70269,20,Claim Settled
CUS70FL17TJ3RGQ,PROD101761,Life,98846,12,Claim Filed
CUSL2N6WPNB4IXM,PROD101768,General,63922,22,No Claim
CUSLXGWS5AZ8YJ9,PROD101769,General,86044,13,No Claim
CUS58K2L18KB9OM,PROD101771,Life,45182,9,No Claim
CUSYIVU3O4A5XHV,PROD101773,Life,172759,19,No Claim
CUSR26BXIZ7EB7W,PROD101774,General,166473,25,No Claim
CUSJKGSNC0PKBBM,PROD101775,Health,93066,14,No Claim
CUS1EEXQ4UR7BOV,PROD101777,Health,117160,9,No Claim
CUS4WVJ1AFOWKQQ,PROD101788,General,172070,11,No Claim
CUS9B7OZPAMR3RZ,PROD101801,Life,239824,19,No Claim
CUS3XGF73N9F8XG,PROD101804,Life,44416,14,No Claim
CUSWAEG8UMG42E0,PROD101807,General,219192,22,No Claim
CUS6FZPZN8VZYWI,PROD101810,General,85680,7,No Claim
CUSWWWDMOT2VSCU,PROD101811,Life,67654,9,No Claim
CUSP2XLWS5O8CKK,PROD101816,Health,130262,21,Claim Filed
CUSEJ4XQQDU06UF,PROD101818,Health,100177,19,No Claim
CUSF05YJO4H6ALD,PROD101824,Health,87705,5,No Claim
CUSG5M9J7677JTL,PROD101835,Health,122486,22,No Claim
CUS73STOO0O1DS6,PROD101840,General,67091,12,No Claim
CUSDD4V30T9NT3W,PROD101849,Health,202530,9,No Claim
CUSQG47N95LOT58,PROD101859,General,152133,19,No Claim
CUSYCH0AF3LFL4A,PROD101860,General,229697,9,No Claim
CUS9PD0EWQ5UMIX,PROD101869,General,36089,14,No Claim
549208623081,PROD101870,General,201589,19,No Claim
721790341838,PROD101876,Health,134547,12,No Claim
CUSVDZLK1YO05H4,PROD101878,Life,119832,7,No Claim
CUS67GVIL6K8OED,PROD101881,Life,156119,23,Claim Filed
CUSD2RVJNIFDNKE,PROD101882,General,186950,7,No Claim
CUS9Y1MKWCOMO8M,PROD101886,Health,157959,9,No Claim
CUS5Q20OGNZJLCE,PROD101900,Health,170567,12,No Claim
CUS5KFQR5ES8ZUU,PROD101908,Health,146552,12,No Claim
750070754812,PROD101910,General,129146,22,No Claim
CUSMQL9HDXTBQFA,PROD101911,Life,225805,20,No Claim
CUSNAY5W5CNIYZD,PROD101922,Life,248793,8,No Claim
940318125293,PROD101927,General,211290,15,No Claim
CUS0COBW2TURSBA,PROD101928,General,242832,21,No Claim
CUSPJXPNLXO3TU4,PROD101933,General,90585,7,No Claim
CUS4ZWAXJDR3WBC,PROD101939,Life,94690,19,No Claim
659015402882,PROD101940,Life,244638,9,Claim Settled
CUSQAUR58X9QYXW,PROD101953,Life,216596,24,No Claim
CUSCDAC4K8AGBPT,PROD101963,General,195137,10,No Claim
502402949252,PROD101966,General,213983,11,No Claim
CUSBR3KTOFZR896,PROD101979,Life,111880,19,No Claim
CUSUYVRHPT1XSY8,PROD101980,General,92741,8,No Claim
CUS6FW6OMXHPBU6,PROD101986,General,65710,11,Claim Filed
CUSAYE6MJF346ZZ,PROD101987,General,116468,19,No Claim
CUSF690KZBL2NA1,PROD101999,Life,124188,12,No Claim
CUSFGAVXREYU7JC,PROD102002,Health,150710,14,No Claim
CUSZIG4GCC4RXCZ,PROD102003,Health,33946,10,No Claim
CUS8MCDODXZCNOG,PROD102006,Life,70787,15,No Claim
CUS8W13MMW494KO,PROD102008,Health,147334,11,No Claim
CUSFOQ7JRRLAZC1,PROD102010,Life,205860,14,No Claim
CUSH2OOGRVK48M3,PROD102013,Life,145343,16,No Claim
650812818867,PROD102025,Life,110113,18,No Claim
CUS4ZWAXJDR3WBC,PROD102034,Life,74485,17,No Claim
CUSP56RI7G8DUND,PROD102035,General,246326,14,No Claim
CUSHE81BRTP16AC,PROD102037,Life,130461,5,No Claim
CUSW9COM0O5FHR2,PROD102039,General,100812,9,No Claim
CUSWVO09AJ06XY4,PROD102041,Health,215384,19,No Claim
CUS035K04I3FY61,PROD102042,Health,69262,6,No Claim
CUS5V9M6JN8F348,PROD102051,Health,48298,19,No Claim
CUS5VF09I10DWIE,PROD102068,General,115597,17,No Claim
CUS9WU1SC494XJF,PROD102072,Health,206156,20,No Claim
CUSQ8I0Q1RIS5JD,PROD102080,Health,87656,18,No Claim
CUS6OGWA6MWTB62,PROD102081,General,77742,22,No Claim
184597088934,PROD102082,General,208115,6,No Claim
CUSPULIQG896GU4,PROD102086,Life,28671,25,No Claim
CUSYBZVCP17JUAL,PROD102087,Health,139186,9,No Claim
554549868139,PROD102098,Life,95064,7,No Claim
CUS13FEC6VSHPFX,PROD102100,Health,52616,20,No Claim
CUSV4P9BCZO7D0L,PROD102105,Life,117777,21,No Claim
CUS2K3AB82CVRF8,PROD102106,Life,180652,6,No Claim
CUS7TVQ5E0ZODFY,PROD102107,Health,169063,11,No Claim
CUSTNEXY26DQX4B,PROD102113,General,89781,10,No Claim
CUSJ933589MMDZT,PROD102114,Health,238299,7,No Claim
CUSVC0PBS6K1AZY,PROD102118,Life,62391,12,No Claim
CUSPECRXP1EN46M,PROD102124,Health,203885,8,Claim Filed
CUSPO30CPGGNQJT,PROD102132,General,37973,16,No Claim
CUSN3Z3S38WK7UV,PROD102145,Life,43697,5,No Claim
CUS3EVSHVFHBWUZ,PROD102146,Health,137218,8,No Claim
263216811825,PROD102151,Health,87858,7,No Claim
CUSNUQAVV3US3M4,PROD102157,General,205052,7,No Claim
CUSCRG3T4WORGJK,PROD102167,Life,29533,9,No Claim
CUSBQ5M4TU0SGEU,PROD102172,Life,31094,9,No Claim
CUS2P05WTV72JH3,PROD102175,Life,51099,9,Claim Filed
CUSW6MQIX9JPWQ9,PROD102183,Health,229673,11,No Claim
CUS8KBVBT1SF6CF,PROD102186,Health,125568,17,No Claim
CUS00FSPOJCW0NC,PROD102188,Life,187016,12,No Claim
CUSHZS6WIETCFPU,PROD102195,Life,37946,19,No Claim
591140741840,PROD102207,Health,74305,14,No Claim
CUS1L9QS9M4I6NK,PROD102211,Life,48554,22,No Claim
CUS1KJ3X8V79UST,PROD102212,Life,187891,8,No Claim
CUS2UYJL6O6W2EZ,PROD102214,Life,228147,22,No Claim
CUSQ0PVVY0BGNZJ,PROD102227,General,130144,17,No Claim
CUSFYJFFY7MQ8D3,PROD102236,Life,96404,11,No Claim
CUS8BTA03EWEGG9,PROD102239,Health,130167,7,No Claim
CUS7KEEBX7NCE6W,PROD102242,Health,248126,5,No Claim
CUSUVA70VFHNJ7Q,PROD102250,Life,79939,23,No Claim
CUS59X8NQWLGTUJ,PROD102256,General,35812,18,Claim Settled
CUS4RZLOYKEI2YH,PROD102264,Life,106543,23,No Claim
CUS7JVGPGWDL0XE,PROD102266,Life,117991,11,No Claim
CUSB94R0H99H28Q,PROD102267,Life,124463,16,No Claim
993243446189,PROD102278,Life,150667,19,No Claim
CUSHSC4L3LLDVVS,PROD102283,Health,105579,23,No Claim
CUS1PUQGDTWMJDI,PROD102287,General,174801,15,No Claim
CUSQ4O724M9RABP,PROD102289,General,127960,8,No Claim
CUSVRLWHOYSL15V,PROD102300,General,74164,6,No Claim
CUSARDYBOVLKV91,PROD102303,Health,101472,14,No Claim
CUSXFMO0SCNLCDN,PROD102306,Health,122085,15,No Claim
561327779675,PROD102308,Health,115181,10,No Claim
CUSSV5608E1XP4E,PROD102315,General,228002,16,No Claim
CUS86GSWLAF0ROM,PROD102318,General,35848,21,No Claim
CUSWKQX462AWOG7,PROD102326,Health,40220,23,No Claim
CUSE58DBVKFZYRJ,PROD102336,Life,59455,22,No Claim
CUSB5B2OGCUR2OM,PROD102342,General,130190,25,No Claim
CUSMTE7GNHJEVFE,PROD102345,General,47643,17,No Claim
CUSKIFSWCV27E03,PROD102357,General,156355,8,No Claim
211282955368,PROD102374,Life,129763,7,No Claim
CUSDPT39NSTTLH7,PROD102376,Health,226383,15,No Claim
CUSL8OHKQ1TBH03,PROD102379,Health,90812,23,No Claim
CUSS4Q864QZFOOO,PROD102385,Health,122136,19,No Claim
CUS6WUGOFRGJI1G,PROD102386,Health,165102,15,No Claim
CUSSOVGGRAXHZCP,PROD102387,Health,237374,18,No Claim
CUS44O45NBC44GC,PROD102398,Life,181657,21,No Claim
CUS3Y6KWJ81XVJ2,PROD102400,General,222232,24,No Claim
126430258452,PROD102404,Health,51471,23,No Claim
CUST57D85H0C5WU,PROD102415,Health,72940,20,No Claim
414328093161,PROD102428,General,87210,21,No Claim
CUSGBTF8JQD4U1F,PROD102434,Health,85488,12,No Claim
CUSOSCT8OILM3IL,PROD102435,General,131798,22,No Claim
CUSRRGNHA64Q7KN,PROD102440,General,217601,21,No Claim
CUS66FGSVVEEN4A,PROD102444,General,158480,22,No Claim
CUS9O5QSXNIISZD,PROD102445,Life,57993,19,No Claim
CUSBZ9H0UNL0UT5,PROD102449,Life,125357,6,No Claim
CUSVZ42MGKRO3I3,PROD102450,Health,128451,11,No Claim
CUSVQ2T6Q7KKYHC,PROD102458,General,99891,13,No Claim
CUSOAU0NPZHAPAN,PROD102459,Health,165326,20,No Claim
CUS6904IFN944NX,PROD102463,Life,247508,9,No Claim
CUSUZYDP0LO2K9Q,PROD102469,Life,221643,5,No Claim
CUS1Q07OIFNEZ78,PROD102476,Life,177996,20,No Claim
CUSU7C7Z1TYU01L,PROD102477,General,84713,10,No Claim
477590732329,PROD102490,General,208011,19,No Claim
CUSNE3JWAOOW6XE,PROD102495,Health,140982,5,No Claim
CUS35KRNM7TH9II,PROD102518,Life,130846,21,No Claim
CUSTHAF4HVFV6EJ,PROD102522,Health,186543,17,No Claim
CUSD34X03H5OKW2,PROD102524,Life,77520,15,No Claim
CUS9WLLXVYPII9J,PROD102531,General,72996,11,No Claim
CUSQJYKSF3ZSGES,PROD102536,Life,206377,19,No Claim
CUS6S3U5XBIZN62,PROD102539,General,51757,12,No Claim
CUSYIXUO9NCNVSZ,PROD102541,Life,39908,19,No Claim
CUSTAYBGI0RR0TI,PROD102548,Life,36662,8,Claim Settled
CUSHZL12S8CW3HZ,PROD102559,General,197729,9,No Claim
CUSULLR9RZFE4FU,PROD102560,Health,143013,9,No Claim
181621345217,PROD102564,Life,50403,21,No Claim
629184254526,PROD102567,Life,117694,18,No Claim
CUS071PGACQK4TH,PROD102588,General,92187,24,No Claim
CUS12I6G975Q9B6,PROD102590,Life,155847,16,No Claim
CUS1BISASKXYC96,PROD102591,Life,49573,24,No Claim
CUSIKY3UFN0DSG2,PROD102592,General,123506,11,No Claim
CUSZ1BV8205882Y,PROD102593,Life,157036,17,No Claim
CUSX29K3I8QCU1L,PROD102594,Life,229733,22,No Claim
CUSTD44K1J6FP8H,PROD102596,Health,28022,21,Claim Settled
536820884036,PROD102598,General,153710,5,No Claim
CUSR28JSJQLA4R5,PROD102601,Health,224849,23,No Claim
CUSZ005L0IPUS3A,PROD102603,General,61717,14,No Claim
CUSQC1IYYO4UDOJ,PROD102604,Life,151677,20,Claim Settled
CUSTCQFBVQ2VWQU,PROD102613,Health,60378,20,No Claim
CUSFQV21746ZFZC,PROD102617,General,183775,21,No Claim
CUSA3LW00I6PQ2E,PROD102620,General,55962,11,No Claim
CUSL8F5WAZ5BCAN,PROD102623,Life,91672,20,No Claim
CUSJR9V5PL4Y4OM,PROD102624,Life,220559,24,No Claim
CUSVAPIZ3CDTK5X,PROD102625,Health,207555,13,No Claim
523584579108,PROD102632,General,146467,8,No Claim
CUSI2DS2J4PYBAN,PROD102647,General,186712,15,No Claim
CUS6QL1N2HZWS0Z,PROD102649,Life,98421,10,No Claim
CUSPYB0BUVVHR9D,PROD102661,Life,206033,23,No Claim
CUSIMBC24FQROIE,PROD102667,General,61356,18,No Claim
CUS1F644W0QCJZ1,PROD102675,General,118079,9,No Claim
CUSCX98PRT5HD3W,PROD102678,Health,151035,13,No Claim
CUS6ICVA025KRLB,PROD102681,Life,99381,17,No Claim
CUS0XIPUVM3W57C,PROD102683,General,183686,23,No Claim
CUSJU8J31DQ9MPD,PROD102688,General,197156,17,No Claim
CUS5GU85Y46FKPK,PROD102693,Health,110663,5,No Claim
CUS6SEACQAFKGPB,PROD102700,Health,140656,21,No Claim
CUSD2XMG9B1RDZV,PROD102702,Health,106681,15,No Claim
CUSYQIWNQ3JKJNG,PROD102705,Life,231770,10,Claim Filed
CUSJFUS5J9195RK,PROD102710,General,91838,7,No Claim
CUSOJTVRSZ2DHYC,PROD102722,General,237231,25,No Claim
635209665121,PROD102723,General,160099,9,No Claim
CUSWYAHYCX5EFPH,PROD102729,General,225387,17,No Claim
CUSOGWF9DUJC4RB,PROD102734,Health,233631,8,No Claim
CUS7MLRMSNVIQHY,PROD102744,Life,141916,14,No Claim
913284930272,PROD102754,Life,81437,19,No Claim
CUSJYXA1A0U35QM,PROD102760,Life,124446,12,No Claim
CUSAJQD6YLNQN7V,PROD102777,Life,136731,11,No Claim
CUSPA1AUZ1CHR9M,PROD102781,Health,46838,17,No Claim
CUSD6TKIR44PG2U,PROD102782,Health,121177,21,No Claim
CUS3FHH99UB85RE,PROD102786,General,76213,16,No Claim
CUSZ45SO91YF0WC,PROD102788,General,30374,17,No Claim
CUSKLS553E7L1P4,PROD102800,General,102115,24,No Claim
CUSI2XSEUSFBTTY,PROD102803,Health,197700,14,No Claim
CUSNU4KEIXRGO0X,PROD102809,Health,53330,23,No Claim
CUS7WYJELVZCBK5,PROD102813,General,126076,16,No Claim
CUS5IFNE8H60T02,PROD102817,General,34780,9,No Claim
CUST89DZ7VX1YWL,PROD102818,Health,156897,16,No Claim
963337890915,PROD102821,Life,219180,5,No Claim
CUSBGAXGQKYKRSH,PROD102827,General,248921,25,No Claim
CUST5VAPX2WZYO7,PROD102837,Health,124852,19,No Claim
CUSY592YOFPONJH,PROD102844,General,87411,11,No Claim
571729154255,PROD102864,Life,200081,5,Claim Settled
CUSQP3VHUKTO79I,PROD102871,Life,180865,15,No Claim
CUSSRB9KQZV5AOS,PROD102874,Life,127836,10,No Claim
CUSCQ9DBT6TNLY2,PROD102882,General,115518,14,No Claim
CUSN7X468U0KW56,PROD102887,General,205528,16,No Claim
CUSK71VXC8ACT49,PROD102889,Health,240742,14,No Claim
CUSYFEQGTOKW7WA,PROD102892,General,116705,20,No Claim
CUS5WVB52IOPRBT,PROD102896,Life,196864,12,No Claim
CUSSWQX1SPBIMRR,PROD102898,Life,26949,16,No Claim
CUSA6OTMJYJIYB3,PROD102904,Life,211620,10,No Claim
CUSDQ1S3FU4G78R,PROD102913,Life,112707,20,No Claim
CUSXZ9ZGEGG4JYS,PROD102919,General,115555,18,No Claim
CUSCEE3D5P4Q2SI,PROD102925,Health,166282,14,No Claim
CUS6WTE1QMHHOPY,PROD102926,General,202401,9,No Claim
CUSSHLLSHWA7SLK,PROD102928,Life,77544,13,Claim Settled
CUSCEWNJGES7VNZ,PROD102938,Life,103549,14,No Claim
CUS1VVDUN9QICDQ,PROD102967,Life,221218,9,No Claim
CUSO1Q22ZGEYXV6,PROD102983,General,76018,14,Claim Filed
CUSCN7T1A9E61A2,PROD102984,Health,89841,9,No Claim
CUS6LJJT6VSL5A7,PROD102985,Health,224959,5,No Claim
CUSL4F17AUNZQBI,PROD102987,Health,41560,24,No Claim
CUSASEJ0WYDCVYG,PROD102994,Health,247554,19,No Claim
208626104874,PROD103008,Life,160092,10,No Claim
CUSJ4M7OJ6SJ9HY,PROD103011,Health,126227,13,No Claim
CUSTGQHCBWMSMGK,PROD103012,Life,160523,9,No Claim
CUSANOM9096IP6W,PROD103024,Health,75047,5,No Claim
464415131044,PROD103026,General,159998,7,No Claim
CUSQRV7ENC8VNTH,PROD103030,Life,169059,18,No Claim
CUSWDPM2MVZHBW0,PROD103032,General,189627,16,Claim Filed
CUSG7Q2IWEYVPIL,PROD103033,Health,74675,16,No Claim
CUSDMI08WOJP2L7,PROD103038,General,171385,21,No Claim
CUSGPPDVPTYMX5Q,PROD103047,General,153608,19,No Claim
CUSGO7NG299R9WD,PROD103056,General,222249,21,No Claim
CUSSOONBRADV785,PROD103071,General,106026,24,No Claim
CUSCCNC7GM03GIW,PROD103073,Health,77843,16,No Claim
CUSSITT3N463968,PROD103074,General,92353,6,No Claim
CUS7AAOKQM7I7BN,PROD103086,Life,46414,21,No Claim
CUSOZK8TMBAIVI7,PROD103095,General,150781,19,No Claim
CUSVR9CKA0FKM7F,PROD103097,General,96476,9,No Claim
CUS8X3CCK7P0DT7,PROD103107,Life,155929,22,No Claim
CUS62JWTJY7PI3W,PROD103112,General,235879,17,No Claim
CUS3R8PD99KE695,PROD103118,General,193711,9,No Claim
CUSONPMR9VDJ2GN,PROD103121,Life,145887,8,No Claim
CUSS071PC4CRU6O,PROD103132,General,157604,25,No Claim
CUSHIN5N9DQ4ROS,PROD103133,Life,220426,14,No Claim
CUSV3ENPYLB28CV,PROD103140,Health,86415,10,No Claim
CUSUYLPEO8L1UVJ,PROD103142,Life,71170,16,No Claim
CUSL2HPQBLYKJVR,PROD103145,Health,150539,7,No Claim
CUSF0ND45X6D9I3,PROD103155,Life,240036,9,No Claim
CUSW9QIK4X4BTKG,PROD103156,Health,243664,13,No Claim
CUSX6Y0XVLK2317,PROD103168,General,248432,18,No Claim
CUSOL8W9PSOKQD0,PROD103171,Life,163637,20,No Claim
CUSSI2FJ3EE1Q8R,PROD103173,General,53341,25,No Claim
832881261340,PROD103174,Health,222991,7,No Claim
CUS44UBBAC6G919,PROD103178,Life,205990,10,No Claim
CUS9BCAPFLXS1HZ,PROD103181,General,211132,25,No Claim
CUSEVEHQSXEV056,PROD103195,Life,227926,11,No Claim
CUSVBYUQVG2UUB5,PROD103208,Life,218251,16,No Claim
CUST6LD6RNM7S01,PROD103209,General,91261,6,No Claim
CUSYXA64ESXNATK,PROD103218,Health,78482,13,No Claim
CUSGWPYYLM2T7NO,PROD103220,Health,225149,16,No Claim
CUSLW9QQGV9BYZJ,PROD103223,Health,50710,23,No Claim
CUSSZEMRJ8TLLQ9,PROD103226,General,41259,13,No Claim
580888054953,PROD103230,Life,148586,11,No Claim
CUS5MQ4HLLO573N,PROD103241,Health,131570,7,No Claim
CUS5X3HJ3W6MK9X,PROD103242,Life,41590,12,No Claim
CUSNYDP5OI7WO4R,PROD103245,General,142596,17,No Claim
CUSLY5JCI7M8GRC,PROD103247,General,94064,20,No Claim
CUS3RJDUNEDK07T,PROD103249,Life,203937,18,No Claim
CUSTPFD53P8Q9ZR,PROD103254,Health,35398,13,No Claim
CUS3O0OJMQTBSG2,PROD103258,General,41982,13,Claim Settled
CUSMG4U2Q26A774,PROD103271,Life,227969,13,Claim Filed
CUSJE6L35YXZOG4,PROD103274,General,75140,25,No Claim
CUS2CS2CMQ2AJLT,PROD103275,General,124036,21,No Claim
CUS0CFS9Q8800QW,PROD103276,Life,115015,15,No Claim
CUSB8NL75EZ1P8X,PROD103284,Health,124635,11,No Claim
CUS9H8LBSZGYIUU,PROD103285,Life,70199,10,No Claim
CUSUZYDP0LO2K9Q,PROD103287,Life,137038,7,No Claim
294363743830,PROD103300,General,26447,19,No Claim
CUSWNCBFXKKT3ZL,PROD103304,Life,158347,17,No Claim
219059060926,PROD103315,Health,242173,20,No Claim
CUSMV3T942P6SFO,PROD103329,Health,144944,15,No Claim
CUS8USTV5EH54B3,PROD103333,General,121412,13,No Claim
CUS7JS4JJMA18LC,PROD103335,General,131685,5,No Claim
CUSJXD6TU0JOU2A,PROD103336,Life,132875,9,No Claim
CUSUY9UXIL5GJIF,PROD103339,Health,47437,23,No Claim
444777275024,PROD103349,Life,155415,21,No Claim
134900481524,PROD103353,Life,141496,11,No Claim
CUS27ZV9ZH2UHD2,PROD103359,General,226643,14,No Claim
CUSYFG9L8LWEHFG,PROD103360,General,154490,21,No Claim
CUSPS5OVDSZYTZQ,PROD103366,Life,156918,24,Claim Settled
CUS70YK77C4ZX6A,PROD103368,Health,34510,18,No Claim
CUSHKK7QG24DSYS,PROD103374,General,238163,15,No Claim
CUSL22K94O8GSGO,PROD103376,General,176278,8,No Claim
CUSETE281UTXUM0,PROD103379,General,50789,18,No Claim
CUS87WYBHRQIJ4G,PROD103386,Life,80022,25,No Claim
813512278769,PROD103389,Life,108443,25,No Claim
CUSI6FSAYQHP9WW,PROD103396,General,111346,11,Claim Settled
805929551631,PROD103397,General,153878,14,No Claim
CUSRXJ9L11YFW0Y,PROD103400,Life,69256,6,No Claim
CUS0AB4FFK2RTLF,PROD103404,Life,225802,10,No Claim
CUSAUPW9EFSWHGQ,PROD103405,Health,120565,10,No Claim
CUSX4LGXLZZCKC3,PROD103407,Life,112263,12,No Claim
CUSBNS04XKC332E,PROD103409,Health,134104,15,No Claim
CUS4O1WXLEST77W,PROD103414,Life,48530,9,No Claim
CUSWCD75TAGEB98,PROD103418,Health,173337,16,No Claim
CUS3BKCYFR2DN7X,PROD103422,Life,246791,16,No Claim
288316096648,PROD103426,General,44922,22,No Claim
CUSBJ7S6LTMPAGG,PROD103436,Life,215687,15,No Claim
CUSA7VW783KAGVE,PROD103449,Health,67549,11,No Claim
CUSXKSGJB9XSVF8,PROD103453,General,94535,8,No Claim
CUST8FYFQ4B9PCU,PROD103454,General,61988,12,No Claim
CUS5T0SYRG2AKSV,PROD103455,Health,32927,9,No Claim
CUSGG3TVOVO2JHZ,PROD103459,General,40093,25,No Claim
217823918841,PROD103470,Health,32209,25,No Claim
CUSD5TWRQLYULC3,PROD103473,Life,35876,6,No Claim
CUSC3WUULKD8WH9,PROD103475,Life,240075,16,No Claim
CUSUXP4IUX779GJ,PROD103477,Health,58748,15,No Claim
CUSHC8PK2SJLXN2,PROD103478,Life,98218,7,No Claim
CUSKIDCASE5SEDG,PROD103484,General,41701,16,No Claim
CUSRE72T4DV80QI,PROD103485,Health,134852,22,No Claim
CUSVBRP7UBU0ZAE,PROD103487,Health,133457,16,No Claim
CUS74LN75NDTMCK,PROD103493,General,75999,21,No Claim
CUSHB5WHSCX9KWZ,PROD103496,Health,112814,21,No Claim
CUSBQAFOXF9Y4RU,PROD103500,Health,185893,14,No Claim
CUSH8D8RU3BXKPF,PROD103502,Life,33697,11,No Claim
CUSDO3EPTKB8H2Z,PROD103508,Health,224211,10,No Claim
838830238618,PROD103512,Life,176431,5,No Claim
CUSYAWKGWMG3CQ8,PROD103513,Health,86209,20,No Claim
CUS4D1G6KQ0QVT9,PROD103516,General,186991,12,No Claim
396691887383,PROD103522,Life,139395,18,No Claim
CUSVY15UA7RYLTO,PROD103524,Life,133496,6,No Claim
CUSBTDD2PXDOUTL,PROD103535,Life,149446,20,No Claim
CUSTKBNZN5DX4L2,PROD103538,Life,216935,8,No Claim
CUS1AWH96LJQ05C,PROD103539,Life,214919,17,No Claim
CUS08R418WGA52O,PROD103540,Health,139673,12,No Claim
CUSN3PY8KFOGQGO,PROD103542,Health,218207,15,Claim Settled
CUSNGJWG5E2UCT5,PROD103548,General,149997,14,No Claim
720681256895,PROD103549,Health,175631,23,No Claim
CUSZOEP6VX50G1E,PROD103551,Health,120658,11,No Claim
CUSQF95SREYMQ5Q,PROD103552,General,231837,16,No Claim
CUSKZ1AW72L8NZN,PROD103555,Health,211837,11,No Claim
CUSX7JZDUQUR7P9,PROD103568,Life,191072,17,No Claim
CUSLCC3JGXMIXW0,PROD103569,General,38797,7,No Claim
CUS2D3PFWUGMPDH,PROD103571,General,40757,7,No Claim
CUSN2HRZGYK5402,PROD103584,Life,72178,21,No Claim
CUSVQ308N32K1IH,PROD103602,Health,197399,25,No Claim
673999862873,PROD103608,Life,192908,14,No Claim
CUS9ERN73W8OUF8,PROD103613,Health,93862,19,No Claim
617990700198,PROD103614,General,112032,15,Claim Filed
CUSYB214FP9JOQU,PROD103619,Health,139541,10,No Claim
CUSC34808BX5XNA,PROD103621,Health,25964,14,No Claim
335548725370,PROD103628,Life,148211,13,No Claim
CUSI8OCS90MUBNF,PROD103630,Health,91295,20,No Claim
CUSOH0OWOBY24MZ,PROD103631,Health,130108,20,No Claim
CUSI8IY5Q2OBRVW,PROD103634,Health,139803,21,Claim Filed
CUSBOBSUWTS4Q5A,PROD103638,Health,118114,24,No Claim
CUSDY20Q0NOLX33,PROD103644,Health,147553,21,Claim Filed
CUSE95FLHTA43VJ,PROD103650,General,225552,23,No Claim
CUSG71W02AUC8I4,PROD103652,Life,185318,20,No Claim
CUS5RY69BM0CXRE,PROD103661,Life,202350,20,No Claim
CUSY57KQV9KRBOK,PROD103665,General,82034,14,No Claim
CUSENSZNWHOIDRW,PROD103666,General,48696,17,No Claim
CUS5DEEEFAVEUMP,PROD103681,Health,179446,16,No Claim
CUSWDBC2KB6EA0F,PROD103686,Life,82565,16,No Claim
CUSMNOK5K3JZCJ6,PROD103692,General,212171,18,No Claim
CUSQT6YNNM7B7B4,PROD103693,General,102485,25,Claim Filed
CUSY083040NM7ZW,PROD103696,Health,98681,8,No Claim
CUS8YBO953ZRIDH,PROD103706,General,108306,17,No Claim
CUSF1J14EZDUJLY,PROD103711,Health,206656,21,No Claim
CUS6P22EOVHO9HY,PROD103713,Health,61969,7,Claim Filed
CUSSQX3MO7KJ03Z,PROD103728,Health,100500,17,No Claim
CUS611T7K8WSJKX,PROD103732,Life,34448,22,No Claim
CUSG81BR9IDDIX2,PROD103734,Life,36590,14,No Claim
CUSJP7RFI3N6Q3M,PROD103735,General,161391,16,No Claim
CUS19FZE2BIHJSS,PROD103738,General,92287,11,No Claim
CUS3TYQJ1MI15RE,PROD103741,Life,126918,23,No Claim
CUS8BVZ2G83AA1V,PROD103745,General,34637,9,No Claim
CUSD83RVX0OPQ5J,PROD103750,General,112646,6,No Claim
580077089719,PROD103752,Health,42037,24,No Claim
CUS5D78T0Q41DPY,PROD103757,General,208877,20,No Claim
CUSJJMMRETOQYPY,PROD103759,Health,48544,18,No Claim
CUS4FTVJ77MTNSL,PROD103763,General,142778,18,No Claim
CUSGHCFPN1LY6UJ,PROD103764,General,225993,19,No Claim
CUSOCQ2BGE77014,PROD103770,General,244683,20,No Claim
CUSTJRUAFD4KUC8,PROD103771,Health,169695,19,No Claim
615222864102,PROD103774,Health,140413,22,No Claim
CUS210ASJMUZ0VF,PROD103776,Life,172026,11,No Claim
CUSGQX4HG66KCNB,PROD103778,Health,102611,24,No Claim
CUS00HB48S145S2,PROD103780,General,68623,20,No Claim
CUSZAXP3OLUN4TK,PROD103782,Life,29174,10,No Claim
CUST3AX5672CA2E,PROD103783,Health,240180,21,No Claim
CUS7A0I0CYZ37Z7,PROD103787,Life,172243,6,No Claim
CUSJKHOI8DAIB6S,PROD103792,Life,97453,13,No Claim
CUS41FJ9VICM3G9,PROD103813,Health,234964,18,No Claim
CUSQRGVR4S3Z138,PROD103820,General,225400,9,No Claim
CUS3LKDPRIEW8PL,PROD103821,General,206750,7,No Claim
CUSPNOCXJR0TQ3R,PROD103823,General,92612,20,No Claim
CUSPPGW01D80Y42,PROD103829,Life,171921,15,No Claim
CUSFHM80YA4FFSH,PROD103839,Life,225713,11,No Claim
CUS0J4A8YWY5APY,PROD103840,Life,243010,15,No Claim
610921456451,PROD103845,Life,226814,20,No Claim
CUSPSYZT0D7THEF,PROD103846,Life,144610,12,No Claim
CUS56G2605NAFZE,PROD103854,Health,175724,21,No Claim
529186830184,PROD103856,Health,124627,18,No Claim
CUST5XK767J43UR,PROD103866,Life,92151,14,No Claim
CUSK6KAHTKSCUNP,PROD103874,General,91278,10,No Claim
CUS8GT7W7PV7M9C,PROD103877,Life,216820,19,No Claim
CUSSSTF2ZE74EVD,PROD103880,General,151051,5,No Claim
CUSNHX4O60204XM,PROD103889,Life,170317,18,No Claim
CUSO6XKQO211WMQ,PROD103890,General,147891,20,No Claim
CUSPJ1AKW007NBP,PROD103894,Life,111629,15,No Claim
CUS0X00O3IEBUD1,PROD103897,Life,248750,8,No Claim
CUS0VV32PO4I9RR,PROD103901,Life,185135,20,No Claim
CUSRNGYIDTJB02M,PROD103907,Health,234604,20,No Claim
CUSVY8OO7QIYSBT,PROD103908,Health,119853,12,No Claim
CUS5UAOZPX09ZED,PROD103910,Life,84488,25,No Claim
CUS11RN8G73RGKS,PROD103917,General,87899,5,Claim Settled
CUS3BHFHYBPRTEZ,PROD103918,Life,247761,13,No Claim
CUSR7E7IKAXP8Z7,PROD103921,General,134005,19,No Claim
579796382557,PROD103927,Health,38059,6,No Claim
CUS2IFRIOK4JWML,PROD103929,General,93981,23,No Claim
CUSCXPEOA6BHITU,PROD103935,General,102157,7,Claim Settled
CUSE1OCJXZEFLI4,PROD103944,General,109480,7,No Claim
CUS0DKO5PS8Q5OS,PROD103947,Health,204364,6,No Claim
CUSPS0ICI8H6QU4,PROD103952,Life,25538,9,No Claim
CUSVLOKBDJRH6B3,PROD103956,General,209209,7,No Claim
CUSBBK7W7KS9SD1,PROD103960,Life,240768,24,No Claim
CUSE6JSUXC94PTZ,PROD103970,General,169931,25,No Claim
CUSDRZQ7ANCVUZY,PROD103971,Life,220839,20,No Claim
CUSZ3CN2ICGI2F6,PROD103976,Health,144129,13,No Claim
CUS96G7N0GBDAL9,PROD103981,General,66002,24,No Claim
CUSIYY8VBQ754ES,PROD103984,Health,193206,24,No Claim
CUSN3JF2KFRSOOU,PROD103986,General,193134,7,No Claim
CUSS009Z4GKUOSS,PROD103990,General,182165,14,No Claim
CUSP84W118JTUMW,PROD104005,Health,40501,13,No Claim
990017988659,PROD104008,General,27596,6,No Claim
CUSV4H6PHC8L8HQ,PROD104010,General,131316,6,No Claim
CUSYZ6BH7Y3ECM2,PROD104012,Life,108476,17,Claim Settled
CUSY2ADCOIDQJQW,PROD104014,Life,121733,16,Claim Filed
CUSAF574CVNMM3C,PROD104022,Life,72175,14,No Claim
CUS8VK9QKAV8C3P,PROD104025,Life,120234,6,No Claim
559943559809,PROD104030,Life,96662,24,No Claim
CUSIM3M2ZS8BE42,PROD104036,General,38237,14,No Claim
CUSJ2V0BV2RQC8C,PROD104037,Health,48542,8,No Claim
CUSY2W1V2CETU4N,PROD104048,General,195191,16,No Claim
CUSV7T5WAHGPJH4,PROD104050,Health,81188,23,No Claim
CUS3NY2PKE7LX8H,PROD104054,Life,123519,19,No Claim
CUSGER92YNEXDT4,PROD104055,Health,28608,15,Claim Filed
CUSUH9QHQALQHSX,PROD104057,Health,85740,10,Claim Filed
CUSF6JK6YRU0SKC,PROD104061,Life,27478,20,No Claim
CUS4C4SNDOTZ4MA,PROD104071,Health,50555,6,No Claim
CUS4UDFK72MM3EP,PROD104073,General,125180,22,No Claim
CUS8W5Q0IA6L8SO,PROD104081,Health,136022,15,No Claim
CUSCR49M2WIHGLK,PROD104083,General,154198,17,No Claim
CUS7A8YAN7W5VC9,PROD104106,Life,74213,16,No Claim
CUSI44IVNDRCB1W,PROD104108,General,62625,15,No Claim
CUSWSB8WZJS30C2,PROD104113,Health,39922,16,No Claim
CUSR77PP3XTILZC,PROD104116,General,47936,21,No Claim
CUSBPI5B2472EJ2,PROD104118,Health,91706,8,No Claim
CUSJNMI0W96HB7Q,PROD104119,Health,79822,7,No Claim
CUSC80UWUZBOAK3,PROD104124,Health,106469,10,No Claim
CUS1SN9B3FS0DFR,PROD104127,Life,159219,22,No Claim
CUSALOT2Z336YWP,PROD104129,Life,151433,22,No Claim
CUS2YPE2G9786UQ,PROD104130,General,113794,6,No Claim
CUSDA7U48SPBILD,PROD104133,General,244639,8,No Claim
CUSRRSVBL5LB1P3,PROD104160,Health,192602,12,No Claim
CUSJ9V9E12GYNGQ,PROD104164,Life,83088,5,No Claim
CUSIA52041HLKG3,PROD104168,Life,52071,23,No Claim
CUSF4JDTVJ6BFVV,PROD104175,Health,56190,18,No Claim
508401375611,PROD104187,Health,237414,16,No Claim
195133690639,PROD104188,Life,75464,17,No Claim
CUSQO0K8RVZJ91J,PROD104190,Health,72046,15,No Claim
CUSZLLZ8FKW86MM,PROD104191,Life,49672,5,No Claim
614105590537,PROD104201,Life,189464,23,No Claim
CUSZL21USCROQFE,PROD104207,General,36543,13,No Claim
CUSNHQR0BODEW78,PROD104208,General,170764,13,No Claim
CUSXEK6USA4S7AQ,PROD104209,Life,128473,24,No Claim
CUSEG4IUXSK0EZ8,PROD104210,General,112940,6,No Claim
CUSQ2NX3LC6W06S,PROD104214,Health,152273,24,No Claim
CUSU2NY8JUUGK4N,PROD104216,Health,60521,21,No Claim
CUSC1VLXDL57HLC,PROD104220,General,102799,13,No Claim
CUSNFXJ02HD36UC,PROD104223,Health,26520,18,No Claim
CUSR8MG0NES4NZY,PROD104228,Health,84057,25,No Claim
CUS0SEZ0MMYCBNL,PROD104231,Health,233932,22,No Claim
CUSUSVIP0HWLC5D,PROD104233,Life,235246,21,No Claim
580077089719,PROD104235,Health,29233,5,No Claim
251312124080,PROD104244,General,46202,6,No Claim
CUSPFQ4H8TYFKY5,PROD104247,Health,71297,9,No Claim
CUSYW9MVCBAYF0G,PROD104253,Health,72367,25,No Claim
CUS54RWJAHP30ZK,PROD104259,General,201704,17,No Claim
CUSCCZPT0VDJO0Q,PROD104267,General,245146,25,No Claim
989946927183,PROD104272,Life,238972,7,No Claim
CUSWWP5CT6L6FR3,PROD104275,Life,109691,21,No Claim
CUSYOGPSKY885BD,PROD104280,Life,162594,18,No Claim
CUSAKDQS1NK8AL6,PROD104281,Life,57027,18,No Claim
CUSOON4S3OTRVG8,PROD104285,General,182264,12,No Claim
CUSZS9BGK9GEL6U,PROD104301,Life,110131,11,No Claim
CUSHRLS010QP6NM,PROD104305,General,172440,9,No Claim
CUSTOTCNJHTKGDH,PROD104310,Life,168519,8,No Claim
CUSBVR01T7BQLO0,PROD104312,General,171711,18,No Claim
CUS2T8YRH7BA6JC,PROD104315,General,180364,15,No Claim
CUS7717UZ0U6AVD,PROD104319,General,50415,7,No Claim
CUS9A6R7EII2X5P,PROD104323,Life,86150,22,No Claim
CUSW6CW2IG17Y8C,PROD104325,Life,158182,17,No Claim
CUSF1XR2FUOUU1X,PROD104327,Health,186582,6,No Claim
155764974148,PROD104331,Life,136506,16,No Claim
CUSO1A7KSK1KCFQ,PROD104345,Health,173019,24,No Claim
CUS4Y2B68ROXP5A,PROD104346,General,159582,11,No Claim
CUS1452QMXW72S3,PROD104347,Health,236294,13,No Claim
580807151384,PROD104350,General,124266,20,Claim Settled
CUS6KMDVH8XACBT,PROD104352,General,126895,20,No Claim
CUSNO1O4C9KHUL5,PROD104359,Life,133121,25,No Claim
CUSTKGADH26V6EN,PROD104364,General,106121,19,No Claim
CUS37583RY6DD6C,PROD104366,Life,241743,24,Claim Filed
CUSF2CGNK3Y8IOK,PROD104379,Life,160675,19,No Claim
CUSLWTKS44VEZZV,PROD104380,Health,133767,15,No Claim
CUSWOY7PH5UPQLJ,PROD104388,Health,232229,21,No Claim
CUSWN96ZGYGYKDT,PROD104392,Life,89080,9,No Claim
CUSKB6CSIEZ6B4J,PROD104395,Life,61995,6,No Claim
CUSG84I6S7V1C4D,PROD104397,Life,90637,7,No Claim
CUSV68DV61QXEUM,PROD104398,Health,50186,25,No Claim
CUSLHG960DN6XXO,PROD104402,Health,193275,6,Claim Settled
CUSCYN83Q91WU9K,PROD104411,Health,112744,14,No Claim
CUSCHB8VZ9U77ON,PROD104413,General,111005,10,No Claim
507396080376,PROD104415,Life,136890,14,No Claim
354579767575,PROD104422,Health,215849,9,No Claim
CUS7J3ZC25GSOG5,PROD104438,Health,163515,23,No Claim
CUSYDUPPGBIVSCU,PROD104441,Life,72402,19,No Claim
CUS0U2HD72LVUHD,PROD104442,Life,148137,9,No Claim
CUS8YN9G6VRK2MM,PROD104459,General,32646,24,Claim Filed
CUSP35A3GM50DWX,PROD104462,Life,54874,16,No Claim
CUSBUTC6SVJ7TDS,PROD104471,General,89855,6,Claim Filed
CUSMFTDRLUXM60A,PROD104472,Health,26692,7,No Claim
CUS1LWQEUTAHZCY,PROD104486,Life,179470,6,No Claim
CUSNQL7SHIAM6PQ,PROD104487,Life,32658,13,No Claim
CUSU5G16GJYCYCR,PROD104497,General,214282,5,No Claim
CUSDK45DXGUZB89,PROD104498,Life,169376,8,No Claim
CUS6X4JXTXPL0IG,PROD104499,Health,48553,10,No Claim
CUSLJUVEXE0VD69,PROD104503,General,231529,12,No Claim
CUSYJA3E0VXTX87,PROD104504,Life,123221,25,No Claim
CUS6JFRT1ERVEO5,PROD104510,Health,137680,23,No Claim
CUSKH7R0C5GBR10,PROD104512,Life,165669,18,No Claim
CUS2YGFZ7OV4Q48,PROD104515,General,45728,15,No Claim
CUSOZ3QUVR724BW,PROD104519,Life,211588,21,No Claim
CUSBQS6M128U9AH,PROD104521,General,125606,6,No Claim
CUSS210Q2LG1ZHQ,PROD104528,Health,116551,13,No Claim
CUS4OZPV60Q3R66,PROD104531,General,37268,21,No Claim
CUS0TJKZWRRKRLT,PROD104532,Health,193957,14,No Claim
929925407583,PROD104549,General,64268,7,No Claim
CUS756RIUX2DWP6,PROD104554,Health,113720,10,No Claim
CUSBGWNJJXWCD9E,PROD104555,Health,163536,13,No Claim
CUSIOS4B2W0F6YE,PROD104562,General,88502,18,No Claim
CUSZACCZ2GLOAMQ,PROD104563,General,172793,21,No Claim
CUSMWW5HPTMTKJB,PROD104565,Health,84139,16,No Claim
CUSFA76YFTYXWUU,PROD104567,Health,68394,7,No Claim
CUS505JQA207HUS,PROD104570,Life,164629,20,No Claim
CUS70TMX3R8ZQ4Z,PROD104571,General,62767,12,Claim Settled
CUSANSEKD4SX5S3,PROD104572,Life,102109,24,No Claim
CUSPQPOMOYSVOOH,PROD104578,General,102828,8,No Claim
CUSF9W14XALIKN5,PROD104579,Health,155556,10,No Claim
CUSWFSECNHNHNVG,PROD104585,Life,146923,12,No Claim
CUSJI2PFREPHH5N,PROD104586,Health,71646,24,No Claim
CUSPA94VJWD6J1E,PROD104590,Health,208804,9,No Claim
CUSH6WY7ZYI15V4,PROD104593,General,122223,23,No Claim
CUSL210KBWLZKDF,PROD104598,General,53282,14,No Claim
CUS9CD2LNLJL5OT,PROD104611,Life,124847,15,No Claim
CUS2CGSEESQZDEN,PROD104613,Life,87587,12,No Claim
CUS0T3AH46C4X8R,PROD104614,Health,216372,5,No Claim
CUSX3W6Z478KPI8,PROD104621,General,49048,6,No Claim
CUSY0U8MYPM622M,PROD104622,General,147774,15,No Claim
CUSKCWJ77ECAAFF,PROD104630,General,167189,10,No Claim
CUSCKH7Z37QT5EC,PROD104631,Life,207876,22,No Claim
CUSTU2K1R8WJHC9,PROD104632,Health,156728,20,No Claim
CUSUG648C6XNIIQ,PROD104633,Life,81711,9,No Claim
460898284983,PROD104636,Health,37255,6,No Claim
CUSGCYY2F12J2QK,PROD104638,Health,67993,15,No Claim
CUSLR4P59P9LSSE,PROD104640,General,248987,5,Claim Settled
CUS5WQEHLHNPU8C,PROD104642,Health,26313,17,No Claim
CUSPUYXKLYYPROM,PROD104651,Health,215522,17,No Claim
CUSGVRT46ZV07GT,PROD104660,General,192507,7,No Claim
CUSIGD2IUJUOYB2,PROD104666,Health,223258,8,No Claim
CUSZ1130RLNRLB3,PROD104675,Life,43555,25,No Claim
553435685058,PROD104677,General,65693,16,No Claim
CUSTU7RILU2KOU0,PROD104679,Life,238765,22,No Claim
CUSKN69PVDA72XN,PROD104682,General,130247,15,Claim Settled
547661462414,PROD104690,Life,113651,21,No Claim
CUS58SAQXJPYJ2D,PROD104696,Life,61607,9,No Claim
CUSN4XJ765VA97K,PROD104715,General,175535,17,No Claim
584610454056,PROD104717,Life,223656,18,No Claim
CUS9XI735DH2W8C,PROD104723,Life,166996,16,No Claim
CUS35EXGECI3D4Y,PROD104729,General,152902,13,No Claim
CUSP2KQ2MY9WUCF,PROD104733,Health,238976,8,No Claim
CUS33MXKQ2GTM3Q,PROD104738,Life,79568,5,No Claim
CUSRO3OLM51XW9I,PROD104739,Life,47464,5,No Claim
CUSCH4URPG1KOBL,PROD104741,Life,43528,7,No Claim
CUSX9KBHMFKJL6V,PROD104746,Life,121446,17,No Claim
CUSEA6OYH5RL1O8,PROD104747,Health,78451,6,No Claim
CUSNHPNZYVUL1S2,PROD104750,Life,141236,22,No Claim
194989069262,PROD104759,General,192590,18,Claim Settled
CUSGSOYDIOIX6GW,PROD104760,Health,68339,21,No Claim
CUS7XRPLH2X4LT3,PROD104763,General,25850,6,No Claim
CUSA6ZQV78RKHU8,PROD104772,Health,48910,24,No Claim
CUS800J5G3VHPFD,PROD104782,Health,51169,17,No Claim
CUSQBFIY4GWT6D0,PROD104784,Health,243283,13,No Claim
CUSPINF90RF3AF0,PROD104788,Health,236658,8,No Claim
CUSFTLSS383K31X,PROD104790,General,249920,13,No Claim
CUS10PA1F37FHWV,PROD104792,Life,58175,11,No Claim
CUSOOZH1Y82VNV3,PROD104800,Health,172595,7,No Claim
CUSFWR3TTEYWO2K,PROD104805,Health,135923,11,No Claim
CUSYIGS06YKTW5E,PROD104810,Health,145272,19,No Claim
CUSYT4DGXZXFFAE,PROD104813,Health,237228,15,No Claim
CUSBQI3NMH16AFD,PROD104817,Life,48251,18,No Claim
378393814953,PROD104822,General,86186,18,No Claim
CUSDV1UV4SIWBPR,PROD104823,Health,173354,6,No Claim
389387695942,PROD104830,Health,84957,21,No Claim
CUS6EZ9XPW9YH90,PROD104832,Life,220960,17,No Claim
CUSA0GY4KBULONX,PROD104833,General,32035,19,No Claim
CUSURIKP9VNWCUU,PROD104836,Life,60264,7,No Claim
CUSHMFRGOT8TYZR,PROD104845,Health,146796,14,Claim Filed
CUST0V7UZWY51KZ,PROD104853,General,120427,15,Claim Settled
CUSL3BQ160DBLF8,PROD104856,General,168946,23,No Claim
CUSVKPXPYV1B2N0,PROD104858,General,96636,21,No Claim
CUSJN1X4T8R3GQZ,PROD104860,Health,109590,6,No Claim
233573532771,PROD104862,Health,58118,24,No Claim
CUSKT97D4JU845B,PROD104864,General,58448,11,No Claim
CUSCRH9LQ6CYYOZ,PROD104869,Health,76830,13,No Claim
891083618940,PROD104873,Health,193187,5,No Claim
CUSMG7CJ8P80URA,PROD104876,Life,207152,12,No Claim
CUSEBRD36QOI7JI,PROD104877,General,108287,13,No Claim
CUSQG98FDUDPG97,PROD104878,Health,161980,24,No Claim
CUSLN16NGFOQ5OD,PROD104890,General,62791,5,No Claim
456098928683,PROD104900,Life,185762,22,No Claim
CUS9AKX3287YL1D,PROD104908,General,206217,13,No Claim
CUS1D8HKMUFXCRE,PROD104912,Health,80753,5,No Claim
CUSO4RK5GORLOQV,PROD104932,Health,130753,23,No Claim
CUSHX9YQAYE0IOH,PROD104941,Health,97521,18,No Claim
CUSMLGWWIRVL67Y,PROD104942,Health,37217,25,No Claim
CUS23UAM6G40W1Y,PROD104944,General,181547,10,No Claim
CUS9X0F3DLENV6K,PROD104948,Health,64553,21,No Claim
CUSBB0NXHF7BKKS,PROD104953,General,92150,17,No Claim
CUSIZ85QOWVWMQP,PROD104968,Health,137387,21,No Claim
CUSI6FSAYQHP9WW,PROD104971,Health,70189,22,No Claim
CUSLEOPFEVZ5L5W,PROD104981,Health,110828,19,No Claim
CUSIJ491NNABR3Z,PROD104982,General,246139,6,Claim Settled
CUSBAXRTKMRV7HE,PROD104986,General,88068,9,No Claim
879848328376,PROD104989,Life,92036,13,No Claim
CUS9AASD52X4WB2,PROD104990,Health,83622,15,No Claim
CUSV942FEOLVOZD,PROD104993,Health,52961,16,No Claim
CUS6KD294LXOYKP,PROD105000,Life,242529,25,No Claim
CUS9AL4KFW21KMN,PROD105001,Health,155538,17,No Claim
CUS4AJWD9P1Y204,PROD105007,Health,88575,6,No Claim
CUSVA3GK0HRDP4H,PROD105017,Life,154321,5,No Claim
CUSNT9W57KM3FDT,PROD105018,Life,180015,15,Claim Settled
CUSMMCJTPYZBFHZ,PROD105019,Health,39048,22,No Claim
CUS6CVRNKVU6YGC,PROD105020,Health,248489,9,No Claim
CUSCH00E22UXY6H,PROD105021,Life,236080,6,No Claim
532000240317,PROD105023,General,80394,11,No Claim
CUSBJ8FLYDAT8IY,PROD105024,Health,93927,5,Claim Settled
842175005880,PROD105047,Life,206521,25,No Claim
CUSGFU40WLJJJUM,PROD105050,Health,109375,6,No Claim
113416225302,PROD105053,Health,232771,7,No Claim
CUSINTC5K0M6CIM,PROD105073,Life,151931,6,No Claim
CUS4PQABJUYQ87K,PROD105076,Life,246597,15,No Claim
CUST6VIL0PFEZFM,PROD105079,Life,45647,19,No Claim
CUS7MO5A3BVYP9S,PROD105081,Life,138171,19,No Claim
CUSA2WPSEDZIMAH,PROD105085,Health,136657,5,No Claim
CUSJKCU5X0HC8CA,PROD105090,Health,39425,6,No Claim
CUSOMMRR2XHI22R,PROD105092,Health,161748,8,No Claim
CUSO3HZUZQPJNW1,PROD105098,Life,162692,17,No Claim
CUSHAF8UFEX5V0J,PROD105100,General,93735,9,No Claim
CUSOX7VJIKJ2YBB,PROD105101,General,99337,24,No Claim
CUSI0KQ0HSXQK7M,PROD105102,General,131239,17,No Claim
CUSOHOR9UA70SZN,PROD105103,Health,212171,22,No Claim
CUSOAF89Z336C80,PROD105112,General,243150,22,No Claim
CUSFW9AT6Z89232,PROD105113,Health,60229,5,No Claim
CUS2B4ZMT5YH46A,PROD105121,General,118130,9,No Claim
CUS8J0PYDC9QPVR,PROD105124,General,62893,9,No Claim
CUSW2OONEW92YPG,PROD105125,General,203075,17,Claim Settled
CUSZTFB3XMAGEXG,PROD105126,Life,177825,21,No Claim
CUSUS5H50DVKFQ5,PROD105131,Health,65414,24,No Claim
CUSY5NXAJ6SJL9P,PROD105135,Life,143926,15,No Claim
CUSFW8WU3JN6KBS,PROD105141,Life,245513,6,No Claim
CUS3I8UVOYMF70E,PROD105150,General,153518,21,Claim Filed
402719148513,PROD105152,General,113613,13,Claim Settled
CUSWW3Z4FO6S972,PROD105156,Health,239803,9,No Claim
CUS8PVZHSZ6J9I7,PROD105158,Life,156389,9,No Claim
CUST2B6L8XEQA75,PROD105159,Health,145804,22,No Claim
CUSNYJW7SOWIAWX,PROD105162,Health,219112,18,No Claim
CUSKRVOS1GAEAMT,PROD105164,Life,57306,22,No Claim
898729670830,PROD105168,Health,207024,22,No Claim
CUS59W32BH00G7F,PROD105178,Health,74748,16,No Claim
CUSEJP7Y41F1C6Q,PROD105179,General,166557,20,No Claim
CUS1K9YE9O2M71H,PROD105180,Life,103999,20,No Claim
CUSJUYGVU9RN28F,PROD105196,Health,88462,5,No Claim
CUSLKM89KCLR7Z7,PROD105208,General,189375,19,No Claim
CUSJ3ANQ6V097PN,PROD105209,General,161444,14,No Claim
CUSK2G05ZNOJYE3,PROD105211,Health,85318,21,No Claim
895872008737,PROD105218,Life,47601,23,No Claim
CUS0XQ08F0175A9,PROD105219,Life,147259,5,No Claim
CUS2ESPH8WSUGNS,PROD105224,Life,92782,17,No Claim
CUSXPA5U7J9UNKG,PROD105229,General,209403,9,No Claim
CUSLMML0QB2O8IU,PROD105237,Life,214426,9,No Claim
903844593214,PROD105243,Health,121901,11,No Claim
CUSEE5QNTR2H7FP,PROD105251,Life,189373,21,No Claim
CUSNIAUZ7TSNJBT,PROD105259,General,117764,12,No Claim
CUSL4715REJ84J1,PROD105262,General,204999,21,No Claim
CUSX3JTMZFQ5HGU,PROD105271,Health,228490,17,No Claim
CUSZNXW6QEW80RT,PROD105272,Life,209801,24,No Claim
CUSZSJZCAO8ZRM2,PROD105276,General,217175,20,No Claim
CUSCDAFY7CSC5WK,PROD105280,General,230950,25,No Claim
CUSUAPW1QAG7DFT,PROD105285,General,34015,23,No Claim
894682203985,PROD105290,Life,112138,7,No Claim
CUS6GIWBMG7M86S,PROD105293,Health,101904,23,No Claim
CUSG11XL2Z050OV,PROD105297,Life,141603,8,No Claim
CUS70G8I6WRYCCI,PROD105303,Health,238840,14,No Claim
CUSMKAJ5I4VXMMH,PROD105307,Health,105061,24,No Claim
CUS3EP9LDTPJH8U,PROD105310,General,234535,23,No Claim
CUST6588XMI7FB4,PROD105312,Health,123934,22,No Claim
CUSDYA0E5AB2SXA,PROD105321,General,102393,19,No Claim
CUSVCPR83HK9MFJ,PROD105324,Life,182989,10,No Claim
CUS3JTZW8MBKG0C,PROD105328,General,200690,6,Claim Filed
CUSKRJOHPQ3B2SX,PROD105331,Health,140317,25,No Claim
CUS2VOUQR5O1CE7,PROD105332,Health,39130,12,No Claim
CUSOZUWTNRGM5A3,PROD105337,Life,29914,8,No Claim
CUSXORKF3FGJPI6,PROD105341,Life,198152,7,No Claim
CUSQPTIP87J73PD,PROD105356,Health,55725,18,No Claim
CUS3IJ9OIRXEQZ1,PROD105357,Health,32514,18,No Claim
561583373324,PROD105362,Life,30704,23,No Claim
CUSJEJZKEYTBQ78,PROD105364,Life,63341,22,Claim Filed
CUSU3V9XKE5W5FW,PROD105365,Health,89341,9,No Claim
CUSB0OWLK2624UX,PROD105367,General,243732,16,No Claim
CUSRSDTSLPF7GN2,PROD105369,Health,163453,22,No Claim
CUS0OK9N7MB739I,PROD105373,General,135867,8,No Claim
CUSJZMRHP5NXZG8,PROD105374,Health,120594,19,No Claim
CUSACK9EPN6TBSP,PROD105384,Life,49871,7,No Claim
CUSCTDG7V3HKMYE,PROD105386,Health,210070,6,No Claim
CUS5GB2LGUM8T03,PROD105390,Life,124129,14,No Claim
CUSJK8MFP7BRTRP,PROD105393,Life,39971,18,No Claim
CUSVPB5V72KALWH,PROD105397,Life,48642,21,No Claim
800093527853,PROD105399,Health,186733,23,No Claim
CUSXGDH3U0RCOFE,PROD105413,Health,204633,11,No Claim
CUSLHVYHV7V1FCO,PROD105415,Health,126403,18,No Claim
CUSPRIH96X1FN04,PROD105416,Life,64154,7,No Claim
CUSTAYBGI0RR0TI,PROD105417,Health,84268,25,No Claim
CUS6RZVPX7I8MKP,PROD105419,Health,80471,8,No Claim
CUSVIP3PFLN284B,PROD105427,Life,53924,23,Claim Settled
CUS4YWBP7IRJ9L9,PROD105441,General,129798,20,No Claim
CUSRA5BQN8W0AHB,PROD105451,Life,176656,7,No Claim
CUSBIQATH5PKP6V,PROD105467,General,50949,14,No Claim
CUSE8XEU19V6GOL,PROD105468,Health,134623,12,Claim Filed
CUSIFFJGHITC7TM,PROD105471,Life,92213,8,No Claim
CUSFTKBSQXACHA8,PROD105472,General,45024,7,No Claim
648212563913,PROD105483,Life,69910,6,No Claim
CUS90UX2Y7KNYFT,PROD105487,General,172166,6,No Claim
CUSEOG2VL768P5F,PROD105489,Health,139634,9,No Claim
CUSBGQ1SYZ65J7E,PROD105490,General,192201,24,No Claim
CUSD9FF22M3ZOCS,PROD105492,General,201956,17,No Claim
CUSF84M6XDBZOL7,PROD105499,Life,146404,11,No Claim
382575819884,PROD105500,Life,86379,14,No Claim
CUSUBNTZ7VGIY92,PROD105508,Life,170512,5,No Claim
CUSGYYZ2C4C3ARK,PROD105518,General,240587,8,No Claim
CUSVMPY3TKQ8RYF,PROD105528,General,115169,18,No Claim
149698776852,PROD105536,Health,57995,9,No Claim
CUSU1I3P08B95WS,PROD105540,Life,42400,15,Claim Settled
CUSOYYWH1CND5EA,PROD105557,Health,208147,23,No Claim
CUSS5V3WW95SQSU,PROD105560,General,227071,14,No Claim
CUSJLW3XJR92S7G,PROD105563,Health,174407,25,No Claim
CUSUD0JD60K7SDC,PROD105565,Life,150773,12,No Claim
CUSKUD5AIKPIPLB,PROD105568,Health,67489,15,No Claim
678496623856,PROD105569,Health,176714,13,No Claim
CUSDC7PMQKA5CB9,PROD105577,Life,161215,16,No Claim
CUS6N0LMGY1FVBH,PROD105589,Health,84643,13,No Claim
CUSM9WBZ1W2N2IM,PROD105591,Life,119657,11,No Claim
CUSWJQ4TA5IVROC,PROD105598,General,119550,20,No Claim
CUS6492EY9365S2,PROD105604,Health,77872,24,No Claim
CUSBPHJDPH1O0ZM,PROD105613,General,153797,15,No Claim
CUSXMHBW6OMMRD7,PROD105619,Life,34857,8,No Claim
CUSCDG2Y20T7EXM,PROD105625,Life,175566,10,No Claim
180522252564,PROD105629,Life,131982,9,No Claim
CUSLMTH81DDSRXM,PROD105640,General,47749,6,No Claim
CUSQJQYTYX6XC2O,PROD105653,Health,143604,8,No Claim
CUSCQNTK6PI69KT,PROD105660,Life,68642,21,Claim Settled
CUS1WZV7L5XCJR5,PROD105670,Health,61131,7,No Claim
CUSE4FMB7EHTU93,PROD105685,General,101226,15,No Claim
CUSPRBJ1Q6OFGLW,PROD105686,General,75982,8,No Claim
CUS0HWWDTIL72NR,PROD105690,General,162567,15,No Claim
425116080463,PROD105692,General,123502,9,No Claim
CUSPYEM3X7EACAP,PROD105716,General,126126,20,No Claim
CUSOFCSAORGFOPG,PROD105723,General,231378,6,No Claim
CUS7HGLGRKQFTTB,PROD105727,General,148694,10,No Claim
CUSX5JII0KE7DDD,PROD105732,General,104100,17,No Claim
CUSUA2D8TMKF9OL,PROD105733,General,128567,5,No Claim
CUSJE6L35YXZOG4,PROD105735,Life,115342,9,Claim Settled
CUSXVXJ5AH24XUN,PROD105741,General,45302,14,No Claim
CUS8935RR0QHPU5,PROD105742,Life,173100,8,No Claim
CUSNKSE6J0KFSOF,PROD105748,General,210760,21,No Claim
CUS5Z5A519M94NS,PROD105751,General,77738,10,No Claim
CUSCRVXQY624PSH,PROD105754,General,52354,24,No Claim
110741634787,PROD105755,General,227455,21,No Claim
CUSP7N6YGC935I7,PROD105756,Life,203555,20,No Claim
CUS3AFVNDSM2G3W,PROD105760,General,75341,22,No Claim
CUS08S9TSBZK3RH,PROD105768,General,191074,13,No Claim
CUSR9B5F6FVALAE,PROD105774,Health,120417,18,No Claim
CUSVZ4QKVZNEABB,PROD105784,General,84808,14,No Claim
CUSLXGBNZ2DZ2LW,PROD105791,Life,212354,12,No Claim
CUS4MXKQ8JLVQZH,PROD105793,General,239285,20,No Claim
CUSCXT5I3I3VMOB,PROD105794,Health,231759,25,No Claim
CUSHZAVHMLL7ENO,PROD105795,Life,93007,14,No Claim
CUSZF049R6X7O7F,PROD105804,General,130730,11,No Claim
CUSKQOWYIONQMUL,PROD105809,General,76031,14,No Claim
CUSX0CT40JRHVNV,PROD105810,Health,248683,12,No Claim
CUSMHV1PVX72N0I,PROD105812,Health,110233,13,No Claim
CUS5CEQR8F1MHHQ,PROD105814,Life,206311,10,No Claim
CUSW1YW6QKIXQ0Y,PROD105815,General,114433,18,No Claim
CUSA9SWZ09UEXXI,PROD105816,General,189971,24,No Claim
CUSS6XE701XOY5B,PROD105817,General,206415,24,No Claim
CUSONAMOP6OVPSL,PROD105818,Health,123106,9,No Claim
CUSBMGWAD0QTVB0,PROD105822,Health,153365,17,No Claim
CUSLWIL637HXUCV,PROD105823,General,185262,8,No Claim
CUSUK0J39QZQ64R,PROD105826,Health,58563,15,No Claim
CUSRQLQ8KF9CPOB,PROD105827,General,168015,6,No Claim
CUSGO7Z55HPQA1V,PROD105835,Health,165879,18,No Claim
CUSUDN740YGCKVK,PROD105841,General,42945,16,No Claim
CUSE4SCVMFX1FJK,PROD105843,Health,52527,16,No Claim
CUS2RCAODZP2HCE,PROD105849,Health,199542,14,No Claim
CUS7CN5UBY4VBZU,PROD105854,Life,35016,5,No Claim
CUS1EP39J98202R,PROD105859,General,100821,5,No Claim
CUS6M3K9B2WP1JD,PROD105861,Life,246258,20,No Claim
CUSUZYJR76M37Y0,PROD105866,Life,191961,21,No Claim
CUSQEO0YHX0WQAN,PROD105867,General,36686,24,No Claim
CUSHDHJJV5B80O2,PROD105869,Health,109245,22,No Claim
CUS4VCWKC6KOSGB,PROD105887,Health,68820,23,No Claim
CUS8Z44J9LKOPJ1,PROD105888,Health,103058,9,No Claim
CUSQ3Q4RSSVRVEG,PROD105890,General,130412,22,No Claim
CUSAYRGALEGCQOA,PROD105911,General,140829,16,No Claim
CUSEULGTLUFRM9Z,PROD105913,Life,126743,25,No Claim
CUS8E077UP84ONA,PROD105917,Life,171418,14,Claim Filed
CUSMGWDC6CY9Q5Y,PROD105920,Life,90137,18,No Claim
CUSOPES897HSDSK,PROD105921,General,221233,8,No Claim
CUSVQSGPNA1GU3V,PROD105924,General,159162,10,No Claim
CUS6M3OY584J7FH,PROD105936,Health,150448,17,No Claim
CUS29QTT9TX6UOX,PROD105937,Life,111555,25,No Claim
CUS4P2PBGCIN6RL,PROD105943,General,188733,7,No Claim
111794904007,PROD105948,General,31765,18,No Claim
CUSD2CMWQG2665H,PROD105949,Life,209063,12,Claim Settled
558132380695,PROD105952,Life,185910,6,No Claim
CUSIRX22V8LWCF8,PROD105964,Life,114570,20,No Claim
CUSXXSFLRAXM8J7,PROD105978,Life,78654,13,No Claim
CUSZ95BRFJ7KOHG,PROD105986,Health,217278,15,No Claim
186474508948,PROD105991,Health,52832,12,No Claim
CUS4KUEVYMRXAWZ,PROD105992,General,136414,16,No Claim
CUS779QUIWQCLW3,PROD105995,Life,242652,11,No Claim
CUS11Z4AJ2UBKNB,PROD105996,General,173637,17,No Claim
611717395240,PROD105997,Life,176609,14,No Claim
CUSBD46FNERNMCP,PROD105999,General,221656,13,No Claim
CUSGMLXJEU6W1AN,PROD106002,Health,54635,24,No Claim
CUS9V2NYTNU7O2V,PROD106007,Health,66665,18,No Claim
CUSBXTJ9P3VULRR,PROD106011,Life,101085,10,No Claim
CUSE3XHSZ5GUT7W,PROD106013,General,236932,7,No Claim
CUSQEUEHXCB5YZ4,PROD106023,Life,68028,16,No Claim
CUS7F7ODYXMUSBV,PROD106036,General,240104,8,No Claim
CUSRT8WUGHPDWKD,PROD106042,Life,35665,8,No Claim
CUS2VMRCFP9G9DH,PROD106048,General,239734,13,No Claim
CUSGC1TS95G1RDR,PROD106051,General,33812,21,No Claim
CUSW4Y0271YY6RA,PROD106057,Life,173600,24,No Claim
861500485772,PROD106058,Health,214475,16,No Claim
CUSWMC277P0D5SJ,PROD106065,Life,87055,14,No Claim
CUS4563VRBJ88JS,PROD106078,Health,182533,11,Claim Settled
CUSBDV17ASLR2HO,PROD106079,Health,109269,15,No Claim
CUS7PPXQXB3TT23,PROD106085,Life,214479,6,No Claim
981667585174,PROD106090,Health,225473,20,No Claim
CUSAPG2Z5AQ9FD8,PROD106095,Health,230144,17,No Claim
CUSEQ3N68EMVAOT,PROD106096,Health,109526,13,No Claim
CUSWMFKYOF4RPL1,PROD106097,Health,63936,12,No Claim
CUS9LG2RLY19PW6,PROD106098,Life,134711,23,No Claim
CUSQ2FR576LLVZ1,PROD106102,Life,211577,23,No Claim
CUSJPGT8E4YMJT7,PROD106104,General,173524,21,No Claim
CUSY2N60ZTY5K0A,PROD106105,Life,168994,24,No Claim
CUS7KIXBK9MYIR8,PROD106107,Life,163042,18,Claim Settled
CUS5L6DX0AXCI4R,PROD106116,General,54550,22,No Claim
CUSYIGS06YKTW5E,PROD106127,General,98517,12,No Claim
CUS2RT0W2MK1HEM,PROD106128,Life,152254,23,No Claim
CUSA3KHAOK2J9EZ,PROD106129,Life,31371,16,No Claim
CUSTY461K06WGFK,PROD106133,Health,82793,20,No Claim
CUSRQC1V1KW6MEB,PROD106134,Life,146542,19,No Claim
CUS39TZAZXSYDU4,PROD106135,Life,45541,14,No Claim
CUS04SJU6UQVL7E,PROD106136,General,247481,22,No Claim
501229135744,PROD106140,General,92949,25,No Claim
CUSOC78GO9EBICN,PROD106141,Life,86690,15,No Claim
CUS2TTUX9Q0P9LW,PROD106145,General,244843,18,No Claim
CUS38TDGZ1WCNHV,PROD106147,Health,248676,24,No Claim
CUSXV0M8F629AKF,PROD106150,General,173705,5,No Claim
CUSYUEMY1E7DCPP,PROD106153,Health,56490,20,No Claim
CUS1HIJ4LXO9AGI,PROD106157,Life,225533,11,No Claim
CUS97VOPCTZHO1D,PROD106158,Life,196885,23,No Claim
CUSHRAG3Z7WQUL8,PROD106160,General,65771,8,No Claim
CUS48HI1KYWMJZI,PROD106167,Health,98396,19,No Claim
CUSQOET6DX9OJRT,PROD106168,Life,73582,13,No Claim
CUS6NHEZ5P06PAS,PROD106170,General,248771,8,No Claim
CUST00IMSA23XDF,PROD106172,General,212812,25,No Claim
CUS8OFNEKWT57NY,PROD106180,Life,48736,24,No Claim
557001746728,PROD106188,Health,163555,14,No Claim
CUS62HZHK8L6STR,PROD106197,General,214153,12,No Claim
CUS262Q03MV4ONQ,PROD106202,Health,102481,7,No Claim
CUSNN3G1V1PXNQE,PROD106206,General,133845,25,No Claim
CUS2KK3R6N59U3B,PROD106216,Health,167061,22,No Claim
141718462342,PROD106220,General,56224,5,No Claim
CUSPTJHY3CCZ90U,PROD106225,Life,73648,24,No Claim
CUS9WQ9OCZDBTR6,PROD106234,Health,189725,21,No Claim
CUSKH16K1X4BJ3I,PROD106243,Health,230451,20,No Claim
CUSSJR5HWW5WOFF,PROD106244,Life,51159,7,No Claim
532901068580,PROD106247,Health,114619,14,No Claim
CUSVKO8G9CC3WLS,PROD106249,Life,155403,11,No Claim
CUSW3A4CQ119CIW,PROD106255,Life,94927,10,No Claim
CUSVVAE6RG7QOX8,PROD106256,Life,181767,16,Claim Settled
CUSWEESIK7RT871,PROD106259,Health,208113,11,Claim Settled
CUSA8R4S8TJ1GXA,PROD106267,Life,135899,9,No Claim
CUSRX2FRKODZJI8,PROD106270,Health,232329,8,No Claim
CUSQ5GZRCIE5FVE,PROD106272,General,115933,11,No Claim
CUSPQORO5INR4MJ,PROD106280,Health,148324,24,No Claim
551497460698,PROD106282,Life,199601,24,No Claim
174991412172,PROD106287,General,101294,23,No Claim
CUSC6WV0OMW071X,PROD106290,Health,247576,17,No Claim
CUSED4GP1YIOLR3,PROD106300,Life,247684,23,No Claim
CUS9VOQF2XD9A8N,PROD106318,Life,45202,23,No Claim
CUS7MKTEAT7QLHF,PROD106320,General,196916,17,No Claim
CUSYQA1RS0983YE,PROD106322,General,197309,6,No Claim
CUS787XJJW8BKUV,PROD106323,Life,156366,19,No Claim
CUSQ4VHU4BAWZ94,PROD106334,Life,229344,20,No Claim
559039991383,PROD106335,Life,49340,8,No Claim
CUSYX28XETLWGQ1,PROD106340,Life,162247,13,No Claim
CUS796MRT44CDQ6,PROD106344,Life,124681,12,No Claim
CUSG1S1RBZEDEPA,PROD106347,General,220765,5,No Claim
CUS6WY966PJOIOM,PROD106349,Life,163810,13,No Claim
CUSVIFMISM2KQ46,PROD106351,General,133984,20,No Claim
CUSGB2RH7326XPJ,PROD106358,Life,116177,5,Claim Settled
CUS3FW26F1WBXOC,PROD106362,Health,235172,12,No Claim
CUSJ8B04P6IXMNU,PROD106371,General,177663,21,No Claim
CUSJ8OJ6F9Q4FNN,PROD106374,Health,226954,9,Claim Filed
CUSK8TEAY2RF9KE,PROD106387,Health,44073,20,No Claim
CUSC6GPLP9L4T5O,PROD106389,General,43505,12,No Claim
CUSAOMYPUZ7ERS6,PROD106390,Health,66743,8,No Claim
CUSMRBYIYCGKRX9,PROD106392,Life,131471,25,No Claim
CUSOM44ZDTKGYGL,PROD106395,General,96368,17,No Claim
CUS7VYAL6B3SQ4H,PROD106399,Health,55143,18,No Claim
CUSGIAIPFIZRWH7,PROD106406,Life,169335,22,No Claim
CUSS8IKMSZA10TN,PROD106409,General,34301,13,No Claim
CUS9AT40IAMUDL7,PROD106418,Life,205177,20,No Claim
CUSASOLANP48ZUZ,PROD106421,Life,248847,22,No Claim
CUSV210T6KIJN9J,PROD106425,Life,122264,12,Claim Filed
CUSUGUKABAA2CQV,PROD106426,Health,189291,10,No Claim
CUSBX96D1QPZHA3,PROD106441,General,224128,22,No Claim
CUSRBE4LZOKKZF2,PROD106443,Life,95591,6,No Claim
CUSH66FIEOUWTQC,PROD106452,General,141605,19,No Claim
CUS29B457RZL0NK,PROD106455,General,230863,19,No Claim
CUS9OG0K1PRYCSY,PROD106461,General,156824,5,No Claim
CUS33RQDNS11FEW,PROD106467,Life,93507,25,No Claim
456787825551,PROD106472,Life,191560,16,No Claim
CUSNTFPCCTLXDL4,PROD106473,Life,214817,8,No Claim
CUSQZLDD2H9AA4U,PROD106476,Health,96543,24,No Claim
CUSIGYTHLQ837YP,PROD106492,General,200280,11,No Claim
CUS6TQ7JSTQ6XL6,PROD106495,Life,74629,7,No Claim
CUSW49FF45FRM53,PROD106501,Life,149536,22,No Claim
CUSP7N6YGC935I7,PROD106504,Life,229522,24,No Claim
CUS7N6HS8VAJBFA,PROD106507,General,225401,11,No Claim
576239998807,PROD106509,General,149457,18,No Claim
CUSO1J0ZQ8Q5TFE,PROD106513,Life,25540,19,No Claim
CUSKWP60DIRVYWS,PROD106528,Life,91451,21,No Claim
CUS9SC5JTQD2AEZ,PROD106531,Life,142181,11,No Claim
CUSPACGYU25Q0FO,PROD106533,General,44931,24,Claim Filed
CUSQ93UXMEEUKK9,PROD106538,Life,170009,8,No Claim
CUSZJET535EMNJG,PROD106544,Life,43281,23,No Claim
CUS62NZWAVLB4AK,PROD106551,Health,167998,15,No Claim
CUSR4YCYRYQ6VCX,PROD106558,Life,74245,15,No Claim
CUSU9W6FUFCSF1U,PROD106565,Health,177430,23,No Claim
CUS4IBHRQJUYHTZ,PROD106569,Health,163838,19,No Claim
451528646927,PROD106575,General,188513,15,No Claim
CUSDHFLQRQEXUC1,PROD106582,General,147835,8,No Claim
CUSDSU5W45QCTEV,PROD106584,General,159032,8,No Claim
CUSKMBGF4OWWMDD,PROD106585,Health,107308,13,No Claim
CUS7OG4ZRB18GG9,PROD106586,Health,62483,24,No Claim
104413914169,PROD106602,General,139710,8,No Claim
CUSV6M05OMOH0UB,PROD106606,General,148598,6,No Claim
CUSUIE2TXZ7URKE,PROD106610,Health,161326,24,No Claim
CUSKZL5AJRX17NK,PROD106612,Health,164020,8,No Claim
CUSIEJER5YUPBJ9,PROD106621,Health,119552,21,No Claim
CUSG1I3H8P0V8XT,PROD106623,General,214206,17,No Claim
CUSD9NOC2USB2IE,PROD106624,Life,227492,25,No Claim
CUS8J086QCPCZAO,PROD106625,Health,157031,19,No Claim
CUSMTEQLQA32PNZ,PROD106627,Life,225574,25,No Claim
CUSEB58EIC2YB5C,PROD106630,General,193905,22,No Claim
CUSB40BLJI5M9OE,PROD106632,General,172505,23,No Claim
348410582238,PROD106634,Health,189691,12,No Claim
CUSSAD5C2IMJ2XK,PROD106644,General,69426,15,No Claim
CUSMO7WG0XFEVQ8,PROD106655,General,163460,9,No Claim
CUS7OP8NRPTJ66J,PROD106662,Life,92384,16,No Claim
CUS7JZ1W0ILZMVA,PROD106665,General,81771,5,No Claim
CUSINM1KJBDIGRY,PROD106668,Life,35205,15,No Claim
CUSCQ2DO2IX1DX5,PROD106673,General,97800,19,No Claim
829052451882,PROD106675,General,37298,18,No Claim
CUS53NOZ7QMJCEN,PROD106680,General,188623,21,No Claim
CUS6GOPIZBQMU1N,PROD106687,General,70824,8,No Claim
CUS9TKV690MDUZY,PROD106691,Health,142917,5,No Claim
528980571469,PROD106692,Life,182117,10,No Claim
CUS171HK6VG8TDG,PROD106694,General,73538,19,No Claim
CUSN6ZG8KPXMXSQ,PROD106696,General,179271,18,No Claim
CUSV5O9L8VNT7CZ,PROD106698,General,55445,16,No Claim
200840276950,PROD106714,General,73956,17,No Claim
CUSOJ3784MCEODW,PROD106715,Life,243754,25,No Claim
CUSAOLKE621FCBN,PROD106720,Life,144099,7,No Claim
CUSFHKYNJ5OZBYM,PROD106723,General,116040,23,No Claim
CUSXHLF2CBPJ4T9,PROD106732,Life,85845,6,No Claim
CUSGFWJ6JYIDR6X,PROD106736,Life,30949,18,No Claim
CUSH8N92TP6QAQ3,PROD106737,General,157013,15,No Claim
CUS0JL5UT2FVDU2,PROD106753,General,242381,15,No Claim
CUS4KWYPDJ4YR52,PROD106761,Life,106342,6,No Claim
CUSGWH1RETMEFO4,PROD106764,Life,35811,9,No Claim
CUSYF4LSWP8VOMH,PROD106768,Life,90715,22,No Claim
203645064708,PROD106772,Health,156720,19,Claim Filed
CUSZ2RBKZCFDKBE,PROD106774,Life,60540,6,No Claim
CUS2I5LUY3R4FZO,PROD106779,Health,71656,7,Claim Settled
CUSDNRK4JXFO1CD,PROD106787,General,160582,20,No Claim
CUSQ0PVVY0BGNZJ,PROD106791,Health,52838,19,No Claim
CUSWYG8HOVUCJ90,PROD106796,Life,214660,6,Claim Filed
367476281032,PROD106797,Health,64373,22,No Claim
CUSEYH61HSXIPA1,PROD106798,Health,120373,25,No Claim
CUSWV976XJ5OC6G,PROD106804,Health,177133,14,No Claim
CUSGXL8IS9MCJ5Z,PROD106820,Health,131390,14,No Claim
CUSKW2Z1FL3D64L,PROD106834,Life,128649,9,No Claim
CUS9WI9IJBN9FQ5,PROD106840,Life,53972,14,No Claim
CUSCV05IS28QH7H,PROD106842,General,162090,22,No Claim
CUS88VO1WNV06OJ,PROD106847,General,40304,12,No Claim
CUSG4YIHFOSCECA,PROD106848,General,158918,19,No Claim
CUSVOJJYV3UD6PV,PROD106851,Health,246607,19,No Claim
CUS7QN5UHMPD26P,PROD106852,Life,191426,5,No Claim
CUSL2SE8M84D0KD,PROD106856,Health,150442,10,No Claim
CUSMMIN2AKBX3K9,PROD106857,General,87598,23,No Claim
CUSE8S8U1QWD5CX,PROD106859,General,129908,14,No Claim
CUSOEIEWU92QO4V,PROD106861,Health,207009,14,No Claim
CUSE1RHWVMY1JAG,PROD106878,Life,96859,23,No Claim
461396281065,PROD106879,General,45936,15,No Claim
CUSSJWH55HEWLGJ,PROD106883,Health,173882,6,No Claim
CUSB2G8FUG9YTSY,PROD106886,Life,128472,5,No Claim
CUSZ6E4PH7X3V0T,PROD106889,General,184990,18,No Claim
CUS0RXVX3C4P1YF,PROD106891,Health,159689,7,No Claim
CUSVI1BLN0ZH7TI,PROD106899,Health,152828,22,No Claim
CUSOHYVMTT71ELO,PROD106907,Life,209128,9,No Claim
CUSFAVJ4V2Q630R,PROD106908,Health,206016,11,No Claim
CUS5FLUZHAQNWCZ,PROD106910,Life,137940,20,No Claim
CUS7YFX5A6DZOW0,PROD106915,Life,193292,23,No Claim
CUS49QHRAGA8Z1J,PROD106917,Health,246787,6,No Claim
CUS1HYSYU2N6P4R,PROD106923,Health,118909,7,No Claim
CUSJX5W3OZYBBBM,PROD106925,Life,91299,15,No Claim
CUSPEJY83XHU7MC,PROD106937,Life,219844,14,No Claim
CUSKO912BPCYE1Y,PROD106939,General,76130,19,No Claim
CUSM1OQQC7IX6JU,PROD106940,General,235914,7,No Claim
CUSDRIYWAS9HTS3,PROD106942,Health,83285,12,No Claim
CUS1MIDZAAE74B4,PROD106948,General,89093,15,No Claim
CUSG9LPTOFOJXPF,PROD106950,General,211845,10,No Claim
CUSGOTDAUZ2HZZU,PROD106953,Life,248359,20,No Claim
CUSPH556UX4RN4V,PROD106959,General,245771,22,No Claim
696415919186,PROD106961,Life,53993,17,No Claim
CUSFOXQ24GI0GPI,PROD106965,Health,44467,7,No Claim
167584509565,PROD106967,Health,177482,16,No Claim
CUS3U2RCHE8ENFW,PROD106968,General,127553,13,No Claim
CUS3JT8LGO8C475,PROD106971,Health,60719,5,No Claim
CUS79UBMGD1EIE6,PROD106972,Life,73644,6,No Claim
CUS3FFMDI2OX979,PROD106976,Health,206534,10,No Claim
CUSLJNYW8SBMZX0,PROD106977,General,158854,19,No Claim
CUSSIOW2OB29KI7,PROD106979,Health,220715,13,No Claim
CUS95B302QD2EW0,PROD106981,General,74639,10,No Claim
CUSQC8HHEY76VO3,PROD106983,Life,223821,14,No Claim
CUSGGJWFBWG2KO5,PROD106986,General,30069,8,No Claim
CUS9MPT6VE0WGSF,PROD106989,Health,199272,9,No Claim
CUSGFTC45YVY620,PROD106992,Life,235952,12,No Claim
CUSC8C83JHS2QSY,PROD106996,General,109550,19,No Claim
818180827348,PROD107001,Health,122351,16,No Claim
CUSZMGKAQR3QEB5,PROD107005,Life,175040,9,No Claim
CUSWOCQJR6VH5Y6,PROD107006,General,148481,24,No Claim
CUS39IBSUC81HIA,PROD107011,Health,243235,22,No Claim
CUS9DW7ZPEUWDNV,PROD107013,General,199361,20,No Claim
CUS5CEQR8F1MHHQ,PROD107024,Life,238797,9,No Claim
CUSIAV60349RA2S,PROD107038,General,212647,19,No Claim
CUSSV22HRLWYH06,PROD107040,General,41201,10,No Claim
CUSTE9HXVDC44W7,PROD107045,Health,85683,17,No Claim
CUSP62J4XYBRXFX,PROD107046,General,224380,6,No Claim
CUS71GODIWDRF9C,PROD107047,Life,184586,12,No Claim
CUSG7V2MUOU7MFY,PROD107050,General,235578,21,No Claim
CUSR9EWJ04FCUOS,PROD107058,General,201413,19,No Claim
CUS4MGO62BSAZWT,PROD107069,Health,139910,19,Claim Settled
CUSYTZRPMGLOTIC,PROD107075,General,166109,25,No Claim
CUSXWARZ48MGR8P,PROD107084,Life,76963,17,No Claim
CUSCD9BFJJBJXAN,PROD107085,Health,122890,24,No Claim
CUSJN1X4T8R3GQZ,PROD107088,General,130559,25,No Claim
CUSHR16SZD1V2QN,PROD107097,Life,181717,21,No Claim
CUSW3L3ER6Y140B,PROD107098,Life,111023,13,No Claim
616136729203,PROD107100,Health,143855,14,No Claim
CUS16HC1AX6JC4J,PROD107116,Health,147065,7,No Claim
CUSIMCHRLTP6C1Q,PROD107125,Life,112414,7,No Claim
CUS7EFTSQL49LAI,PROD107128,General,172753,13,No Claim
CUSEBTBDDKOX42A,PROD107132,General,172371,8,No Claim
CUSAQ2UC88X6BAF,PROD107136,Health,202247,24,No Claim
CUSYHCTXD7GZCOT,PROD107138,General,66697,12,No Claim
176170505128,PROD107139,Health,149470,23,No Claim
CUSF3F077ELTWL1,PROD107141,General,157503,24,No Claim
179904845955,PROD107143,Health,92116,9,No Claim
CUSAVX4CBFWDD96,PROD107148,General,168220,25,No Claim
CUSVQ1TXTD2WB7R,PROD107151,Life,233469,10,No Claim
CUSX0CT40JRHVNV,PROD107171,Health,241789,19,No Claim
CUSHMQ3LX8P8X26,PROD107185,General,118311,22,No Claim
CUS89XYFF0OAKH9,PROD107190,Health,123589,23,No Claim
CUS92WFQLM6251M,PROD107191,Life,150260,14,No Claim
CUSQ92W0V73H94Z,PROD107207,General,125908,11,No Claim
CUSPZM3J3F7YO2O,PROD107217,Life,106898,5,No Claim
CUSE4R0P5Q8ANPD,PROD107222,General,218800,20,No Claim
CUS6P046UIM9CHZ,PROD107226,Health,60133,18,No Claim
CUSQO9BYZC9HAFZ,PROD107227,Life,138389,12,No Claim
CUSC0HHGIQFGMFL,PROD107230,General,232345,12,No Claim
CUSX1B1RSVT3QQL,PROD107241,General,157993,11,No Claim
CUSHA1TK0QJRA5N,PROD107251,General,49844,25,No Claim
CUS1462HWB5UWU8,PROD107254,Life,185072,22,No Claim
CUS6VCKJBKHX2R4,PROD107256,Health,71487,22,No Claim
CUSJX0Y967ZF8UW,PROD107261,Life,142475,9,Claim Settled
CUSCSPFF56SQDRT,PROD107274,Health,184945,20,No Claim
CUSCUSRQ33QICO1,PROD107275,General,223949,21,Claim Settled
CUSPDFUZ5WP9HTK,PROD107277,Life,222264,9,No Claim
CUS6PXHPM53KTDZ,PROD107289,Life,38822,23,No Claim
CUSCOA876X1AK42,PROD107295,General,221206,15,No Claim
CUSBE7KOP7T2K6X,PROD107296,Health,113569,13,No Claim
CUSJ8U2X7WFI868,PROD107298,General,119903,13,No Claim
CUS0USOAODI90WM,PROD107300,Life,69916,21,No Claim
CUSXCF725PJVWOZ,PROD107303,Health,181176,8,No Claim
122220985518,PROD107304,Health,44155,17,No Claim
CUSKU22TE1B1FTK,PROD107306,Health,82584,9,No Claim
CUSXLHP7QXW7ROM,PROD107307,General,42251,12,No Claim
CUSTYO80E301RPU,PROD107319,Health,38918,9,No Claim
CUSIJ6LNY6WNGHY,PROD107326,Life,108129,8,Claim Filed
CUSVY95AP5VCPR7,PROD107333,Health,202878,20,No Claim
CUSIOM4ROG3SJ1R,PROD107335,Health,31822,5,No Claim
CUSC47B9ZL24PQY,PROD107337,Life,227711,12,No Claim
CUSFJWOWCNESV3L,PROD107342,Life,180829,19,No Claim
CUS92QO300TNNC6,PROD107349,General,191390,8,No Claim
CUSY00QTQBOFE8L,PROD107350,Health,188422,5,No Claim
CUSLZZO33BN5IL9,PROD107353,General,237881,10,No Claim
CUSICNT4F147QJQ,PROD107358,Life,124792,22,No Claim
CUS8M9ESE59XN1N,PROD107362,General,156820,23,No Claim
CUS84ESLKLKB1Z0,PROD107364,General,69655,16,No Claim
CUSP6VWU3CLDU4X,PROD107374,Health,222108,20,No Claim
CUSHPYNBIK8NX55,PROD107379,Health,126887,9,No Claim
575040144441,PROD107380,Health,187884,16,No Claim
CUS8XP4BSMGEHC5,PROD107393,Health,234774,19,No Claim
CUS5AB98XA2K0KA,PROD107395,Life,164826,7,No Claim
CUSAP97A7MM6KSW,PROD107397,Life,102194,13,No Claim
CUSQ6549SNJ1V8P,PROD107399,Life,212931,9,No Claim
CUSASE3SBRZZOGG,PROD107400,Life,219263,12,No Claim
CUSNIYYWHPZ0G4B,PROD107408,General,219674,11,No Claim
CUSI0XXE0OD4T8X,PROD107410,General,60045,23,No Claim
CUS90DERNED1UPV,PROD107413,General,241096,19,No Claim
CUSQOK858D65T3G,PROD107414,Life,217928,17,No Claim
188877818726,PROD107415,General,144737,21,No Claim
CUSRMRZ9FAT62KP,PROD107418,General,87177,21,No Claim
CUSMHZRW6G5EGDX,PROD107420,Life,62912,7,No Claim
646183144042,PROD107422,Life,119089,10,No Claim
CUSJKFCQJUKURK1,PROD107423,General,137498,11,No Claim
CUSCHXTZZHTDABY,PROD107429,Life,85389,5,No Claim
CUS2C5PUD6KU3P8,PROD107431,Health,119988,12,No Claim
CUSJMISAHA9HU56,PROD107433,General,74744,24,No Claim
CUSIZQAYJBNOOQX,PROD107436,Life,88297,15,No Claim
CUS8LW6GK2N1368,PROD107437,Life,75750,6,No Claim
CUS5OWYB3LHZFT5,PROD107440,Health,123238,23,No Claim
643926327436,PROD107451,Health,110121,14,No Claim
CUSYKG38S30F7M0,PROD107454,Life,40520,19,No Claim
CUSQWPRZF0O4TAB,PROD107464,Health,46644,9,No Claim
CUSVPXE5DDQPBS2,PROD107468,Life,46228,7,No Claim
CUS8DQSMBJKDSO2,PROD107476,Life,223631,22,No Claim
281368349472,PROD107484,Health,62007,17,No Claim
CUSWCLLL8V7QOZC,PROD107490,Life,247649,14,No Claim
CUSSP7HGPUO9DWA,PROD107491,Health,114172,9,No Claim
CUS5H78ZCO7I4CE,PROD107494,Health,245372,25,No Claim
876765634143,PROD107496,General,222357,15,No Claim
CUSGP8Y1LR1FUF1,PROD107497,General,31622,8,No Claim
CUS5PFU95U2EDV8,PROD107506,General,135606,12,Claim Filed
421011083300,PROD107507,Life,57397,8,No Claim
CUS5E2E1E4DBZ2R,PROD107511,General,99029,20,No Claim
CUSF0PNVBEIDIY0,PROD107519,Health,176430,13,No Claim
176723893553,PROD107524,Health,131372,25,No Claim
CUSB7UGJOTQ2PJI,PROD107528,Health,83367,6,No Claim
CUSP014X5DLWY1P,PROD107529,General,82569,14,No Claim
CUS9YNZ51MGY1EC,PROD107564,Health,200845,10,No Claim
CUSNXO2T88EAYN0,PROD107565,General,243099,8,No Claim
CUSVMO6SQOZDSO9,PROD107566,General,27863,19,No Claim
CUSUDN740YGCKVK,PROD107568,Life,128759,5,No Claim
CUSLMBL3NS8XHXT,PROD107571,General,141117,23,No Claim
CUSL473WLR57YUA,PROD107574,Life,60203,5,No Claim
CUSRUPBOT2YPZK7,PROD107575,Life,173951,17,No Claim
CUS6V85PBMUF7T5,PROD107578,General,168802,14,No Claim
CUSGY8A57RPOJQA,PROD107582,Life,96339,15,No Claim
CUSUIE2TXZ7URKE,PROD107583,Health,118480,14,No Claim
970056386399,PROD107591,General,104993,22,No Claim
CUS46BE5JEHW2AU,PROD107597,Health,86781,20,No Claim
CUSBXTJ9P3VULRR,PROD107600,Health,130764,8,No Claim
CUSJR9V5PL4Y4OM,PROD107611,Health,233067,14,No Claim
CUSC6RCE3KBIROA,PROD107615,Health,126037,24,Claim Filed
CUS5KD7926PWBAG,PROD107618,Life,38663,10,No Claim
CUSQ84B8GPTU3VA,PROD107630,General,92490,8,No Claim
CUSWMA3SKIR2ZEA,PROD107638,Health,83431,18,No Claim
CUSV5LZP8MQGL63,PROD107662,Life,97845,6,No Claim
CUSCH3O1HC1VGGB,PROD107675,Health,168638,8,No Claim
CUSITNGVN1KICJN,PROD107680,General,103066,5,Claim Settled
CUSPPOZ4VWD0L4K,PROD107682,Life,100099,20,No Claim
CUSTSJ4D48SX5P5,PROD107684,Life,212755,21,No Claim
649458786154,PROD107686,Life,162597,11,No Claim
CUSY9INBETHIZ3E,PROD107687,Health,212267,13,No Claim
476640807552,PROD107694,General,40865,14,No Claim
CUSLSR1LIMUEM10,PROD107698,Health,193799,9,No Claim
CUS9DQXEJCCOFB4,PROD107701,Health,229135,25,No Claim
483084285591,PROD107707,General,168047,14,Claim Filed
CUSU5JDXQP2INDB,PROD107711,Health,126445,21,No Claim
CUSP4J8HYHE9TV1,PROD107712,Health,234598,16,No Claim
290365810598,PROD107713,Health,39812,20,No Claim
CUSZBS6K7XGH7II,PROD107715,General,82885,12,Claim Settled
CUSWLON22C614CZ,PROD107723,Health,100429,22,No Claim
CUSV9LY3NFXF4US,PROD107730,Life,91849,15,No Claim
251312124080,PROD107735,General,131158,19,No Claim
CUSXZ7UPGYR858N,PROD107751,Health,244363,20,No Claim
CUSVAQ6JC15GYIC,PROD107752,Life,220814,10,No Claim
CUSS6OER53SCA3B,PROD107754,Health,43778,13,No Claim
CUSCKKKS30APCJS,PROD107759,General,50369,6,No Claim
CUSQPVZYHYKLG20,PROD107764,Health,210484,9,No Claim
CUSKQPEL4HZBFPM,PROD107768,General,50166,6,No Claim
CUSY6JE8PH142CM,PROD107769,General,28039,9,No Claim
CUSAPTB9IX4HXXS,PROD107771,Life,31703,19,No Claim
CUSYDTOPNFY4C8R,PROD107774,Health,43849,21,No Claim
CUS5QTANY5FQ38Q,PROD107780,Life,155761,13,No Claim
CUSC0ZRNHN0ZXDS,PROD107783,Health,78793,18,No Claim
CUSO9E00MWED4MJ,PROD107788,Health,248217,17,No Claim
CUSRKBHUZHZYWCJ,PROD107790,Health,241809,12,No Claim
CUSHWLV1DV4Q48Y,PROD107795,Life,63932,8,No Claim
CUSS99HCR0R8CZQ,PROD107797,Life,203953,6,No Claim
CUSZOMP5LO0MN29,PROD107806,Life,165008,23,Claim Filed
CUSS2IUITZY2TJX,PROD107808,General,127796,11,No Claim
CUSNJBFS5BXO10D,PROD107816,General,103414,8,No Claim
CUSB6OFBEII9M4Z,PROD107823,General,176930,14,No Claim
CUS9P7Y6SOVS2SL,PROD107830,General,50905,12,No Claim
CUSGNTB34KUQAAJ,PROD107835,General,190323,7,Claim Settled
906742900698,PROD107839,Health,85077,19,No Claim
CUSAYVBFKOA9LDM,PROD107841,Life,109977,17,No Claim
CUSZYSM1AZ0EU8B,PROD107844,Life,84107,17,No Claim
CUS40ECJ9HWE7LV,PROD107848,General,46432,18,No Claim
744704911413,PROD107849,General,53291,6,No Claim
CUS2G8HWHX7BW1H,PROD107859,Health,134553,22,No Claim
CUSAY4A4X5LKV2A,PROD107862,Life,41101,24,No Claim
CUS014A9KVZF9Y9,PROD107864,Life,81722,25,No Claim
CUS9DKHRPUU23P2,PROD107865,Health,200029,16,No Claim
CUS45JUIQPE99YX,PROD107867,Life,242482,18,No Claim
CUSS86X5NGFZ0F7,PROD107869,Life,239035,21,No Claim
816082211217,PROD107877,General,50334,21,No Claim
CUS7IGNJIYIKMAB,PROD107878,Life,142381,24,No Claim
CUSVP2DG2PX5130,PROD107879,General,243393,6,No Claim
CUSCNFKI68CFGNO,PROD107887,General,212094,23,No Claim
CUSM3813N8WRZBF,PROD107898,General,216780,10,No Claim
CUSRTAJEXJGLUHZ,PROD107911,Health,129590,12,No Claim
CUSY5FIP6GQDWX9,PROD107913,Life,160742,5,No Claim
CUS9RZQKVMX43V7,PROD107924,Health,37505,6,No Claim
CUSF46AJ35S0WBU,PROD107925,Health,232746,9,No Claim
CUSMINERG4YFOXJ,PROD107926,General,227864,16,No Claim
CUSROBVCKES7D8Q,PROD107928,Life,99625,16,No Claim
CUST82S9UV9FCWA,PROD107957,Life,161680,7,No Claim
CUSDS8Q8VDT1FYZ,PROD107958,Life,222912,16,No Claim
CUSFFJEQBBKS9K6,PROD107962,Life,148715,22,No Claim
CUS50N1STKZZVX3,PROD107966,Health,66985,18,No Claim
CUSGK4M9DUR7TQA,PROD107969,Life,46481,21,No Claim
472686241710,PROD107970,Life,238328,23,No Claim
CUS7VUQ3188RFOJ,PROD107972,Life,245800,19,No Claim
CUSN0S5QWPPOCQB,PROD107979,Health,246753,16,No Claim
CUSJ3AG197YTR0J,PROD107981,General,240890,16,No Claim
CUSZP36SQYSTMNI,PROD107991,Health,98980,11,No Claim
CUSZGYICG5W5BMB,PROD107994,General,150161,16,No Claim
CUSIG1UITRM0UES,PROD108024,General,231734,12,No Claim
CUSU1M1RXAWC9AT,PROD108028,Life,74608,9,No Claim
CUS4YAES6KL3LYF,PROD108029,Health,208687,18,No Claim
CUSH7VQJA6614RS,PROD108032,Health,148371,15,No Claim
CUS3SRT445FR4QB,PROD108045,General,97675,19,No Claim
CUSSBZHO2ED1YC5,PROD108054,Health,203588,18,No Claim
890945034971,PROD108056,Health,69868,9,No Claim
CUSGWN0MODP9NUF,PROD108057,General,106890,7,No Claim
CUS3GBEHEW448HM,PROD108058,General,86526,10,No Claim
CUSA0QUQKQJLYEB,PROD108062,Health,121221,7,No Claim
CUSZIVP08GH61XP,PROD108069,General,60796,14,No Claim
CUSFKLSEB731FDQ,PROD108070,General,39892,16,No Claim
CUSWAFLWPPBQXPJ,PROD108072,General,189230,11,No Claim
CUSGHAR33R40ADF,PROD108075,Health,74313,12,No Claim
CUS4UNSNO118RB3,PROD108077,General,95383,23,No Claim
CUSQJ2PG1Q0WLAM,PROD108078,General,108247,8,No Claim
CUS3D7C8AXIOS4K,PROD108083,General,69233,7,Claim Settled
CUSD35DGHNW6KRU,PROD108088,General,40110,18,No Claim
CUSW62JMQLQ3432,PROD108105,Health,84808,7,No Claim
CUSNG1CA17GKM0S,PROD108114,Life,144326,20,No Claim
CUS8YL1T7KZAVUA,PROD108115,Health,178797,20,No Claim
CUSLRUS11KGVKWU,PROD108121,General,182022,11,No Claim
CUSDFYHN41JYDJ0,PROD108123,Health,185135,21,No Claim
CUS0X3OB6IRWNSL,PROD108124,General,81480,20,No Claim
CUSYKTO6ANZ1RWR,PROD108125,Life,191197,17,No Claim
CUS8K9L71OT035L,PROD108127,General,80389,11,No Claim
CUSVYVPYSGC4BO3,PROD108129,General,134160,5,No Claim
CUSIEHEUSR4JTD8,PROD108130,Life,231213,8,No Claim
CUSLFN0TWJK3MGX,PROD108131,General,43929,5,No Claim
CUSYYJ5N860ATH9,PROD108132,Life,169755,5,No Claim
CUSQCH8EG8M22WL,PROD108134,Life,239063,8,No Claim
CUS8DQZ7MM6S5JW,PROD108148,Health,49944,18,No Claim
247988577240,PROD108152,Health,207493,21,No Claim
CUS9LW0PZXYHDT6,PROD108154,General,106930,5,No Claim
CUSK7U2XOQ2OYFR,PROD108157,Health,168338,24,No Claim
CUSX6XQSTPG0W6T,PROD108165,Life,112600,21,No Claim
CUSACHLFAPMODOX,PROD108168,General,196913,19,No Claim
CUSYQOUK51STOLH,PROD108186,General,203217,20,No Claim
CUSAY3LCV5HSNZH,PROD108189,Health,191793,23,Claim Filed
CUS4L8UT0T17DZ6,PROD108194,Life,189423,12,No Claim
CUSWDE6GWM0LJA2,PROD108199,Life,29274,24,No Claim
CUS87WJXBSME701,PROD108202,Health,143668,22,No Claim
CUS63SM2MDE4F9W,PROD108206,Life,230012,25,No Claim
CUSJWD23WDO72ER,PROD108213,General,36089,12,No Claim
CUSLPZ8H5YFDH7V,PROD108216,Health,140379,16,No Claim
552367374621,PROD108218,Life,173460,20,No Claim
CUSCZCSD13S6OJS,PROD108219,Life,87390,22,No Claim
CUS7451YUZKOTO7,PROD108220,Life,73487,15,No Claim
345142463752,PROD108221,Health,219132,19,No Claim
CUS2VFN88ZH2YNB,PROD108231,General,156945,16,No Claim
CUSTJ9XPF0A5ZDK,PROD108239,General,80375,10,No Claim
CUS7D8FGLK103EK,PROD108255,Life,238909,15,No Claim
480253659926,PROD108261,Life,129315,8,Claim Settled
CUS5AAAUU3GTA8F,PROD108262,General,30556,5,No Claim
CUSHMCQZJX1G9MC,PROD108263,Health,83248,23,No Claim
708123418840,PROD108270,Life,55341,14,No Claim
CUS4M3YX117OTWX,PROD108273,Health,206155,17,No Claim
CUSO7SM5V3WRAQL,PROD108274,Life,94357,12,No Claim
CUSBU1W44G8BW5S,PROD108278,General,93195,24,No Claim
CUS6P18A5P1YTOQ,PROD108280,Life,62517,12,No Claim
CUS56F8XBUZQFHP,PROD108289,Health,228233,17,No Claim
CUSRSM5238CHQFW,PROD108290,Health,235214,18,No Claim
CUSVCOXNCJT7F8S,PROD108293,Life,154290,25,No Claim
CUSW026XRAGHEQ9,PROD108296,Health,33431,22,No Claim
CUS7X1RCQ1M0CU2,PROD108299,General,149956,10,No Claim
CUSHC1JJ51OYR30,PROD108305,General,145487,16,No Claim
CUSR34BQAN96CQT,PROD108307,General,36187,9,No Claim
CUSOI4207NXVGJW,PROD108308,General,130513,16,No Claim
CUS30IRKYSPYL8R,PROD108316,General,195492,19,No Claim
CUSEBTBDDKOX42A,PROD108318,General,131046,13,No Claim
CUSXUVAG2F14M6M,PROD108332,Life,89253,16,No Claim
CUSYOHHP9A9WX8N,PROD108336,General,153479,13,Claim Settled
CUS5BKEOWUDRJNK,PROD108337,Life,105961,15,No Claim
CUS9DLIABIW0WBZ,PROD108339,General,97557,22,No Claim
CUS80MAQEB8J5SA,PROD108349,General,70227,23,No Claim
CUSH1Z4TU6CYGMR,PROD108353,Life,228300,7,No Claim
CUSN6ZG8KPXMXSQ,PROD108363,Health,25970,14,No Claim
CUSM15FB2UTLNPN,PROD108365,General,221582,5,No Claim
676028004496,PROD108368,Life,200863,11,No Claim
CUSTO9302ESMI2U,PROD108379,Life,95478,9,No Claim
CUS3ZUWV2LQJE40,PROD108381,General,194823,11,No Claim
CUS99R10Z6YNCBA,PROD108382,General,161914,16,No Claim
CUSL400JVGLYMNZ,PROD108387,Health,72556,25,No Claim
CUSIYGISO5E4N0E,PROD108388,Health,105255,16,No Claim
CUSHY3V3ZIG6DYG,PROD108394,General,115825,17,No Claim
CUSLEEZGJ3WDDJX,PROD108398,General,86274,21,No Claim
CUS5GTLTJD906AF,PROD108401,General,80010,21,No Claim
CUSOAN8RFV7WT5B,PROD108404,Health,51426,18,No Claim
CUSU3YJQO0ZEKRB,PROD108405,Health,33469,7,No Claim
CUSKXDIRSNEOA9N,PROD108417,Health,32161,25,No Claim
CUSXCB7KI5444EW,PROD108420,Health,61160,20,No Claim
CUSMNJMTWBIV6K2,PROD108422,General,183534,7,No Claim
CUS3VUQD7YOV1NW,PROD108428,General,48561,12,No Claim
349774352110,PROD108433,Life,184462,11,No Claim
CUSNHWQ4PNBV89D,PROD108435,General,162714,7,No Claim
157373035458,PROD108447,Health,184037,15,No Claim
CUSAN2DZVLOIBEX,PROD108450,General,44567,23,No Claim
CUSUQXJG2XQ3Y9K,PROD108453,Life,47403,19,No Claim
CUS2ONAWAR7GC2E,PROD108456,Life,229296,8,No Claim
CUSPTWNFK694T83,PROD108458,Life,176519,13,No Claim
CUS9486J6FUWQP0,PROD108459,Life,84108,10,No Claim
CUSGLNZZ5CRJ945,PROD108469,Health,234789,23,No Claim
CUSPYN5CXA5OEKE,PROD108475,General,82191,24,No Claim
523549354017,PROD108480,Life,78493,9,No Claim
CUSLQ9J9NLJUWDN,PROD108483,General,133788,5,No Claim
CUSSQN90WSUAGZI,PROD108488,Health,231389,17,No Claim
CUSAD4XTGFA456U,PROD108489,Life,60626,16,No Claim
CUSE96X3ODWJZI4,PROD108492,General,83530,11,No Claim
CUSAZP8CVCL1KYS,PROD108500,Health,124484,6,No Claim
CUSQ6HWBK4DWN6C,PROD108501,General,54780,9,No Claim
CUSGHOOB6TGXTRY,PROD108506,Health,224219,11,No Claim
CUSN26MDUS5N0I4,PROD108510,General,42790,11,Claim Settled
CUS29MPWH9ZAU7Q,PROD108512,General,37867,17,No Claim
CUSDY3YWI40F5M2,PROD108515,Life,112048,15,No Claim
CUS4WI3VA3OVTOJ,PROD108522,Health,106162,14,No Claim
CUSDUDY3ANRPX1J,PROD108527,General,112866,20,No Claim
CUS7JYA8GGEA7HZ,PROD108530,Health,186201,6,No Claim
CUSI7WXOEJ69OVU,PROD108532,General,100834,21,No Claim
CUSK19P9NYQ3IUR,PROD108548,Life,72889,5,No Claim
CUSI29MKP963LG4,PROD108549,Health,131889,20,No Claim
211282955368,PROD108562,General,95456,22,No Claim
CUS9L8JATIBJ327,PROD108572,Health,95650,23,No Claim
CUS2M8Z6FGLZNXO,PROD108578,General,107869,23,No Claim
CUSG08V1FABBEJD,PROD108581,Health,49452,10,No Claim
CUS7RDMF2QO9ODM,PROD108588,Health,171168,17,No Claim
CUS7YINGB8JQW67,PROD108593,Health,146384,23,No Claim
CUSN75F9GIJCNRA,PROD108595,Health,43092,18,No Claim
CUSK70AHRIKDULR,PROD108602,General,36621,12,No Claim
CUSO1TTFYAF2YDX,PROD108605,Health,99012,20,No Claim
CUSZVQ558JWQ91F,PROD108606,Life,123724,24,No Claim
CUS16OCEIV0DB8P,PROD108619,General,88198,17,No Claim
CUSJAFCO8XF1CL2,PROD108620,Life,162675,6,Claim Filed
CUSYKTKJWPJEBPR,PROD108640,Life,229144,11,No Claim
CUSCQVZPK3USRRM,PROD108645,General,183663,8,No Claim
CUSB9GKSB7QXMDX,PROD108651,Health,149811,25,Claim Settled
CUSB5W79UJSDO1V,PROD108652,Life,172626,10,No Claim
CUS58ECKX4MFX3U,PROD108666,Health,86855,14,No Claim
CUSNV0H5XFXCNFA,PROD108668,Health,158205,15,No Claim
CUSB29OHFF8P5L2,PROD108670,Life,198520,5,No Claim
CUSPN8D4F7D5T16,PROD108673,General,92262,15,No Claim
CUSZM5FFVC0E41Y,PROD108675,Life,116407,23,Claim Settled
CUSLZR7YVIQDD3O,PROD108676,Life,59172,21,No Claim
CUSRA3W5RCFTFHF,PROD108678,Life,142438,21,No Claim
CUS2VG031U4ISA5,PROD108681,Life,167648,18,No Claim
CUSKG4W58RHNUXO,PROD108688,Life,77157,16,No Claim
CUSGDJ3PQ6UWVXF,PROD108712,Life,240008,6,No Claim
CUSQFPCUF38BKB4,PROD108718,Health,215077,17,No Claim
CUS07JW60UWVPY9,PROD108723,Health,229094,22,No Claim
CUSY0U8MYPM622M,PROD108724,Health,194799,7,No Claim
CUSF9AWRZVZZG9B,PROD108728,Life,234360,23,No Claim
CUS5Y1OY4GNOWVP,PROD108733,General,169079,6,No Claim
CUSEGR7OMJ8B19R,PROD108744,Life,77701,9,No Claim
CUSAXHQQDCQXVFI,PROD108747,General,167311,21,Claim Settled
CUSVJKTMEGOA5AW,PROD108748,Health,65415,22,No Claim
CUSVAIL06UR7BA1,PROD108750,Health,113608,19,No Claim
CUSGYO9JIJWMB89,PROD108765,General,197337,17,No Claim
CUSUM9ITG7M9XCT,PROD108766,General,249809,15,No Claim
CUS4B2GLNYYAC08,PROD108770,Life,163163,24,No Claim
CUSV20B48H2B94S,PROD108775,General,198177,13,Claim Settled
970282306621,PROD108778,Life,199714,20,No Claim
CUSJ88ASYPBGD7H,PROD108780,Health,59425,25,No Claim
CUS5PCXA5S00I85,PROD108790,Life,202929,23,No Claim
CUSGA9ED3H3GYO1,PROD108795,Health,237597,16,No Claim
CUS220JML8PYYET,PROD108796,General,243212,7,No Claim
CUSFQFQBZ8XQQTJ,PROD108798,Life,57461,24,No Claim
CUS4VOS701OZQU3,PROD108801,Life,199185,24,No Claim
CUSP91OJGAKWHFO,PROD108802,Health,245732,19,No Claim
CUSV48E33V75XM5,PROD108806,General,222671,19,No Claim
CUS092HMY63ADSO,PROD108811,Health,133898,5,No Claim
CUS9H24P1VRXGJV,PROD108815,Life,59843,18,No Claim
CUS6N5Z4XAI1VRF,PROD108819,General,108964,13,No Claim
750092086061,PROD108821,Health,26075,22,No Claim
CUSLD1C93G24LUJ,PROD108835,Health,137100,10,No Claim
CUS3GXRNTD6CGOH,PROD108843,Health,182384,25,No Claim
CUS4QUPMBI6MQUB,PROD108844,Life,173260,25,No Claim
CUSYWE14YQTZJT0,PROD108856,General,209295,13,No Claim
CUSF62W41AC98ZG,PROD108857,Health,72706,12,No Claim
CUSFDJIYFIGX33C,PROD108863,General,163210,12,No Claim
CUS6P22EOVHO9HY,PROD108867,Health,68847,24,No Claim
CUSUYAL6EXCKQ67,PROD108871,General,99224,12,No Claim
CUS6F6R14C3L88L,PROD108872,Life,221003,5,No Claim
CUSHJ7WX6QQRD04,PROD108876,Life,203752,11,No Claim
CUSWU52SWYYDS6L,PROD108877,Life,36729,10,Claim Filed
908502689636,PROD108879,Life,191106,25,No Claim
CUSHODB8TA6DO0O,PROD108887,Life,205639,18,No Claim
CUSKL3SY5XJ5UWQ,PROD108889,Life,175694,13,No Claim
CUSSYYOG6ATICCS,PROD108894,General,76347,24,No Claim
CUS5HNTSDS5VCDO,PROD108895,Life,204484,11,No Claim
524570552337,PROD108903,Health,246845,23,No Claim
732867672084,PROD108904,General,64428,10,No Claim
CUS5UOB7A3PDN09,PROD108906,Health,63417,17,No Claim
CUSQTKCD0RLEXDW,PROD108909,Health,42902,12,No Claim
CUS4HA0J82IW5PL,PROD108914,Life,203911,15,No Claim
CUSOL4ZVZACU8N8,PROD108916,Life,39356,24,No Claim
334719119942,PROD108925,Health,76913,8,No Claim
CUS1Q9AWEOY3F22,PROD108930,Health,184790,9,No Claim
CUS3D4TSQXAMHB0,PROD108936,General,68662,8,No Claim
CUSZUP8Z3N3VRJ2,PROD108937,Life,78898,19,No Claim
CUSY2VOQU29NQ4G,PROD108943,General,60799,21,No Claim
730364382038,PROD108944,Health,25174,19,No Claim
CUS5GVETK99RJRM,PROD108950,General,208077,20,No Claim
CUS0EMLQK1NCKUZ,PROD108960,Health,197428,22,No Claim
CUS9PLOQFEZTEI3,PROD108962,General,189567,25,No Claim
CUSHCPWY1EQPLA9,PROD108964,Health,186609,25,No Claim
CUSZ56VW7V44DU1,PROD108980,General,112387,24,No Claim
CUSR6E7JVS4LIZX,PROD108993,Health,90638,5,Claim Settled
CUSZCVCH94NSO3F,PROD108995,General,28244,9,No Claim
CUSMN2VGLQH8XAZ,PROD109001,Health,85786,23,No Claim
CUSU90K36OVHME3,PROD109002,General,166127,9,No Claim
CUSFAKATJGYQ5ZK,PROD109005,Health,44198,10,No Claim
CUS16C3QLIUDS6U,PROD109007,Health,49127,22,No Claim
CUSKNOSLRGO4FFI,PROD109011,Life,48085,23,No Claim
CUS4S3FL3G2ZP7M,PROD109019,Life,51833,20,No Claim
CUSURZGTVG2Z3T7,PROD109025,Life,158779,22,Claim Settled
CUS7EFBB25BR0DU,PROD109033,Health,203280,8,No Claim
CUS2NP6I5GSE146,PROD109038,Life,152780,10,No Claim
CUS4MVS27XYTI94,PROD109041,Health,145800,25,No Claim
816082211217,PROD109046,Health,211526,23,No Claim
CUSTYRM314L5RWJ,PROD109051,Life,93460,11,No Claim
CUS9CP252EKSAB4,PROD109052,Life,226647,16,No Claim
CUSC5H2YPFKDO33,PROD109055,General,212348,20,No Claim
CUS70EM1KKF9X8W,PROD109058,General,122543,13,No Claim
CUSZX6Y3P5PWL9X,PROD109062,Life,55738,5,No Claim
CUS2A0XZ8RK6F00,PROD109072,Life,149893,18,No Claim
CUSBI6689M68RAD,PROD109080,Life,104588,15,No Claim
CUSUHDG34AMA0BH,PROD109085,General,234117,12,No Claim
CUSFSFYV2TZHX4Y,PROD109104,General,235218,6,No Claim
CUS7N1DA1BPLD9H,PROD109114,Life,235267,16,No Claim
CUS2FMBHLMJDO2K,PROD109119,General,90045,20,No Claim
435071446910,PROD109127,General,221103,6,No Claim
CUS0O7C4EBX2LDF,PROD109139,General,171644,5,No Claim
CUS1F8NOMQGD3NY,PROD109145,Health,202694,12,No Claim
CUSD021117NYXSV,PROD109146,Health,89000,21,No Claim
351411904248,PROD109157,Life,85922,20,No Claim
CUSLFM2JDFYDECQ,PROD109158,Life,141863,22,No Claim
CUSIK0AKIU9XB5X,PROD109160,Life,177964,18,No Claim
CUSKC7038CLDZBL,PROD109161,Health,28707,21,No Claim
CUSUYI0VHOJXE39,PROD109162,General,43069,22,No Claim
CUSE7PDJU7I1M4F,PROD109166,General,35065,19,No Claim
CUSR9B662BXRQYN,PROD109176,Life,87081,12,No Claim
CUSZ97AT2EXDH8S,PROD109177,General,165395,5,No Claim
CUSA5BRC511VR12,PROD109178,Health,94356,17,No Claim
CUSH11FFDRTR1HH,PROD109187,Life,48559,14,No Claim
CUS5YON14VQRWP7,PROD109188,General,237965,22,Claim Filed
CUSFZICP95COT4Z,PROD109189,Health,40653,13,No Claim
CUSKY30XWW1KSIT,PROD109199,Life,141636,6,No Claim
CUSQGNEZYAYVWTI,PROD109207,General,134538,11,No Claim
CUSSZQD5QGUUHY5,PROD109216,Life,202844,17,No Claim
CUSJU8J31DQ9MPD,PROD109219,General,158230,5,No Claim
CUSMD6QYWK05435,PROD109225,Health,156787,9,No Claim
CUSM7D3Z72CBPX5,PROD109229,General,219098,6,No Claim
CUSJPZOLE7SFKYG,PROD109231,General,47046,12,No Claim
CUSWPXL5LDSMVHH,PROD109245,Life,42451,22,No Claim
CUSBQ7MNU8XZW4H,PROD109253,Life,247876,24,No Claim
CUSMSQ2P6HHDZIZ,PROD109254,Health,177473,13,No Claim
CUSK3K3FTCI7XXG,PROD109255,General,60840,15,No Claim
CUSTI4WITMKPKD7,PROD109256,Life,104768,11,No Claim
525430562435,PROD109262,Life,124483,18,No Claim
CUSQNK44T0FR9VR,PROD109266,Health,116039,13,No Claim
802153543479,PROD109269,General,193525,23,No Claim
CUSPUIHTMME870P,PROD109271,General,208793,24,No Claim
CUS2S1D15IX3FZI,PROD109275,Life,44449,21,No Claim
CUSOS7VOCSZPO7W,PROD109280,Health,85980,12,No Claim
CUSO3YTJ52XPLW1,PROD109283,Health,161917,6,No Claim
CUSC2B84CQ6TFFV,PROD109285,Health,52385,12,No Claim
CUS6UH2UM7OF8KX,PROD109288,General,161967,13,No Claim
CUST1ACGZZC37WJ,PROD109291,Life,132004,5,No Claim
CUS058PS58VLGBJ,PROD109296,Life,58786,5,No Claim
CUSEFK3MTCCH1K8,PROD109304,Health,205927,19,No Claim
CUSOP2IHD85KPSA,PROD109313,General,52992,25,No Claim
CUSV8I53AB6PK9P,PROD109314,General,189282,13,No Claim
CUSCOTR1J5CDEZV,PROD109319,Health,231062,16,No Claim
243010160319,PROD109320,Health,135704,15,No Claim
CUS5Q20OGNZJLCE,PROD109323,General,213621,20,No Claim
428707717797,PROD109325,Health,119279,14,No Claim
CUSV9TXOTF4G3MI,PROD109326,General,60657,9,No Claim
CUSLMQZBMGZT6XN,PROD109328,General,154551,12,No Claim
CUSUYMO0PQCLPOX,PROD109329,General,177672,19,No Claim
683488969830,PROD109330,Health,70186,20,No Claim
CUSH2DV4SXV9HXI,PROD109335,Life,97461,22,Claim Filed
CUS6PQNNAE63IZJ,PROD109351,Health,234124,16,No Claim
CUSF5MNHP525ONW,PROD109358,General,40648,11,No Claim
CUS2IG52G4BN0WK,PROD109361,Life,237614,11,Claim Filed
638888227346,PROD109363,Life,162051,21,Claim Settled
CUS7QJFN4FCT41M,PROD109370,Life,29051,13,No Claim
CUSAJHKZ3WX4COT,PROD109375,Health,66821,20,No Claim
CUSN01Q5IGFGVT1,PROD109378,Health,88938,9,No Claim
CUSN25WM72QLGDV,PROD109393,General,194267,20,No Claim
CUSEV86DDMD44OL,PROD109401,General,44674,16,No Claim
CUSDNJGCR7MWZ9W,PROD109407,General,100763,23,No Claim
CUS2YVVJNA7W2ON,PROD109408,Health,223808,22,No Claim
CUSNPRBTTE9FHBP,PROD109412,General,96013,5,No Claim
CUSZT9WSZ7YSR6R,PROD109420,General,150834,6,No Claim
CUS36ZTT7080313,PROD109423,Health,62486,11,No Claim
CUSSQUGBSJ705HD,PROD109427,Health,174509,19,No Claim
CUSSURX0XU78IU5,PROD109431,Health,60951,22,No Claim
CUSOJHIOXQYAJB8,PROD109438,Health,42167,23,No Claim
CUSY11HT2NB4SIA,PROD109441,Life,113448,8,No Claim
CUSLB59WWIIV54D,PROD109442,General,157359,15,No Claim
CUSINTC5K0M6CIM,PROD109446,Life,47185,15,No Claim
685895271142,PROD109447,General,231223,13,No Claim
433698143742,PROD109449,General,134399,22,No Claim
CUSN4ZZ35Q0DQW6,PROD109452,General,50230,5,No Claim
CUSTMK9BT21CZWS,PROD109455,Life,169784,8,No Claim
CUS2NW8DO02VMNC,PROD109461,Health,75170,23,No Claim
CUSDRVCNIGMMIHH,PROD109464,Life,111838,7,No Claim
CUSSD5E36IVW5HX,PROD109467,General,195471,13,Claim Settled
CUSCUJOBXZ8043J,PROD109473,Life,130005,16,No Claim
CUSRGJLALQOJHKJ,PROD109479,Life,148372,18,No Claim
CUS7W19LT0RH15Y,PROD109481,Life,200879,18,No Claim
CUSOF3V7NQ22S53,PROD109484,Health,156476,24,No Claim
CUSFAKS2V6FRSZS,PROD109487,Life,53139,11,No Claim
CUSV57N66YUSAHT,PROD109489,Life,236020,7,No Claim
CUSKGN87AIXV4U1,PROD109490,Health,243680,14,No Claim
CUSLQ455PQA30B1,PROD109508,Life,115151,23,No Claim
106769299578,PROD109516,General,237885,11,No Claim
CUS4T6F1QW90TPG,PROD109522,Life,209572,5,No Claim
CUSLNXNWQ0OAAUI,PROD109524,General,237138,10,No Claim
CUSUMJE5SVO3O1T,PROD109525,General,214637,23,No Claim
CUSWMZ2TD9MNV9F,PROD109528,Life,100548,20,No Claim
CUSIUYGOOBLG4L1,PROD109533,General,161382,17,No Claim
CUS9U8D0R0EJYDB,PROD109535,General,105755,24,No Claim
CUS6GUO8I5JWK6Z,PROD109547,Health,96062,18,No Claim
CUSV53DSZA62JNQ,PROD109553,General,33942,11,No Claim
CUSV5YQ24B2V5W8,PROD109556,Life,139187,5,Claim Settled
CUSI0QXERH9B382,PROD109557,Life,145561,24,Claim Settled
CUSTREHIE5RPTTS,PROD109559,Health,38128,11,No Claim
CUSD9LYGXP8GGGH,PROD109561,Health,146455,7,No Claim
CUSG86U03A79BDB,PROD109579,General,92654,20,No Claim
CUSBI2T1YOICWVE,PROD109582,General,39799,11,No Claim
CUSN3PY8KFOGQGO,PROD109593,General,235335,10,No Claim
CUSWIRCKWFYQP7A,PROD109594,Life,174812,9,No Claim
CUSVVETXNNRSZLX,PROD109597,General,206356,20,No Claim
994351314667,PROD109605,Health,112077,10,No Claim
CUS9EZGFI2BT1B6,PROD109606,General,100478,21,Claim Settled
CUSH8N92TP6QAQ3,PROD109608,General,125965,12,No Claim
658626149510,PROD109609,Health,72399,9,No Claim
894397876839,PROD109629,Health,91932,25,No Claim
CUSEIUO2G16CATY,PROD109635,Life,93737,7,No Claim
CUSJ3DECTYPWAY4,PROD109637,General,57546,5,No Claim
CUSNNUQEPLCH3AT,PROD109638,Health,219393,21,No Claim
CUSX1OM5PP5FLOZ,PROD109642,Health,58493,20,No Claim
CUSGX6JKIH7TRL0,PROD109643,Life,62614,21,No Claim
284446598130,PROD109645,Life,204482,19,No Claim
CUSZSLCX7I1UFTM,PROD109649,Health,65001,13,No Claim
CUS4DT6U8XI43FV,PROD109650,General,232301,14,No Claim
CUS7VQXTQD2L03C,PROD109660,Health,115811,5,No Claim
CUSE5RNY3NT0UM5,PROD109661,Life,149662,12,No Claim
CUSN64KF2QA4SPU,PROD109669,Life,179726,25,No Claim
CUS5HOXV4TRZ2SF,PROD109673,General,58189,16,No Claim
CUSSDPLS9EK1ZOS,PROD109695,Life,159053,10,No Claim
CUSYT3EUJ25BM6O,PROD109706,Life,236457,23,No Claim
CUSB4564P26FBU4,PROD109715,Life,241842,10,No Claim
CUSO4FPOKM5818O,PROD109724,General,227255,15,No Claim
726599454905,PROD109727,Health,178839,8,No Claim
CUSRDKQNT1ARQTP,PROD109734,Life,142647,17,No Claim
CUSFQHJCWLCKSA6,PROD109744,Life,171633,10,No Claim
CUSAM1T6Y6MTPON,PROD109745,General,130979,23,No Claim
CUS6LIMM48Y86VU,PROD109751,Health,200826,11,No Claim
757651780397,PROD109759,General,150087,22,No Claim
CUSOC50HSYRLVMP,PROD109761,Life,218543,5,No Claim
CUSXM6OB08KRCAQ,PROD109762,Health,214615,17,No Claim
CUSOYOBI85NAF7Q,PROD109773,General,115886,5,No Claim
CUSM9ZQFMRGCLV8,PROD109777,General,110609,15,No Claim
CUSOLJUMIIP43QA,PROD109778,Life,82139,14,No Claim
CUS84N9FALAXPWE,PROD109782,Life,207707,25,No Claim
900155860401,PROD109788,General,108169,23,No Claim
CUS5P55K3EL6RRL,PROD109810,Life,135438,22,No Claim
CUSVZ227CXUMC9Z,PROD109812,Health,105066,21,Claim Settled
CUS5HZK5K5BEV5I,PROD109821,Health,213761,16,No Claim
CUSZWSYUBNI17GR,PROD109826,Life,112443,11,No Claim
CUS6PBE6SXIU5G3,PROD109829,General,126797,15,No Claim
CUSR9WPVMTSGMBO,PROD109831,Life,30537,16,No Claim
CUS9COC16LOQ6KN,PROD109836,Health,78404,15,No Claim
CUSWF3II5ZEJ2AH,PROD109843,Health,136078,7,No Claim
CUSVJE6IFKATV82,PROD109851,General,51527,12,No Claim
CUST3ZKH7FUS12L,PROD109852,General,170536,6,No Claim
477026254948,PROD109862,General,56864,11,No Claim
CUSPQW454ODWSVN,PROD109868,Life,248019,9,No Claim
CUSRHLJMALPAQAP,PROD109874,Life,96848,18,No Claim
CUSQ8P1NY0Y11AI,PROD109881,Health,141083,21,No Claim
CUSJHZV98BRIMTI,PROD109889,Health,76639,22,No Claim
CUSMFQG7272QY5X,PROD109890,Life,54945,15,No Claim
CUSSRVGKPYY7CLO,PROD109900,Health,212935,21,No Claim
CUSUFQ8AU4CQYHU,PROD109903,General,162538,23,No Claim
CUSQ81QGIN41PQ3,PROD109904,Life,122519,10,No Claim
CUSJ8GWHY2FO408,PROD109915,Health,249292,23,No Claim
CUSMG4U2Q26A774,PROD109926,Health,26342,11,Claim Filed
881917306872,PROD109931,Health,72000,9,No Claim
CUSFCJ2C1NCXH7L,PROD109932,Life,115634,25,No Claim
CUSS72ZJIR6UX8X,PROD109936,General,93360,23,No Claim
CUST3ICUUXIE6TD,PROD109955,General,80912,11,No Claim
CUSSKC7RQ8ENRIR,PROD109962,General,38233,17,No Claim
CUSSSUFZ8QX2JBM,PROD109963,Life,126111,9,No Claim
CUSEW8XI7MKHJDP,PROD109964,Health,130473,22,No Claim
CUSSR65KTLK5IBZ,PROD109977,Life,241342,18,Claim Settled
CUSK8XLWNG9J4YX,PROD109999,Health,80010,12,No Claim
145482263509,PROD110003,General,238915,16,No Claim
CUSJTSPIXCD55YI,PROD110006,Life,44742,17,No Claim
CUSZ0VQV9FNCJDP,PROD110017,Life,57957,22,No Claim
CUSCJM5B8VJBJ9G,PROD110019,General,123516,23,No Claim
376719292845,PROD110023,Health,231503,14,No Claim
CUSH5BJTM9QGB79,PROD110029,General,223608,7,No Claim
CUSXNO5UXBEBCQM,PROD110032,Life,138960,14,No Claim
CUSZNUH63T6R445,PROD110041,General,120512,21,No Claim
274074986280,PROD110044,Health,233107,18,No Claim
CUSKSGV2F8N1R57,PROD110052,General,214728,5,No Claim
CUS6QM0O02INNKC,PROD110055,Life,30583,10,Claim Settled
CUS21VIV6Z81VE0,PROD110060,Health,166846,22,No Claim
CUSOTUV4NQWR330,PROD110066,Life,232724,25,Claim Settled
903044980875,PROD110068,Health,232259,23,No Claim
CUSX1KNMLN1E62Q,PROD110069,General,226391,17,No Claim
CUSP4CP3RL39FRG,PROD110074,General,154629,12,No Claim
755482353493,PROD110076,General,180626,12,No Claim
CUSAXUIB7AVU4ZV,PROD110085,Health,56061,22,No Claim
CUS3W1N75PZXJ4N,PROD110090,Life,193487,21,No Claim
CUS3NLTIPMJZ1N0,PROD110094,General,191924,9,No Claim
CUS31CGR9VKII00,PROD110095,Health,229834,11,No Claim
CUSVZV2GTHHG3RR,PROD110104,Life,171347,10,No Claim
CUS7SCPO6JSNKZ1,PROD110106,General,54746,12,No Claim
CUS5L7LQRBKML80,PROD110110,Health,95946,14,No Claim
CUSA908CMQXGYMY,PROD110111,Health,218988,10,No Claim
CUSVMEFOZTP7BD4,PROD110114,General,161463,20,No Claim
CUSDW3E7MTDUSL4,PROD110132,Life,57603,15,No Claim
631212420623,PROD110136,Life,155363,7,No Claim
CUSNDUQ0FX5E49H,PROD110150,Health,117548,19,No Claim
CUSLQI3Q8GGIFZX,PROD110153,Life,148753,23,No Claim
CUSECFPHEAEWP7W,PROD110155,Health,225012,23,No Claim
CUSHV1WTBLERR63,PROD110158,General,168193,25,No Claim
CUSK00OPBVC58EX,PROD110160,Life,208669,12,No Claim
CUSX78BG5D3UTMI,PROD110166,Life,33897,12,No Claim
CUSL5MSQXYW52FH,PROD110175,Health,47085,6,No Claim
CUSHK2XGHMBB43V,PROD110177,Health,87634,23,No Claim
CUSMEWCJN6OCJPZ,PROD110189,Life,135776,11,No Claim
CUS8TCE2GWYVDO6,PROD110194,Life,172034,17,No Claim
CUSUI6P1M7CKIQD,PROD110201,General,129871,11,No Claim
CUS8QJPPGZM983M,PROD110212,Health,37058,11,No Claim
CUSZ3TO8LCTSWGW,PROD110215,Health,150519,8,No Claim
CUSAGEJILA54H25,PROD110222,General,198216,17,No Claim
CUSGRVD3FICQ0E1,PROD110227,General,154395,7,No Claim
CUSOLZHLNSEUH6H,PROD110228,Health,201472,18,No Claim
CUSBXG498JAO9X8,PROD110244,Health,214335,20,No Claim
631953226095,PROD110245,Health,61877,7,Claim Filed
CUSZY74BPXA8KTF,PROD110247,Health,213248,9,No Claim
CUS1J9IR8C3XXU0,PROD110249,Health,95585,22,No Claim
CUSHP96529EYKG9,PROD110254,Health,56641,7,No Claim
CUSOKJXWOSFTIHC,PROD110257,General,77138,20,No Claim
CUS3FAGP4RJS509,PROD110258,Life,62688,11,No Claim
CUSBLSRSKMP15LX,PROD110259,Life,154695,22,No Claim
CUS2L9XCS5PE53S,PROD110261,General,91658,12,No Claim
CUSN1JZS5RTZDL2,PROD110284,Life,53111,22,No Claim
CUSEMIKPVGVZMGY,PROD110286,General,223826,7,Claim Filed
CUS0TGW1Q96J2VF,PROD110298,General,124784,10,No Claim
CUS6QVJ2C55SPUD,PROD110300,Life,201259,13,No Claim
CUS0F3AMR7BB795,PROD110304,Health,116946,10,No Claim
CUSV5290MYNDL6H,PROD110308,General,132570,22,No Claim
CUSM55A3GR3QF44,PROD110309,Health,242057,17,No Claim
CUS6L02WICJ3097,PROD110314,Life,215158,8,No Claim
CUSZ98XP4GSSZWL,PROD110318,Health,82052,15,No Claim
CUSQT8DQM8PWLG8,PROD110323,Life,91493,16,No Claim
CUSNKTFS1Z9UE33,PROD110352,Life,187507,22,No Claim
CUSUSROWJEV4J04,PROD110353,Life,129402,7,No Claim
CUSYI9H6HPMP6JA,PROD110354,General,213844,24,No Claim
985282150902,PROD110355,Life,39149,19,No Claim
CUS06PII997MK5H,PROD110357,Health,177839,18,No Claim
CUSTZFQ5N6H3IYU,PROD110369,General,72037,23,No Claim
CUSL7HIQ5LFT3QT,PROD110370,Life,185718,22,Claim Settled
CUSRRUSU6FTM9JT,PROD110372,General,64695,13,No Claim
CUSYPOUKZYAW33A,PROD110373,General,236206,15,No Claim
CUSK26KPZA2QCX6,PROD110382,Life,176765,13,Claim Settled
151817256464,PROD110388,General,38691,20,No Claim
CUS88BDV8G8MMF7,PROD110397,Life,79392,21,No Claim
CUSOYP6GY3QE6H9,PROD110405,General,240231,7,No Claim
657903953383,PROD110409,General,136008,8,No Claim
CUSUELN0LVGNP12,PROD110412,General,223330,21,Claim Filed
CUSBIMJYXVL48GA,PROD110415,General,37781,7,No Claim
CUSCM9ZN7IZ3DW3,PROD110423,General,193933,24,No Claim
CUSUKGJBJAUY3ZN,PROD110434,Life,98756,6,No Claim
CUS74KMVXOR5NZT,PROD110446,Life,140310,8,No Claim
CUS0G78TMQH3A5F,PROD110453,General,196947,18,No Claim
CUSWYZR3CU26SDT,PROD110455,Health,85407,10,No Claim
CUS0IS27O4J1FIJ,PROD110465,Health,155405,24,No Claim
CUSRGI62965WOWJ,PROD110477,Life,111588,14,No Claim
CUS1JZOAOUEVRUB,PROD110488,Life,217422,11,No Claim
CUSVGNXB5JTB9XX,PROD110498,Life,67133,16,No Claim
CUSQCXMWNRWIASA,PROD110500,General,88639,15,No Claim
CUS9JAC9LO8MV9Q,PROD110503,General,229364,23,No Claim
CUS4W9K6YYS2EXL,PROD110507,General,148741,25,No Claim
CUSMRL8QYU9IAUA,PROD110508,General,165978,5,No Claim
CUS6P046UIM9CHZ,PROD110510,Life,123331,19,No Claim
CUS5JG6L448IH1K,PROD110512,Health,165660,13,No Claim
CUS0N42FGTCJ8LV,PROD110514,General,199093,5,No Claim
CUSKGECF1619946,PROD110516,General,158323,8,Claim Settled
CUSEG596TZ5WUHP,PROD110519,Life,221601,22,No Claim
CUSGM9RR1NVDIO5,PROD110521,Health,45365,20,No Claim
CUSG3A4T27LITL9,PROD110525,Health,161797,7,No Claim
CUSCSUI01MUMKMO,PROD110531,Life,230517,13,No Claim
CUSDHEXNVCEYQVD,PROD110541,Health,203903,11,No Claim
CUSQRELKHTMCBL8,PROD110547,Health,231092,11,No Claim
CUSOTH4MVKQE4DW,PROD110554,Health,98255,8,No Claim
CUS8KCDG9HAR9AR,PROD110557,General,43848,14,No Claim
CUSRN7A7NACPY7C,PROD110560,Health,99957,22,No Claim
CUS6W59VRM1YI3Q,PROD110564,Health,240582,14,No Claim
CUSJSOPR6I46O3W,PROD110565,Life,82487,18,Claim Filed
CUSKC7038CLDZBL,PROD110574,Health,238318,9,No Claim
CUSL95VIRZD6LTK,PROD110579,General,105492,9,Claim Settled
CUS5W5BFQACY2OM,PROD110611,General,138404,5,No Claim
CUSVUHEJUHR6CU0,PROD110613,General,105894,25,No Claim
CUSX45DZG425LXZ,PROD110620,General,74725,23,No Claim
CUSVO6C8F6SU94C,PROD110630,Life,37528,10,No Claim
CUS0CIAFMQE2MZ1,PROD110636,Life,127824,24,No Claim
CUSOB93MYFNCE98,PROD110644,Health,152244,7,No Claim
CUSUQXJG2XQ3Y9K,PROD110645,General,196160,24,No Claim
248343831714,PROD110651,General,216436,19,No Claim
721894701446,PROD110656,Health,235229,24,No Claim
CUS7RC5LG6CAZ4Q,PROD110675,Life,122193,6,No Claim
CUSLLW029H4YBVY,PROD110677,General,197006,16,No Claim
CUSP78OZVPRA8SQ,PROD110679,General,217289,12,No Claim
CUSWC9F3T57UX54,PROD110689,Life,75367,11,No Claim
CUSGQX3QRUOLT3C,PROD110690,Health,142721,6,No Claim
CUS8VY2YDRANPXG,PROD110696,Life,245796,6,No Claim
CUS8GT1T88S46B5,PROD110697,General,83359,8,No Claim
CUSAFIUP2LE6FDJ,PROD110703,Health,38253,7,No Claim
CUSIAA2OY5HSDHN,PROD110704,Health,157927,8,No Claim
449405981793,PROD110706,Life,154434,16,No Claim
CUS3RNRFR7L3PS4,PROD110710,Health,150392,16,No Claim
689292809710,PROD110716,Life,41318,10,No Claim
CUSLJXB8Y4H6GOW,PROD110735,General,191379,21,No Claim
CUSHZLLB927VE5Z,PROD110737,General,48811,15,No Claim
CUSJNWOAR5AC8OT,PROD110738,Life,75421,18,No Claim
130226192633,PROD110739,General,63846,22,No Claim
CUS6MDDGYTWR7EL,PROD110740,Health,240470,23,No Claim
CUSE97I4HMYA0NJ,PROD110753,General,167993,8,No Claim
CUSR821UZVGWW4F,PROD110757,General,228618,8,No Claim
CUSTOSRX1T5RRS1,PROD110758,General,92573,12,No Claim
CUSGU38KXZTIKQD,PROD110766,Life,189892,23,No Claim
918487164652,PROD110770,General,203929,17,No Claim
CUSKDOFFWS890YM,PROD110783,General,213630,24,No Claim
CUSENGLSMPT9LMN,PROD110802,Health,147431,6,No Claim
CUS493PYWBN217G,PROD110805,General,120508,6,No Claim
CUSBCAP3TY3Y2TP,PROD110808,General,180624,24,No Claim
CUS8OJGZACF0R7F,PROD110813,General,132486,8,No Claim
CUSFJW1FJR8GPP1,PROD110816,Life,99162,11,No Claim
CUSWNA6GZM87TB0,PROD110837,General,92089,7,No Claim
CUSS56YNY1SCP99,PROD110839,Life,116899,7,No Claim
CUSQBIPS1HO6PN7,PROD110843,Life,70562,20,No Claim
CUSMS55NMWHH4VL,PROD110846,General,60387,24,No Claim
CUSHX1019G06KT3,PROD110855,General,153655,5,No Claim
CUS5AAAUU3GTA8F,PROD110862,Life,102090,12,No Claim
CUS4EW0VB6XVP5L,PROD110866,General,169328,22,No Claim
CUSUOUYN9EYJWKE,PROD110872,Life,248698,14,No Claim
785953767297,PROD110879,Life,105395,11,No Claim
CUS8ZWL3GCPCM52,PROD110883,Life,224910,8,No Claim
CUSQNAKBKXLZZY7,PROD110890,Life,66654,13,No Claim
251728651240,PROD110897,General,110583,19,No Claim
CUS96G7N0GBDAL9,PROD110901,General,157355,16,No Claim
CUSN6X2W66Y0QCT,PROD110920,Life,115818,11,Claim Settled
CUSVYN77DVP49E4,PROD110924,General,207368,12,No Claim
CUSHTTNOKYAA8XR,PROD110925,General,154976,5,No Claim
351997031376,PROD110929,General,213537,21,Claim Settled
CUSWYCHB2935R74,PROD110932,General,50682,17,No Claim
CUS7PPZADS06K8D,PROD110940,Health,223940,14,No Claim
CUS3MW4QIMYJB93,PROD110947,Life,200413,10,Claim Settled
220774405610,PROD110948,Health,219375,5,No Claim
CUSSUINJESPS8Q1,PROD110951,Health,33877,9,Claim Filed
CUS16OCEIV0DB8P,PROD110954,General,188479,15,No Claim
CUS4SV3AZVS2L77,PROD110955,General,78875,25,No Claim
CUSAPFNEDYGDQLO,PROD110959,Life,219415,19,No Claim
CUS9P6BW15FG1A1,PROD110965,Life,186721,23,Claim Filed
946004628292,PROD110966,Health,75601,12,No Claim
CUSGS48A8HTS1P2,PROD110968,Life,229923,14,No Claim
CUS491B96URRWSN,PROD110971,General,80728,10,No Claim
CUSEB8JETITSA69,PROD110972,Life,65286,18,No Claim
CUSMS6D021LYGND,PROD110992,Health,180125,11,No Claim
CUSOAHBF47EQ5RW,PROD110999,General,148262,14,No Claim
CUSSJ5XWUD8B73M,PROD111001,General,203457,8,No Claim
CUST762YXHHJ3QH,PROD111002,General,220276,16,No Claim
739615096582,PROD111013,General,221178,24,No Claim
CUSP8DQNYJ30O1B,PROD111019,General,113514,5,Claim Filed
CUSLNMOROSS2WU5,PROD111022,Life,155746,11,No Claim
CUSMFJPM6INQGXU,PROD111026,Health,181884,19,No Claim
CUSD1DJ03YSNJCD,PROD111034,Life,64694,25,No Claim
CUSADLN464WVNRT,PROD111035,General,134580,23,No Claim
CUS39GJL54XO8FN,PROD111036,General,241397,7,No Claim
CUSDOG124Z0GPUT,PROD111043,General,89247,8,No Claim
CUSR2T9BGQBXUXK,PROD111044,Health,177791,5,Claim Settled
CUSX45DZG425LXZ,PROD111049,Life,168070,16,No Claim
CUSLRUN01SFY4DK,PROD111063,Health,37626,9,No Claim
CUS3WZN1J3OBFIV,PROD111064,Life,196628,24,No Claim
CUSMQL9HDXTBQFA,PROD111068,Health,244660,15,Claim Filed
CUS64QKRRNMQUXF,PROD111069,Health,201383,10,No Claim
CUS2O1YQJQ96U2E,PROD111070,General,100331,22,No Claim
158558005087,PROD111072,Health,32227,22,Claim Filed
CUS9N11XFEIJDXF,PROD111075,General,208938,19,No Claim
CUSKMBRAOZEWT1Q,PROD111078,Health,173272,9,Claim Filed
CUS3AM74UF0GHTB,PROD111079,General,79104,5,Claim Filed
CUS1GB0WX4L14P6,PROD111081,Health,212873,7,No Claim
CUSN8V1PQZXTHJ9,PROD111086,Life,70065,20,No Claim
CUS42TZ50WK0WGQ,PROD111090,Health,244516,22,No Claim
CUSREXV0220F0CN,PROD111092,Health,118113,11,No Claim
CUSJ2JG0EEA9PRO,PROD111098,General,249718,16,No Claim
422435066735,PROD111110,Life,158932,25,No Claim
CUSGXL8IS9MCJ5Z,PROD111114,General,152171,6,No Claim
CUSOZUWTNRGM5A3,PROD111115,General,95566,16,No Claim
CUSEFAF0ISZHRKD,PROD111116,Life,237740,16,No Claim
CUS7KBUM02SGRM9,PROD111127,Health,230640,5,No Claim
CUSYR2P6XCW8AFM,PROD111135,Health,223834,17,No Claim
CUS5JH61H8X4WL2,PROD111136,Health,227263,13,Claim Settled
CUS3EYJI1AFSB7H,PROD111141,Health,95177,21,No Claim
CUSAY119AV1L4WP,PROD111151,Health,112722,9,No Claim
CUSSWYN0FX9YJLS,PROD111155,Health,203523,17,No Claim
CUSIBRZ2NBIS1V1,PROD111163,Health,63145,10,No Claim
CUS3CBJ53PTJCII,PROD111165,Health,211692,10,No Claim
CUS58GBIF7HBEGL,PROD111172,General,167083,12,No Claim
CUSKZG7T1A2MKV4,PROD111178,Health,191152,19,No Claim
CUS74ET4I38DXYK,PROD111181,General,237238,8,No Claim
CUSE6651XA3ZWMW,PROD111194,General,42008,23,No Claim
CUS86DQFW23SZ8F,PROD111196,Life,242742,20,No Claim
CUS2JQ0IFIQLU97,PROD111199,Life,89648,11,No Claim
CUS6RWI5COUU9VM,PROD111205,General,207668,13,No Claim
CUSRP0XCB6A3623,PROD111206,Health,27924,16,No Claim
CUST1QBIYRQQWMQ,PROD111213,Health,229117,14,No Claim
CUSUZC5SRPVM0QE,PROD111217,General,52010,15,No Claim
CUSDUZIKJGVBMIR,PROD111225,General,52843,7,No Claim
CUS3MCNCCD60Q8W,PROD111229,Life,107591,22,No Claim
CUSKAIEZADESVTY,PROD111231,Health,192147,14,No Claim
848225116467,PROD111244,Life,27880,9,No Claim
CUSFTKBSQXACHA8,PROD111249,Health,54149,21,No Claim
CUSCDKFL5ZR0HI1,PROD111264,Life,39463,18,Claim Filed
336277258917,PROD111267,General,242063,17,No Claim
CUSFWLGMFT2FG2O,PROD111269,Life,57600,14,No Claim
CUSB0IXRYLI172D,PROD111272,General,126355,9,No Claim
CUSS9N203D9OJKS,PROD111282,General,218740,23,No Claim
CUSNVI0IF5NRH3P,PROD111290,Life,115625,19,Claim Filed
CUSQ1UNIUWLZSU5,PROD111298,Life,249669,18,No Claim
CUSNXJVOM6NZMQC,PROD111302,Life,34154,6,No Claim
CUSGXKF0CFB0COD,PROD111303,Life,197924,22,No Claim
CUSGCW5C4V1ARZW,PROD111307,General,241427,23,No Claim
CUSA7VW783KAGVE,PROD111316,General,189725,6,No Claim
CUS6904IFN944NX,PROD111321,Life,143044,17,No Claim
CUSA0LNO58E151Z,PROD111324,Life,93894,16,No Claim
CUS1FKS4HOHGMYB,PROD111330,General,196555,12,No Claim
CUSI0EEP5VCNT4C,PROD111333,Health,27981,25,No Claim
CUST054RXBZPO7Z,PROD111345,Life,231700,16,No Claim
CUS7S4X5EPCXQBQ,PROD111346,Life,101242,10,No Claim
CUSIPU69EEHKTLZ,PROD111348,Life,194507,22,No Claim
CUSYK4EV31F96JJ,PROD111352,Health,165773,18,No Claim
CUSXUDIHB38WRP5,PROD111354,Life,37108,22,No Claim
CUS1M88SWEK3OY7,PROD111358,Health,181154,20,No Claim
CUS7HIWPWU29PUG,PROD111359,Health,213234,10,No Claim
CUSFNGQYMF63CMQ,PROD111361,Health,162557,12,No Claim
CUSH4XHC1SIP5Q2,PROD111369,General,165781,20,No Claim
CUSWPEGDWAXPCD6,PROD111372,Health,92294,14,No Claim
CUSVYILHOLEKPOW,PROD111376,Life,72012,14,No Claim
907722448212,PROD111382,Life,49673,24,No Claim
CUSAHSF2WRB186W,PROD111391,Health,220831,25,No Claim
CUSSJ5XWUD8B73M,PROD111394,Health,187883,13,No Claim
CUSQV31UWB96YSG,PROD111400,Life,120202,10,No Claim
CUSON1UA4VMV45A,PROD111414,Life,80705,17,No Claim
CUSADZVTLBKENQO,PROD111416,General,110455,15,No Claim
CUSWIO1SYEX6SX9,PROD111418,General,115696,25,No Claim
CUSJORHPG6I6OD4,PROD111427,Life,124429,18,No Claim
CUSC63YQIYOUZ58,PROD111430,Life,52361,9,No Claim
CUSY6C8SY1ODXWT,PROD111447,General,149488,5,No Claim
CUS9HYS4XK0H2MY,PROD111453,Health,206342,17,No Claim
CUSE871I2W2DMMC,PROD111458,General,135203,5,Claim Filed
CUSRESTMUVRD0BP,PROD111461,General,126709,23,No Claim
CUSZT0KJ096P0T4,PROD111466,Health,202152,13,No Claim
242956694216,PROD111467,Health,139018,5,No Claim
CUSD9ACXLIWUFUX,PROD111470,Life,211046,5,No Claim
CUSEV9YN4XG8DKY,PROD111473,General,216446,7,No Claim
CUSTR645FEID9NP,PROD111476,General,177058,15,No Claim
CUSELK0BL1J3BHT,PROD111492,General,195014,24,No Claim
CUSS09OJG5OS6K9,PROD111499,Health,220028,15,No Claim
CUS1HW3GM7Q6LFJ,PROD111500,Health,221688,6,Claim Settled
CUSNDUQ0FX5E49H,PROD111503,Health,214900,15,No Claim
CUSF83FKZS25SB7,PROD111510,Life,73516,21,No Claim
CUSJKXQI4HXSR7S,PROD111516,Life,165765,16,No Claim
CUSBDXBDEHHD8WX,PROD111517,Life,216644,23,No Claim
CUSU9WT2YBUH7JY,PROD111523,Health,176900,12,No Claim
CUSU4V80W6HAIH7,PROD111524,Health,103583,9,No Claim
CUSCVL4TB6W7ADG,PROD111532,General,170980,11,No Claim
CUSC57HW7ZOG099,PROD111536,Life,245879,17,No Claim
CUSWS2GGLVO27TT,PROD111539,Life,66386,12,No Claim
CUSD6XKHR40BZ0P,PROD111541,Health,157758,8,No Claim
CUSSCF0T9JDCLPE,PROD111542,General,222670,14,No Claim
CUSNI747X202VMB,PROD111557,Health,154585,6,No Claim
452326950476,PROD111560,Life,51663,6,No Claim
CUSRJNXZPLRBI4P,PROD111567,Life,196008,9,No Claim
CUSO4NO6KT8HONA,PROD111575,Health,182201,16,No Claim
CUSGNRW7BVBJG0B,PROD111591,General,221533,14,No Claim
CUSYWF1GEHOTYLO,PROD111595,General,122115,20,No Claim
CUSOVRPSIII3NIG,PROD111597,General,222297,6,No Claim
CUSSN8L0UW6IK20,PROD111600,Health,68976,9,No Claim
CUS7MH1OPXEQW4M,PROD111604,Life,108083,24,No Claim
CUS9OFIVPA1650M,PROD111611,General,230884,24,No Claim
CUSXMFYA1K4L294,PROD111614,Health,152417,10,No Claim
CUSOHDHJO2D7G79,PROD111618,Health,78471,21,No Claim
CUS2FR03N0TZ3E9,PROD111619,Health,135681,11,No Claim
CUSXVGBE8VADJES,PROD111625,General,220712,25,No Claim
CUSEAFE9A6VDC07,PROD111627,General,113861,8,No Claim
CUSDGH3NAVYJ9BZ,PROD111635,General,32215,5,No Claim
CUSLFI06O0EOOGL,PROD111644,Life,62201,18,No Claim
CUSYMPEOHQCTUCX,PROD111649,Health,197710,23,No Claim
CUSH5U8C2ITBBUW,PROD111657,Health,175768,20,No Claim
CUSB5SAXUW4CXHY,PROD111662,Health,108825,15,Claim Settled
CUS9979XJCN2EUZ,PROD111664,General,99762,9,No Claim
CUSJAFBGN37OJZ5,PROD111670,Health,149298,18,No Claim
CUSUFL9LT496GFR,PROD111673,Life,226293,22,No Claim
861681996033,PROD111674,Life,140760,25,No Claim
116897564224,PROD111675,Life,60536,7,Claim Settled
CUSG78A03W5EP7N,PROD111690,General,139971,7,Claim Filed
CUSI9GQHQ319UBO,PROD111692,Life,37685,25,No Claim
CUSQQUQDFN34BZU,PROD111697,Life,102217,19,No Claim
CUSVPAYP4GZT935,PROD111699,Life,141671,7,No Claim
CUSXZE9G6PCV7F8,PROD111702,Health,210937,9,No Claim
CUSHMQ3LX8P8X26,PROD111704,General,99952,18,No Claim
CUSBUESF0Z07F4B,PROD111711,General,191822,23,No Claim
CUS8V2Z9YGYYZ0V,PROD111714,Health,231859,17,No Claim
CUS6XDOGTV60HX0,PROD111715,Health,233956,8,No Claim
CUSQQD0NADIBHNC,PROD111717,Health,113907,14,No Claim
CUSA0SBE0QPBPI8,PROD111723,General,206743,10,No Claim
CUSX7ZZ3KIE89O8,PROD111724,Health,244921,20,No Claim
CUSN311XVRCO0SD,PROD111727,Life,31297,19,No Claim
CUSYHHX2X5DAOK3,PROD111729,General,173415,22,No Claim
CUSR300BFO6VWYG,PROD111734,Health,182839,19,No Claim
CUSO4IBR45L06L8,PROD111743,Health,207864,15,No Claim
CUSLBRWLWS8DUOC,PROD111748,General,160578,8,No Claim
CUSGQX4HG66KCNB,PROD111751,General,178724,17,No Claim
CUS10EBCN74MFNM,PROD111752,Life,77633,25,No Claim
CUS94U6PFXDW9A5,PROD111753,General,99982,18,No Claim
CUS9RJEBY4JMUKF,PROD111764,Health,84361,15,No Claim
CUSZVG5AF5LE8ZB,PROD111766,General,128949,8,No Claim
CUSQX8QP5C5FN7B,PROD111768,Life,212612,16,No Claim
CUSUKBR3PT47XXA,PROD111774,Health,201081,7,No Claim
CUSLAJT9LK763MB,PROD111777,General,239482,22,No Claim
CUS7VAK2QXJT9OK,PROD111788,Health,119628,15,No Claim
CUSXAO6WD66MWAY,PROD111794,General,208830,19,No Claim
CUS4SYATMVD9JHB,PROD111797,Health,220818,6,No Claim
CUSAR0QBIFK981X,PROD111798,Health,171898,23,No Claim
CUS7OZ831YMN3KK,PROD111799,General,28668,11,No Claim
CUSU8ZEE8D4KLIE,PROD111800,Health,244702,6,No Claim
CUS3HOLDU7JPMMQ,PROD111801,Life,71698,18,No Claim
CUSYM9CR3QOSFSI,PROD111802,General,64234,17,No Claim
CUSK435GNGN9NUM,PROD111804,Life,48486,7,No Claim
CUS0C1RE1QOQDUL,PROD111807,Health,195578,23,No Claim
CUS2P96X4UE91QR,PROD111809,Health,50090,5,No Claim
CUSUC5LESWWXYP0,PROD111830,General,217130,19,No Claim
CUSGXKF0CFB0COD,PROD111831,Life,195299,13,No Claim
CUSKYRKHZ1ER9V4,PROD111835,Life,205086,20,No Claim
CUSFDACUXHKJ6Y8,PROD111847,Health,171410,10,No Claim
CUSYALTLFY0GOGY,PROD111852,General,37491,14,No Claim
CUSAQ73XH0QH5L2,PROD111853,Health,102564,7,No Claim
CUSVEA4MJIJSJ1W,PROD111863,Health,163385,16,No Claim
CUS3LSKJ861P68P,PROD111882,General,37534,11,No Claim
CUS4WVJ1AFOWKQQ,PROD111891,Health,228770,22,No Claim
CUSXWD3OECWKWO7,PROD111895,Health,63312,7,No Claim
CUSIFNRGDTO83FT,PROD111896,Life,133926,15,No Claim
CUS3YLTL8O3YCE8,PROD111903,Health,156996,11,No Claim
CUSK2SH6JDQQ5GE,PROD111904,Health,96309,9,No Claim
CUSMOFC4J39DF8F,PROD111905,Life,209254,16,Claim Filed
CUS752B620C4UZT,PROD111907,Health,123726,12,No Claim
CUSU96XR3PNVE4X,PROD111912,Health,69102,15,No Claim
CUS2RF0XV6GC5U6,PROD111925,General,171881,23,No Claim
CUSOGEH47OLB2Z1,PROD111935,General,71264,19,No Claim
CUSO1Y2NJP7O07E,PROD111936,General,88249,5,No Claim
CUSID41ICKBAK6F,PROD111957,Health,36330,8,No Claim
CUSUON3MAEDN6BF,PROD111960,Health,190884,6,No Claim
371147006830,PROD111962,General,181805,24,No Claim
666296205679,PROD111976,Health,202149,19,No Claim
CUSUD35ENM12BBC,PROD111977,Life,64106,24,No Claim
CUS57OXGU7DV6ZH,PROD111978,General,151074,11,No Claim
968661129801,PROD111982,General,70898,19,No Claim
CUSPP9OEVS1JR77,PROD111984,General,59231,19,No Claim
CUS3S3ZPZRWYY8E,PROD111987,General,29357,17,No Claim
CUSEEAMYFP9S8GK,PROD111991,General,215962,24,No Claim
CUSDOXYH53KF5GG,PROD111994,Life,208500,20,No Claim
CUSENNMEFHKN5IF,PROD111998,Life,107796,7,No Claim
CUS9RZUYBNJZA42,PROD112004,Life,64476,21,No Claim
CUSXWWJTQP05OJW,PROD112017,General,35887,25,No Claim
CUSJREMIJIKEE83,PROD112024,Life,244259,24,No Claim
CUSAPKX52TD2QYU,PROD112026,Health,202254,7,No Claim
CUSW4F5I4FM1ISX,PROD112036,General,61944,24,No Claim
CUSOI6UP711TNK5,PROD112039,Health,223167,18,No Claim
CUSLTJE72L43BS7,PROD112044,General,190122,23,No Claim
CUSFFLF9I4OE87B,PROD112049,General,73639,11,No Claim
CUSOKSVT2H6SD40,PROD112050,Health,46178,6,No Claim
CUSZ4D14F8LFEOD,PROD112060,Health,97782,5,No Claim
CUSQXYDTWDX5U2K,PROD112068,Health,105363,7,No Claim
CUSJT9EIC7SFDS0,PROD112076,Health,75646,14,No Claim
CUSA9ZPIG5CMHTB,PROD112077,General,25004,11,No Claim
CUS55UQUQOQPRY2,PROD112078,General,168023,14,No Claim
CUSUBMY6ISECEP9,PROD112083,General,238571,12,Claim Settled
CUS1LA0GJTTTQVO,PROD112084,Life,174345,16,No Claim
648190142432,PROD112085,Health,127593,9,No Claim
CUSM50073LA1TJZ,PROD112092,General,32173,25,No Claim
CUSQPVGQEE7F273,PROD112095,General,247114,11,No Claim
CUSTDQSEOUT3LNA,PROD112101,Health,53725,5,No Claim
CUSHQYCWIH5C3P2,PROD112104,Health,197330,5,No Claim
225852895523,PROD112105,General,198840,19,No Claim
CUS8X6IM1N0M6TD,PROD112106,Life,61178,19,No Claim
CUSPR5C8EVRBCRE,PROD112114,Life,86399,7,No Claim
CUSUV8V2LG7P6K7,PROD112116,Life,224589,8,No Claim
CUSF3O80C6VH4KM,PROD112118,Health,224382,22,No Claim
CUSPTEREQ5M5CH6,PROD112126,Life,166325,15,No Claim
CUSZ0SIDB3W9GLI,PROD112130,Health,74429,23,Claim Filed
CUSX4W3LNAEHPIT,PROD112137,General,243093,16,No Claim
CUSGMV39PIG43YH,PROD112158,Health,99838,6,No Claim
CUSLX82DW8J1LQ0,PROD112159,General,132296,9,No Claim
CUSPNECGGL4LQLE,PROD112161,Life,155445,11,No Claim
CUS472HE4UKTVV2,PROD112166,General,143480,25,No Claim
CUSTRH0524NII4Z,PROD112176,Life,45869,10,No Claim
CUSMNGD5LECZKL1,PROD112177,Health,59409,15,No Claim
534531033647,PROD112185,Life,133920,17,No Claim
CUSSVMT940IEFEV,PROD112186,Life,172479,6,No Claim
CUSX96514XKEEAI,PROD112215,Health,132169,17,No Claim
CUSAN0OY7GZU2NK,PROD112228,Life,239102,15,No Claim
CUSB42P31OGWRVZ,PROD112231,Life,197176,24,No Claim
CUSXLRMODUEAMNL,PROD112237,Life,222163,17,No Claim
CUSSMRGXE17NRPD,PROD112240,General,37935,5,No Claim
CUSUY8CLU5U3YDL,PROD112242,Health,28963,17,No Claim
CUSSKEIO7MNAE6M,PROD112243,Health,180636,13,No Claim
CUSRGPJQRUHHGXO,PROD112247,General,96597,10,No Claim
CUSGN9SLXSOL5TI,PROD112248,Health,88272,22,No Claim
CUSBYTVU3K4OAWF,PROD112252,Life,214369,6,No Claim
CUSGPL6SCRH9NPE,PROD112260,Health,88530,17,No Claim
CUSQ2882B9DQ6DM,PROD112267,Life,35400,22,No Claim
CUSM93MSX2NRH4R,PROD112281,Life,44694,18,No Claim
CUSBR9YVY0D6Y1V,PROD112292,General,62071,13,No Claim
CUSWE6URLX0CL5Y,PROD112306,General,27277,16,No Claim
CUS81A81VYLOCFA,PROD112310,General,136092,16,No Claim
CUS4HJK9RGJQNSC,PROD112329,General,159840,17,No Claim
CUSV7XGSRBKNCXB,PROD112335,Health,109049,12,Claim Settled
CUSMVGNGK756D22,PROD112349,Health,93787,23,No Claim
169632069655,PROD112357,General,44287,24,No Claim
CUSJGUOIQ68BMC3,PROD112360,Life,176789,22,Claim Filed
CUS82Z26J77XNUT,PROD112363,General,42296,9,No Claim
CUSK0JHVUFXMPRT,PROD112366,Health,209637,11,No Claim
CUSE942POOE7BUF,PROD112369,General,109616,10,No Claim
166500719098,PROD112370,Health,181427,15,No Claim
CUSO3O25LDQFEGR,PROD112375,Health,241202,20,No Claim
CUS049Y9Y2MJ8Q2,PROD112394,Health,100783,15,No Claim
CUSKG4REPUOC0KN,PROD112396,Life,147600,19,No Claim
CUSU8RJ3G2DMGR1,PROD112401,General,61475,19,No Claim
CUS7UE6F2SRB64X,PROD112402,Health,55009,9,No Claim
CUSXC6Y53QDNHTU,PROD112418,General,216168,16,No Claim
CUSOR63OYBNFWD3,PROD112421,General,248152,16,No Claim
CUSFMC8RDBPF8UM,PROD112423,Health,173024,17,No Claim
697683746007,PROD112424,General,207110,16,No Claim
CUSH2RSBYI47PCN,PROD112430,Life,182482,15,No Claim
CUSJF5IA2K9RR31,PROD112431,Health,48070,10,No Claim
CUS2AQGM15A7FO1,PROD112433,General,249541,22,No Claim
CUS7GU7IVJUBFAS,PROD112446,Life,151364,16,No Claim
CUSWZVZWL222L4T,PROD112448,General,77326,6,No Claim
CUS338XL6K6M8UA,PROD112450,Health,69954,12,No Claim
CUS9MLAYW7RTJVW,PROD112451,General,118273,11,No Claim
CUSXRGUSZGM6ZFZ,PROD112485,General,59892,21,No Claim
786881702005,PROD112494,General,115615,15,No Claim
CUS25ON3LT98GA4,PROD112500,Health,240961,5,No Claim
CUSY9A1IVS31EOD,PROD112508,Health,56029,17,No Claim
CUS2J1LVKIYTR4A,PROD112513,General,211551,7,No Claim
CUSXVBCVCNS4PQ6,PROD112518,Health,209781,16,No Claim
CUSH6FYJXC4LST3,PROD112524,Life,159169,23,No Claim
CUSHS8M4NSBNIFL,PROD112532,Health,208422,14,No Claim
CUSJJQODOK4FYQ4,PROD112539,Health,42623,24,No Claim
CUSSEVE3TBIR1WP,PROD112545,General,104237,23,No Claim
CUSIMDV2M43UVAX,PROD112548,Life,241415,15,No Claim
CUSQADK613328AA,PROD112549,Life,81461,20,No Claim
CUS8G9U770TW7HY,PROD112563,Life,101909,19,No Claim
CUS29I6KUZNQJ78,PROD112565,Life,164529,5,No Claim
CUSI0F2CGASX6AK,PROD112569,Health,136758,24,No Claim
CUSSP6PXR3J72S1,PROD112572,General,131184,7,No Claim
CUSE3G2WXNN3NED,PROD112574,Life,218917,19,No Claim
594839457686,PROD112577,General,135069,15,No Claim
500818125309,PROD112578,Health,88220,25,No Claim
CUS8VY2YDRANPXG,PROD112586,General,70139,9,No Claim
CUSKCB81TUDC8A1,PROD112598,Health,225256,20,No Claim
CUSNMYGZ2ED0FYD,PROD112604,Health,73658,16,No Claim
756510217451,PROD112609,Health,205318,11,No Claim
CUS5XK1SYF8Z1R5,PROD112621,General,189545,22,No Claim
CUS1462HWB5UWU8,PROD112635,Life,96284,12,No Claim
CUSAJ11GFD1TI1U,PROD112639,General,186346,22,No Claim
CUS7I3S7YXXAE1W,PROD112644,General,174111,7,No Claim
933382512015,PROD112645,Health,235880,10,Claim Settled
CUS3T8XW3VZ5C3U,PROD112651,Life,187610,7,No Claim
CUS6UZSN67A6SPQ,PROD112653,Life,131423,13,No Claim
CUSK435GNGN9NUM,PROD112654,Life,31636,25,No Claim
CUSX8L1AGGXESK5,PROD112665,General,204960,8,No Claim
CUSHKQTKA3N3E8N,PROD112668,General,202690,25,No Claim
CUSO81QV2JJD4TO,PROD112671,Health,153604,8,No Claim
CUS4PX9BHJJ3YK2,PROD112688,Health,132006,21,No Claim
CUSTGIW0YHJFWEK,PROD112690,Life,116166,13,No Claim
CUSKMANBK3ZMBL5,PROD112700,Life,88729,7,No Claim
CUSE0VX7ZMG7OJO,PROD112711,General,197440,5,No Claim
CUSHMIJU05U133M,PROD112714,General,217388,24,No Claim
CUSCHMEXLGHJXUV,PROD112715,Life,50084,9,No Claim
CUSOBW9SGET3M36,PROD112724,Health,33275,20,No Claim
CUS4Q3P9UDSWPBH,PROD112726,General,206687,20,No Claim
CUSB29OHFF8P5L2,PROD112743,Life,71639,8,No Claim
CUSBMQZC9TD2UDD,PROD112744,Health,104673,19,No Claim
948946041108,PROD112745,Life,143542,8,No Claim
CUSSY9VJDLENOQH,PROD112751,Life,133236,18,No Claim
659846498134,PROD112757,Life,174714,20,No Claim
CUSI4MVZPHE6LEL,PROD112760,Life,63453,18,No Claim
CUSMOTHJTXZT8IB,PROD112761,Life,211708,6,Claim Settled
CUS187D3EJXV32Q,PROD112766,Health,135614,24,No Claim
CUSL1G2UNDQUH7I,PROD112767,Life,206337,24,No Claim
CUSXSJNLYYVVWHV,PROD112769,Life,122422,22,No Claim
CUSGHJJLUMK3AIG,PROD112772,Life,191807,16,No Claim
CUSJYZOZWX67KJK,PROD112773,Life,135341,20,No Claim
CUSDYGNN5DFMMEV,PROD112775,Health,49764,11,No Claim
CUS6VHW3IV09X77,PROD112782,General,209426,12,No Claim
CUS3ZJFSYERAJFT,PROD112787,Health,28762,12,No Claim
CUS093G9F7K6NXS,PROD112789,General,25344,9,No Claim
CUSL5M5MC921A3H,PROD112801,General,130979,14,No Claim
CUSAVK658OV5E1H,PROD112804,General,227225,18,No Claim
CUS7SNJI5E622PA,PROD112805,General,109959,19,No Claim
CUS1USTSOLNOJEB,PROD112819,General,203231,21,No Claim
CUSN8T0G5X41N41,PROD112823,Life,177118,25,No Claim
CUS23TA015QR11R,PROD112830,General,35810,12,No Claim
CUSYDVSWU0NGU5Y,PROD112837,Health,247188,8,No Claim
CUSFGUE6IGTWIDR,PROD112842,Life,57487,24,No Claim
CUS7EEUJCOQHXDQ,PROD112857,General,125711,15,No Claim
CUSKSOEHP18NT99,PROD112860,Life,139152,23,No Claim
CUS46GENYGRIUXJ,PROD112862,Life,170995,10,No Claim
351779648362,PROD112863,General,209382,21,No Claim
CUS952VP4YCQZGS,PROD112864,Health,60635,20,No Claim
CUSW5UCM54GOHU5,PROD112871,Health,185675,23,No Claim
CUSQL709YIWSKD2,PROD112872,Health,44270,7,No Claim
CUSWP3Y94272FV2,PROD112875,Health,185434,6,No Claim
CUSX60BZNDYHDO3,PROD112877,General,164978,16,No Claim
CUSKZ1MKR3QE9RZ,PROD112878,Life,170936,22,No Claim
CUSK4MM6Y0QL5Z8,PROD112881,General,163144,24,No Claim
CUSDTH98WEDVAAT,PROD112891,Health,220225,9,No Claim
CUS8IV3ULDQZ0I4,PROD112896,Health,27834,9,No Claim
CUS7ISS1JY80LY5,PROD112904,General,71839,13,No Claim
CUSLZVUJTUJM5UT,PROD112906,Health,202159,23,No Claim
CUS6OQ92UWSLVVY,PROD112911,Health,145604,6,No Claim
CUSLQM4DFCZU81N,PROD112915,General,162866,19,No Claim
CUSMUHYCOOCYI66,PROD112927,Health,172399,25,No Claim
CUS8CPNE87VA36A,PROD112928,Life,97419,15,Claim Filed
CUS5BJ5D5E3H0Y4,PROD112929,General,157945,24,No Claim
CUS3DPXFZI1S3N1,PROD112935,General,78374,21,No Claim
716235229772,PROD112947,Health,133503,8,No Claim
CUSLDTZVDIW6OS8,PROD112955,General,193256,8,No Claim
CUSEWLIRNAS6O4C,PROD112957,General,129779,23,No Claim
CUSAC73PBSD5U6V,PROD112959,General,229679,6,No Claim
CUSUF9S3UQFQ33D,PROD112962,General,54219,20,No Claim
CUS50T0GDM5QXL8,PROD112966,Health,110333,12,No Claim
CUSW2AAF1KZTKDK,PROD112969,Life,48360,24,Claim Settled
CUSNUH5US5P0NOB,PROD112973,General,229689,6,No Claim
CUSB2E2TWD3P96P,PROD112978,Health,49400,7,No Claim
CUSYZCQ6C2H0NEI,PROD112981,Health,50041,12,Claim Filed
CUS2W2GTVHKR3GB,PROD112986,Life,82263,25,No Claim
CUSJCD3YRJX9YSR,PROD112987,General,121654,12,No Claim
CUSDI8S5RZQ6P4S,PROD112995,Health,143076,21,No Claim
CUSNIJCY0DWW3WB,PROD112996,Life,59820,14,No Claim
CUSHJWEFUJ4K4SP,PROD113014,General,217106,25,No Claim
676519349870,PROD113015,Health,179973,5,No Claim
969004354682,PROD113027,Life,80750,22,No Claim
CUS1RR5N8GW78VP,PROD113035,Health,113462,10,No Claim
CUSFYQYWO38FQLT,PROD113045,Life,93361,20,No Claim
CUS8PVZHSZ6J9I7,PROD113047,General,74334,18,No Claim
CUSM0I6BDDZY7SU,PROD113049,Health,157481,12,No Claim
CUSV2VD276Q6B25,PROD113050,Health,95773,11,No Claim
CUSGN0FBUYE8QR7,PROD113053,Life,100122,7,No Claim
CUSAEPCIVCLBH5N,PROD113054,Health,167298,5,No Claim
CUSC55LDW8B3H80,PROD113059,General,232619,12,No Claim
633419421091,PROD113064,General,91330,25,No Claim
874117381631,PROD113069,General,245880,22,No Claim
CUSTNXYRX7H299K,PROD113070,Life,205726,11,Claim Filed
CUSTU8GCOJCTIDK,PROD113071,Health,48244,16,No Claim
CUSX7409RCHGCY0,PROD113072,Health,60596,19,No Claim
CUSFMR6WFZAROHQ,PROD113076,Health,39790,20,No Claim
CUSE51WMJOXPX4M,PROD113077,General,89839,13,No Claim
CUSBT3RH9ORSGAQ,PROD113078,Life,152964,19,No Claim
CUSDHHZNGJRUBIZ,PROD113082,Life,161704,8,No Claim
CUSKPJETPF0EKW1,PROD113098,Health,34354,9,No Claim
916446613820,PROD113100,General,105694,24,No Claim
306570963880,PROD113102,Life,123601,14,No Claim
CUS0ZTHPFP38PHK,PROD113103,Health,118051,12,No Claim
CUSNCC9SY8VS48M,PROD113114,Life,204976,17,No Claim
CUSS3DLPHFYR3OA,PROD113116,General,239980,17,No Claim
CUSNCDB3LHJDV6O,PROD113119,Life,53013,14,No Claim
CUS3TFQCOWEEVX3,PROD113126,Health,133777,22,No Claim
CUS5N6LWV89RY0L,PROD113128,Health,143114,7,No Claim
CUSV4P9BCZO7D0L,PROD113131,General,100262,16,No Claim
CUSP6RR43SLZYC8,PROD113140,Health,102999,25,No Claim
CUSONOKR90FL9OV,PROD113143,Life,100378,19,No Claim
588150685942,PROD113144,Life,148930,11,No Claim
CUS6VF82DVLZQX1,PROD113147,Life,50996,19,No Claim
CUSLA890PM1MQJ5,PROD113151,Life,105383,15,No Claim
CUSDOY4Z69745EQ,PROD113159,General,62648,7,No Claim
214312110572,PROD113161,General,142858,19,No Claim
CUSA1EIPICERHNX,PROD113162,Health,123195,17,No Claim
CUSXLXF34K1IUOE,PROD113165,Health,128670,10,No Claim
CUS5M1VREK19SIM,PROD113166,Health,183228,19,No Claim
CUSZAOTJRDWHN7C,PROD113172,Life,144340,6,No Claim
CUS5NRXBBF73UEC,PROD113174,Health,54746,10,No Claim
CUS6RT1WT3F1853,PROD113182,Life,192251,7,No Claim
CUS0XZPC74M6ZHA,PROD113183,Health,83336,17,No Claim
CUS000MKX5RHTAP,PROD113196,General,126624,9,No Claim
CUS7RJBN9QB1JFE,PROD113200,Life,29408,17,No Claim
CUSQGPEZ4YWE54H,PROD113208,General,168115,8,No Claim
CUSGFNZK31FQQVH,PROD113213,General,95734,21,No Claim
213818233995,PROD113219,Life,149576,14,No Claim
CUSFG5PYJIALMDN,PROD113220,Life,230578,11,No Claim
CUSBM3XDXG2AR2B,PROD113221,General,34941,25,No Claim
CUSC3MJJBAFS6IO,PROD113225,Health,57349,21,No Claim
CUS0Z258WII7T9B,PROD113238,Health,146251,24,No Claim
CUSVUQ419943UN6,PROD113239,Life,95263,6,No Claim
CUS4BK045R9BXC9,PROD113240,Life,77126,18,No Claim
CUSJ88ASYPBGD7H,PROD113249,Life,249158,8,No Claim
CUS50UDFTEBYR4S,PROD113264,Health,97711,24,No Claim
CUS7AOLJC6T0GKG,PROD113275,Health,208871,11,No Claim
CUSEXQ9H114U6U1,PROD113280,Health,39063,12,No Claim
CUS61MLADZ6PW3Z,PROD113281,Life,199077,18,No Claim
CUS0R8ELSQMLF7U,PROD113284,Life,130035,18,No Claim
CUSLQ56XS6YC73I,PROD113294,General,131764,8,No Claim
CUSG0T4YBSP4YP1,PROD113298,Health,193562,11,No Claim
CUSWKXZ0ZWQGFMC,PROD113300,Life,159116,25,No Claim
CUSM0XOI0B4U4AM,PROD113301,Health,105031,10,No Claim
CUS5LLXIPL28JG5,PROD113303,General,238301,11,No Claim
CUS74WWTYZ5CFNA,PROD113308,General,115695,6,Claim Filed
CUSE1M8OK5N9WKP,PROD113317,Life,155597,23,No Claim
CUSWTCL41VGVDJ8,PROD113319,Life,57926,12,No Claim
CUSPXR803GONNYE,PROD113323,Life,208667,18,No Claim
CUSVS99VX5L69IY,PROD113329,General,73942,25,No Claim
CUSVHLJM6DAUHK6,PROD113339,Health,56321,15,Claim Settled
CUS10K55U0MDGAB,PROD113344,General,227702,17,No Claim
CUSBDO4VLMLZBD5,PROD113345,Life,230576,17,No Claim
CUS9TX7NBODBNUP,PROD113349,Health,164456,10,No Claim
CUSDETLQK0T7WUI,PROD113358,Health,77397,12,No Claim
CUSJ62SR4AA5A2C,PROD113360,Health,95808,13,No Claim
CUSRETEL70YVC4O,PROD113361,General,202229,10,No Claim
CUS5A6E4FD9WR7J,PROD113363,Life,227545,7,No Claim
656261156935,PROD113370,Health,170048,9,No Claim
CUSBX8NDVBFN7UN,PROD113378,General,152105,23,No Claim
CUS6IFJJFMJ73LX,PROD113388,Health,130035,15,No Claim
CUSYFGG4DI8B627,PROD113395,General,35939,6,No Claim
CUSB9AJRAQV7UH8,PROD113397,Life,120293,8,No Claim
CUSJPV3LR7DCUSB,PROD113401,Health,77696,17,No Claim
CUSRW5PBFCZNQA9,PROD113402,Life,49226,7,No Claim
CUS8LO0AHWA9TFA,PROD113404,Life,103655,23,No Claim
CUSUXGILUMQW4CZ,PROD113405,Life,26251,12,Claim Filed
CUSJPVWP8VO57KP,PROD113412,Health,59877,6,No Claim
CUSUIJLDLTGT5D2,PROD113423,Health,134463,24,No Claim
CUSBTOG8YL9QS3V,PROD113424,Health,129574,12,No Claim
CUSLS68MN3JLOGI,PROD113428,General,156124,6,No Claim
CUSLCORI32OKPAT,PROD113439,Health,143552,16,No Claim
168193270419,PROD113452,Life,104133,20,No Claim
CUSEQWANSV96M7H,PROD113456,Life,65885,16,No Claim
CUSFGXOKVR0I3RC,PROD113458,Health,119196,5,No Claim
CUSQFYZ83TZLW4H,PROD113460,Life,81505,6,No Claim
CUS3Z1YR10VE7UP,PROD113463,Life,95357,20,No Claim
CUSM4ZIFBABKWLL,PROD113475,Life,168809,17,No Claim
CUS7ZS8ZHZE6XDI,PROD113484,Health,121855,18,No Claim
258570573159,PROD113485,Health,28963,22,No Claim
CUSLNF2IDE49B8P,PROD113488,Health,230540,6,No Claim
CUSMD4LIYIZN3ZB,PROD113493,Life,111975,8,No Claim
CUSDZNFZASXDZJ1,PROD113495,Life,127897,25,No Claim
CUS4UQQT3034M4B,PROD113497,Health,224279,14,No Claim
CUSLN3D8BX9M0WG,PROD113503,Health,225916,23,No Claim
CUSYDQ4JEP4LSVS,PROD113505,Life,177633,22,No Claim
CUS7D1PT2W9VFGP,PROD113511,Health,134635,19,No Claim
630153214499,PROD113521,General,90815,11,No Claim
CUS1CMBF4W9W7LI,PROD113529,General,209400,10,No Claim
CUSINDXRJVPZVQL,PROD113534,Health,58550,16,No Claim
CUSCAQZ7RRZVBOI,PROD113543,General,64232,25,No Claim
CUSXV0M8F629AKF,PROD113545,Health,53998,5,No Claim
CUS6FTXDY2IA4WG,PROD113546,General,140417,19,No Claim
CUSX0TO7GOCPBGX,PROD113557,Life,106995,24,No Claim
CUS3JBCWA1WU94J,PROD113564,Life,27231,17,No Claim
CUSOP2GIJOD1W4I,PROD113569,General,66351,14,No Claim
CUSE2QGFQXKNI6R,PROD113570,Life,190713,19,No Claim
CUSE8B3UIMXGGQU,PROD113580,Life,214098,17,No Claim
CUS5RCKK3MVY2DZ,PROD113587,Health,104181,9,No Claim
CUS16D3ZN5ZUVRV,PROD113589,General,126042,25,No Claim
CUSFRQU9RG9T4DS,PROD113592,General,35264,19,No Claim
231339466372,PROD113593,General,80600,11,No Claim
CUS8IFQ12PQQXSJ,PROD113595,General,133873,16,No Claim
CUSK4CWK91UKJFA,PROD113600,General,95722,24,No Claim
CUSB7JT2AXWQOLN,PROD113611,Health,242587,19,No Claim
CUSOTKUNURLQ17D,PROD113620,Health,67646,8,No Claim
CUS6OE3L3RD8L4B,PROD113638,Life,224992,17,No Claim
CUSGQ82GXB90L63,PROD113659,Health,247725,20,No Claim
CUSSW56385WXWXL,PROD113660,Health,88002,25,No Claim
CUSSQSIOL8GB328,PROD113665,General,227203,25,No Claim
CUSGYHD705MOR2T,PROD113670,General,248502,12,No Claim
CUSSGJOCUBP69Q3,PROD113683,Health,86180,7,No Claim
CUSUMD58TXBNA1E,PROD113700,Health,146583,23,No Claim
CUSNKF2YMS87JR1,PROD113701,General,181200,17,No Claim
194989069262,PROD113703,Health,198471,17,No Claim
CUS9ADH88AH19KE,PROD113706,Health,29578,15,No Claim
CUSCMDIP9DI2MX3,PROD113707,Health,231763,17,No Claim
CUSJX42EH0QBVRP,PROD113718,Health,213887,19,No Claim
CUSG3RJM7VUQP5S,PROD113719,Life,75206,10,No Claim
CUS23HAQRADETCJ,PROD113726,Life,137411,15,No Claim
CUSDNHQNSQ8RGFT,PROD113728,General,222728,18,No Claim
CUSD1RRDUZBQFVK,PROD113729,Life,183115,11,No Claim
CUSRHL3X151EPAK,PROD113734,General,243656,17,No Claim
CUSGE4H0C0DC59D,PROD113736,General,199331,19,No Claim
CUSIQNXT5KZ40AV,PROD113737,Health,60002,9,No Claim
CUS7E6ZC2CBMSDC,PROD113739,Life,155400,6,No Claim
CUS5OYVTQAMVRWB,PROD113741,Health,193766,6,No Claim
553486170471,PROD113742,Life,240241,17,No Claim
CUSQ4ULWLHPLGKN,PROD113750,Health,123092,25,No Claim
CUSWF1M2ILJ21OS,PROD113753,Life,60295,14,No Claim
CUSZC4BR2WLTSZF,PROD113764,Health,207204,25,No Claim
CUSKQTYDB90MTXL,PROD113767,Health,156302,9,No Claim
CUSICXOMDT7GXE5,PROD113768,Health,155033,18,No Claim
CUSG9S2VVCQQZKV,PROD113771,Life,108725,12,No Claim
CUSPCSD9DM2ETKS,PROD113784,Life,64651,9,No Claim
CUS0DX8ZK739P5A,PROD113785,Health,233148,25,No Claim
CUSQVUBQEZQJPAL,PROD113787,Health,118680,19,Claim Settled
CUSAGEJILA54H25,PROD113793,Health,146912,12,No Claim
577136717696,PROD113799,General,62033,5,No Claim
CUS1S6XO422QT5Z,PROD113802,Life,191763,8,No Claim
CUSGHWLGQOYM8BS,PROD113804,Life,173748,13,No Claim
CUSFQVYF5JPRILV,PROD113805,Life,48428,17,No Claim
CUS8WAE7YDXKTRR,PROD113806,General,87054,19,No Claim
CUSITG7GN3D0BDO,PROD113809,General,188015,16,No Claim
CUST8W5SER6JN3E,PROD113813,General,194960,25,No Claim
CUSYTONG8XKVF7K,PROD113820,Life,245390,17,No Claim
CUSFQZQ02PL9IMT,PROD113825,Health,194699,6,No Claim
CUSP34NBA3983IF,PROD113827,General,118230,16,No Claim
CUS3QLPDL78D66N,PROD113830,Health,90491,5,No Claim
CUS8YHD6WBM8MIK,PROD113834,Health,239904,12,No Claim
CUSAGF4OC0BOL90,PROD113843,General,59982,15,No Claim
CUSDFDAS53AVR2I,PROD113847,Life,163306,14,No Claim
CUS6MF5QAFS4H6S,PROD113854,General,88937,15,No Claim
231980254570,PROD113858,Health,175539,10,No Claim
CUSM41RD9B930CJ,PROD113862,Health,52483,20,No Claim
CUSUT9YB5CMVXLG,PROD113865,Life,69112,19,No Claim
CUS1IS9KCBJUM6U,PROD113867,Life,166458,10,No Claim
CUSOMAFGFZYO6WC,PROD113874,General,67066,20,No Claim
CUSAEUCNI2E44RD,PROD113876,Health,111230,20,No Claim
CUSQ1QWSHZYGSPR,PROD113884,General,202378,19,No Claim
CUS3MN4EQ74SQAK,PROD113890,Life,124437,12,No Claim
CUSWN4KFA50NF9Q,PROD113891,General,63807,17,Claim Filed
421571272246,PROD113892,Life,129742,24,No Claim
CUSB2JESEH8DB9G,PROD113899,Life,28318,24,No Claim
CUSL3MHBJQF77ZD,PROD113902,General,72053,22,No Claim
CUSRP49NKRINI72,PROD113909,Life,97678,7,No Claim
CUSZ8FTNSZMQV37,PROD113911,Health,108712,19,No Claim
CUSWC2I4OBN6X95,PROD113914,General,50118,12,No Claim
CUSMY2HXSUU6WF4,PROD113925,Life,167835,12,No Claim
CUSET2AZKEB9UTD,PROD113937,General,156019,9,No Claim
CUSK5NSK7EHWI6Y,PROD113940,General,179913,10,No Claim
CUS9JXYX7W3UFPZ,PROD113946,Health,90520,10,No Claim
CUS65USJHD0LXDH,PROD113950,Life,195170,22,No Claim
CUS1RUWEHYI6OI5,PROD113953,Life,76624,7,No Claim
CUSC7N0IXB0XEIF,PROD113955,General,81793,11,No Claim
CUS3UYREKPZ46VX,PROD113957,General,208184,7,No Claim
CUSA676EQ9KHKY1,PROD113963,Health,91282,22,No Claim
797955841536,PROD113975,Life,59200,8,No Claim
CUSGP4DXKY894QU,PROD113976,Life,157752,15,No Claim
CUSS2RYDCOB443H,PROD113984,Health,31430,14,No Claim
CUS3RQMYJAA6SED,PROD113998,Health,48113,21,No Claim
CUS9TP8UO4OE87Q,PROD113999,Health,179898,6,Claim Settled
CUS46LJQLOAYSRK,PROD114004,Health,95704,21,No Claim
CUSYZ3WDTW6FPH2,PROD114006,Health,166895,12,No Claim
CUS4JRAVAQXYFFT,PROD114009,Life,216058,9,No Claim
CUSWMYS4C3K5N3P,PROD114010,General,137371,20,No Claim
CUSUDF0RV1N9JKA,PROD114013,Life,81612,21,No Claim
CUSBHGWLS7IB1SB,PROD114025,Life,243619,10,No Claim
511840314467,PROD114035,Life,172931,23,No Claim
181258960676,PROD114046,Life,61824,22,No Claim
CUSIX8TMR1SV4KL,PROD114047,General,234918,11,No Claim
CUSFEL17OI66JK2,PROD114054,General,213487,21,No Claim
CUSEDF7C48X8W5C,PROD114056,Life,196949,25,No Claim
CUS4D8DE2O5T93R,PROD114057,General,176283,20,No Claim
CUS92ELCII4J96S,PROD114061,General,205125,21,No Claim
CUS0OAZKH1XT8WC,PROD114065,General,153040,7,Claim Filed
185614898200,PROD114071,Life,211192,20,No Claim
CUSF1M13NK7SJHS,PROD114075,General,181269,18,No Claim
CUS55RAI9EXZ7AL,PROD114079,Health,57971,23,No Claim
CUSOEV1ZBBMYTOX,PROD114080,Health,197332,16,No Claim
962954432307,PROD114083,Health,141930,14,No Claim
CUSFLD6HJB653FY,PROD114084,General,168210,16,No Claim
CUSXUQMY3X5PHEI,PROD114088,General,58876,9,No Claim
291783963809,PROD114092,General,182897,16,No Claim
CUSCTJM5O43RQCU,PROD114093,Life,223871,14,No Claim
CUSDIARQHLKT35C,PROD114098,Life,194038,14,No Claim
CUS0D6PBFN6TCEU,PROD114101,Health,54175,20,Claim Settled
CUSU16T0L04A1MG,PROD114103,Life,117912,5,Claim Settled
CUSYDCTWITLNFGF,PROD114105,Life,98781,17,No Claim
CUS4HCQT1SK3HFW,PROD114106,Life,118636,20,No Claim
CUSN8Y5GG3ISQNK,PROD114107,Health,225175,15,No Claim
CUS58FUFVPQP147,PROD114109,General,47198,22,No Claim
CUSMMDXUYFNMMS6,PROD114110,Health,93244,6,No Claim
CUS9WI1D8VS5F99,PROD114116,Health,211319,9,No Claim
CUSYG6D93WD6OCS,PROD114123,Health,178429,6,No Claim
CUSSY52YWMPNK4H,PROD114127,General,193130,20,No Claim
CUSCROUX5MHB6QY,PROD114128,Life,212684,13,No Claim
CUS8WR5EG8R1S11,PROD114133,General,26482,19,No Claim
CUSP60AP8QCJH86,PROD114134,Health,145434,15,No Claim
699052235571,PROD114135,Life,89242,13,No Claim
CUSXJP5EENMRRCV,PROD114142,Health,183011,17,No Claim
CUS8T51KX8LM2QR,PROD114145,Life,138153,14,No Claim
CUS7ZNVBL9M12WJ,PROD114147,Health,169032,23,No Claim
CUSPPPSO6Z4VWW0,PROD114156,Health,112567,10,No Claim
CUSIEHD516DJ3PP,PROD114160,Health,91498,12,No Claim
759397531959,PROD114162,Life,239165,8,No Claim
CUS5NNUWORJ00GP,PROD114166,Health,81158,9,No Claim
CUSNRZV9PI648J4,PROD114168,Life,158782,11,No Claim
CUSAWS9JJ21I3U7,PROD114173,Life,204789,6,No Claim
CUSGYNKIV90H7JA,PROD114181,General,110498,25,No Claim
CUSPQZFO30X8BNM,PROD114184,General,204853,10,Claim Settled
CUS4YJDKEI5QFQ6,PROD114187,General,151720,14,No Claim
CUSADU6EM7I33QK,PROD114190,Health,134554,23,No Claim
CUSEA8Z4VB75PMR,PROD114192,Health,114192,5,No Claim
CUSTVJYFOFZH60V,PROD114194,General,117942,19,No Claim
696353908728,PROD114207,General,137910,23,No Claim
CUSITG8GTZSUQZB,PROD114213,Health,74159,11,No Claim
CUSRCCEMFQ7TFNK,PROD114224,General,203492,13,No Claim
CUSO4QAZ32LWZ6O,PROD114229,General,137377,8,No Claim
CUSDL4MF2ZZTA72,PROD114237,General,83923,12,No Claim
CUSRX2FRKODZJI8,PROD114241,General,78307,7,No Claim
CUSWN8AARD7DQ8V,PROD114248,Health,102295,17,No Claim
CUSWPTNXC7W08L8,PROD114250,Life,174570,16,No Claim
CUSGO190O05GISN,PROD114259,Health,145592,15,No Claim
CUSCXPEOA6BHITU,PROD114266,Life,49164,23,No Claim
CUS3QOTUQR0ENOS,PROD114267,General,35024,18,No Claim
CUS8XQYW4TGI58M,PROD114278,General,110407,22,No Claim
CUSITG8GTZSUQZB,PROD114285,Life,100243,11,No Claim
CUSMBTUHLJYGYAS,PROD114286,Health,169913,12,No Claim
CUS638AFA5V6KQO,PROD114305,General,116497,14,No Claim
CUSF6SFWWQDZC18,PROD114307,Life,196536,14,No Claim
773368881751,PROD114310,Health,187315,6,No Claim
CUSAMQDPHV3RUIS,PROD114322,General,219822,15,Claim Filed
CUSS2IUITZY2TJX,PROD114325,Health,77045,11,No Claim
CUSAB2RBNA7TI8Q,PROD114327,Life,81728,9,No Claim
CUSE5CB6ZF7RXVS,PROD114333,General,72511,22,No Claim
CUSHHOA520IW8GN,PROD114335,Life,66585,15,No Claim
CUS8DT6U7PQVSDY,PROD114343,Health,156494,20,No Claim
CUS13H4UXNX1XH4,PROD114345,General,212228,23,No Claim
CUSJ1T3ADB56EN6,PROD114346,Health,177297,15,No Claim
CUSPJKC9STETGIX,PROD114356,General,38587,6,No Claim
CUSOL77BJ9L40MS,PROD114359,General,70046,14,No Claim
CUSRS77X7CFDJH1,PROD114365,General,71635,5,No Claim
CUST61G1N48XQSX,PROD114375,Life,186200,15,No Claim
CUSZG8NGTKT8YT6,PROD114377,Life,202271,14,No Claim
CUSE51T2KLAUIAI,PROD114381,Life,237791,15,Claim Filed
CUSW6F4XL7ILQJ6,PROD114388,Health,188178,21,No Claim
CUSJ8IJUMDDQG6X,PROD114393,Health,36907,9,No Claim
CUSFJ05U5IFXY0R,PROD114395,Health,213863,25,No Claim
CUS3WQ07CL8WP44,PROD114398,Life,71832,7,No Claim
CUSEO4PNEK0F4R1,PROD114406,Life,213820,16,No Claim
124711280321,PROD114410,General,151178,17,No Claim
CUSZQNKRIHRIYQC,PROD114412,Health,163126,19,No Claim
CUSP1H1FNAPNHYD,PROD114413,General,56858,23,No Claim
CUSFZRQPB1J2O9Z,PROD114418,Health,63268,9,No Claim
CUS1OPS4M5DYLXW,PROD114425,Life,157702,23,No Claim
CUSK2NLT8DTM4VX,PROD114429,Health,233185,10,No Claim
CUSFRKR5K7LAJ18,PROD114438,General,246215,13,Claim Filed
CUSUOULV7UELSZ7,PROD114441,Life,127803,25,No Claim
CUSO9HJUML5CBXU,PROD114446,General,249094,16,No Claim
CUS0ESUE528VKLP,PROD114448,Health,69294,25,No Claim
CUS1ROIXXW4L4TQ,PROD114450,General,89785,22,No Claim
CUSAV7F5YQSIBTP,PROD114453,General,57585,18,No Claim
CUSZ32H3PK7N3PW,PROD114455,General,110550,24,No Claim
CUS5HILEJQOQ99P,PROD114457,General,47663,23,No Claim
CUS2ZH8XLPYK3QW,PROD114458,Health,225572,19,No Claim
CUS8K2BAHZMUT4C,PROD114464,Life,239070,13,No Claim
CUSZGDBGBWF84PU,PROD114467,General,49675,17,No Claim
CUSLW5L4RMVVNXI,PROD114479,General,245782,19,No Claim
CUSHXERDBF26X82,PROD114481,Health,137104,9,No Claim
CUSHKW3R887FN1Y,PROD114490,Life,94970,22,No Claim
CUS1WQQOQSD8P4X,PROD114495,Health,193016,23,Claim Filed
CUS1SM4DTP3KGJ4,PROD114502,Health,165924,13,No Claim
CUSXNYVE7L28D8S,PROD114508,Health,60644,24,No Claim
CUS87RCZM0P5VNX,PROD114509,Life,189728,24,Claim Filed
CUSL7LGCERKGV3B,PROD114518,Health,84772,25,No Claim
CUSYHMZ657H8XOK,PROD114519,Life,191845,21,No Claim
CUSE3OPPVQW2LO6,PROD114525,Health,217719,8,No Claim
CUS2GSX9OA2EO4C,PROD114528,Life,217493,12,No Claim
352246158165,PROD114532,Health,61592,13,No Claim
CUSGLC2UTS9GLEJ,PROD114534,Life,74396,18,No Claim
CUS851VQ0JWNAO4,PROD114539,Health,147625,5,No Claim
CUSU1X9G5JVAPJY,PROD114545,Health,59365,9,No Claim
CUSIN2O2M10Z6O0,PROD114549,Life,207821,23,No Claim
CUS50OSO6TRHMQ3,PROD114559,Health,50081,10,No Claim
CUSZWG1OS6P644L,PROD114562,General,227507,23,No Claim
CUSJOIEZZG6DLMF,PROD114572,Life,71576,22,No Claim
CUS9PE5CY8ZF84Q,PROD114580,Life,104206,19,No Claim
CUSCPLIQ4I2MTRI,PROD114593,Health,69212,19,No Claim
CUSYQPX17NQGFXR,PROD114595,Health,224906,20,No Claim
CUSUR2WSU6716EF,PROD114597,General,52631,24,No Claim
CUS4WRT6P45OA2F,PROD114599,Life,94449,8,No Claim
CUSYOGPSKY885BD,PROD114605,Life,191334,19,No Claim
CUS1OTCOW9YXGQ2,PROD114615,Life,134614,13,No Claim
CUSXU8VOP0CRBL2,PROD114619,Life,76747,13,No Claim
CUS9WQ9OCZDBTR6,PROD114620,Health,117830,18,No Claim
CUSRD3WC7BQDRQC,PROD114650,Life,107731,18,No Claim
CUS158OQESUX9L0,PROD114654,General,203293,5,No Claim
CUS7ZNY0S3XJ06I,PROD114655,Health,198454,22,No Claim
CUSFX6ZKSE0INHW,PROD114670,General,44028,6,No Claim
CUSNQBT5YPZPYZW,PROD114673,Health,216763,16,No Claim
CUSHSJZPOPECWXG,PROD114676,General,35083,17,No Claim
CUSD7HGHU5DB4CX,PROD114677,Life,130323,17,No Claim
CUS08BHKXU3XIB5,PROD114688,Health,128182,23,No Claim
CUSHVRXPFU530LP,PROD114692,Health,69311,20,No Claim
CUSEOFQU1F4HO0M,PROD114696,Health,134229,6,Claim Settled
CUS6F5UECZ93JVM,PROD114702,General,153007,23,No Claim
CUSYMEGK3VCFT7P,PROD114710,General,215761,13,No Claim
CUSIHWPRS0E60PL,PROD114712,Health,109929,14,No Claim
CUSSGR09R19F9WB,PROD114713,Health,163701,10,No Claim
CUS9CALL2LD4RHY,PROD114716,Life,193969,24,No Claim
CUSV4A70D6QC196,PROD114725,General,219803,11,Claim Settled
398002951111,PROD114727,Health,37508,25,No Claim
CUSNHJG0WB2MURG,PROD114729,General,166926,14,No Claim
CUSL5G0XSY2OQJ9,PROD114732,Health,31929,25,No Claim
CUS62JWTJY7PI3W,PROD114742,Life,100103,10,No Claim
CUSPRUDW8T0CCUW,PROD114746,Life,94523,22,No Claim
CUSIGBZMAJB9KLE,PROD114747,Life,218407,23,No Claim
CUSBV8H4HF78U1D,PROD114766,Life,88943,15,No Claim
CUSD4AYDE8BHK0I,PROD114768,Life,106248,7,No Claim
CUST30XH2YBIYRU,PROD114777,General,110369,9,No Claim
CUSPKIMPHWAPW80,PROD114782,Life,221665,8,No Claim
CUSZE2V08I2NTRJ,PROD114783,Life,46946,7,No Claim
CUSXVNLVXKICVUD,PROD114784,General,158768,25,No Claim
CUSJ577RJOAUKJ4,PROD114785,Health,139450,14,No Claim
CUSBPDDV003KGYL,PROD114794,General,34748,19,No Claim
CUSTWMIAF0U89OU,PROD114797,General,57190,15,No Claim
CUSVXBPRGUEOX1I,PROD114801,Health,220283,8,No Claim
CUS61J70YHLMJQP,PROD114809,Health,64720,18,No Claim
399554431852,PROD114818,Life,86269,17,No Claim
CUS115ZG80ZWVHY,PROD114820,General,88627,17,No Claim
CUSB6OFBEII9M4Z,PROD114832,General,162908,5,No Claim
CUSXYNOH6O62P5I,PROD114836,Life,151379,20,No Claim
CUSQWLQB8KH4PJY,PROD114840,Life,249378,10,No Claim
185193637516,PROD114845,Health,231263,20,No Claim
CUS8XC0900I4U6J,PROD114850,Life,210004,16,Claim Filed
CUSFXQ3U0GSODR7,PROD114854,Health,176545,5,No Claim
CUS05Q6RY5CTVI8,PROD114862,General,226803,14,No Claim
CUSTFEJS2UX1IVD,PROD114865,General,35549,10,No Claim
CUS99R10Z6YNCBA,PROD114869,Health,89786,14,No Claim
CUSO052V4ZPYEHC,PROD114872,Life,242722,14,No Claim
CUS95ZR7V2X1AEU,PROD114881,General,121410,18,No Claim
CUSUVULEMX15Z8V,PROD114890,Health,95260,13,Claim Settled
CUSH63175PDQIDI,PROD114896,Health,33539,22,No Claim
CUS34BEIJ77CRIC,PROD114897,Health,60949,16,No Claim
CUSO2I52I339EOM,PROD114901,Health,93585,17,No Claim
CUS12WUW60N330P,PROD114910,General,134121,22,No Claim
CUSR0EZD8UCU9SV,PROD114912,Health,128561,21,No Claim
CUS5022BUO3FM3W,PROD114918,General,135649,9,No Claim
CUSMIM3VGWCILXM,PROD114926,Health,111546,25,No Claim
CUSIJG6L3ZICQ5I,PROD114928,Health,182703,25,No Claim
CUSXKRRYWRDKKNE,PROD114933,Health,60476,16,No Claim
807901082052,PROD114935,General,99933,19,No Claim
CUSSYYBBQ8Z1PGJ,PROD114941,Life,102595,15,No Claim
105940607325,PROD114946,Health,153949,15,No Claim
CUSN7G91VO835R8,PROD114952,General,143120,24,No Claim
CUSZU2OASW7BP3R,PROD114954,General,209442,10,No Claim
CUSXRWEF5YB808S,PROD114958,General,228862,25,Claim Settled
647445698047,PROD114963,Health,60902,9,Claim Settled
CUSFZDQYOY4M0AO,PROD114970,Health,58614,16,No Claim
299041008402,PROD114972,General,61645,7,No Claim
CUS4NIHEUXPSGNE,PROD114980,Health,155703,6,No Claim
CUS150GA12UH23H,PROD114982,Health,240787,11,No Claim
CUS0ZGSZCFESCM9,PROD114983,Health,141105,6,No Claim
CUSQNK44T0FR9VR,PROD114985,Life,249090,20,No Claim
CUS6EZZY03UXBPH,PROD114987,Health,138123,25,No Claim
CUSK548PSI5T6QC,PROD114997,Health,141810,8,No Claim
CUSUMQFTPI81HWB,PROD115002,General,165137,10,No Claim
CUSSQ87TNCF7164,PROD115022,Health,87989,13,No Claim
CUSTWX9NYITBC7Y,PROD115037,Life,231424,15,No Claim
CUS0CM12BRVYQ8W,PROD115054,General,169678,8,No Claim
CUSXGDH3U0RCOFE,PROD115059,General,52152,23,No Claim
CUSKLSRE4527RE8,PROD115067,Health,59069,8,No Claim
CUS6ZL9E4WJUEDK,PROD115070,General,72938,17,No Claim
CUSSSO707CM6PX6,PROD115074,Life,99385,15,No Claim
CUSUUQW3BCINZPD,PROD115080,Health,154159,19,No Claim
CUSTE3I453W0W98,PROD115086,Life,46343,24,No Claim
CUS1T18Y2WNL6GW,PROD115088,General,208940,15,No Claim
CUSAV9C338U6ASM,PROD115093,Health,165569,14,No Claim
CUSL43I4F0BJUBZ,PROD115095,General,199568,14,No Claim
CUSNZXVSQE77MJ2,PROD115097,Health,229198,5,No Claim
412633843738,PROD115104,General,53331,19,No Claim
CUSMMYLF138PITS,PROD115105,Life,195654,17,No Claim
CUSFRXDF3JLB4II,PROD115114,Health,70026,9,No Claim
CUSHLKPJG9NK4MI,PROD115115,General,50785,24,No Claim
CUSIIAGGCK382UH,PROD115116,Health,190796,23,No Claim
CUSPWGTCNLAJ3JR,PROD115117,Life,32122,9,No Claim
CUSUCILM1GWLEDN,PROD115118,Life,172404,25,No Claim
CUSNMPGG0Q15FX5,PROD115128,Life,188210,11,No Claim
CUSOUYUB87WXAAE,PROD115137,General,246826,23,No Claim
CUSBBQOQISA2GIH,PROD115141,Health,108209,21,No Claim
CUS6VAOWY4PQ8OE,PROD115145,General,72646,14,Claim Settled
CUSEJSKTGQ2D2G0,PROD115151,Health,241993,19,No Claim
CUS0SFBKJB9R20R,PROD115164,Health,59809,17,No Claim
CUSC9H8FUB9PBKU,PROD115171,General,178012,5,No Claim
CUS5TIXYN7C4ULG,PROD115177,General,127485,20,No Claim
CUS20HKRIAOI4PZ,PROD115184,General,31998,19,No Claim
CUS07SJXDGCY84L,PROD115189,Health,165806,22,No Claim
CUS0MFN4VKYK0V2,PROD115200,Life,241138,17,No Claim
CUSL5SE9RLGDJ7W,PROD115203,General,75902,5,No Claim
CUS1Q5OX5EECULB,PROD115208,Life,208348,13,No Claim
CUSER3EXT497R66,PROD115212,General,133025,16,Claim Settled
CUSXIXZYDZMUA2C,PROD115215,General,55201,15,No Claim
CUSZA239YCH1ISL,PROD115222,Life,164886,10,No Claim
CUSNXMQHLYPPGPR,PROD115237,General,70934,23,No Claim
CUS0KR7DOB261JX,PROD115238,Health,109175,17,Claim Filed
CUSG11XL2Z050OV,PROD115240,Life,77540,23,No Claim
CUS1OLIKV8O3M9K,PROD115243,Life,47122,10,No Claim
CUS4E6BTONWZRSR,PROD115268,General,246756,24,No Claim
CUSTPDKDNZ1RKBG,PROD115269,General,63544,5,No Claim
CUSU2P8XLW7CIU0,PROD115277,Life,101556,9,No Claim
CUSQ1SYLK1L197V,PROD115278,General,152595,11,No Claim
CUS2JUMJI9696UY,PROD115279,General,147243,25,No Claim
CUSHAY6EIRZCVQ7,PROD115282,Life,70255,7,No Claim
CUS794Y2WK7245M,PROD115285,Life,201884,7,No Claim
CUSWO07B84M34TU,PROD115289,Health,36795,8,No Claim
CUSNTFZLFD94X6O,PROD115302,Life,82724,14,No Claim
122790357075,PROD115311,Life,211509,17,No Claim
CUSYTN0DHR7ZQPB,PROD115313,General,188978,7,No Claim
CUSYMPEOHQCTUCX,PROD115327,Life,185056,24,No Claim
CUS29QDVK6FWVR9,PROD115337,Life,176214,6,No Claim
CUSZISWZ734B1E5,PROD115338,Health,111268,20,No Claim
CUS2U501Y5GIZY9,PROD115341,Health,199052,16,No Claim
CUS6GLAF48QSZRX,PROD115351,Health,52744,16,No Claim
121509392863,PROD115357,Life,49216,5,No Claim
529693761101,PROD115380,General,234146,24,No Claim
CUSIJO94KCT05H9,PROD115381,Health,151542,9,No Claim
CUSHLC3HI9K76M5,PROD115385,Health,64045,20,No Claim
CUSARVG5B5O99Q6,PROD115387,Life,64470,10,No Claim
CUSZTJNTPBEZGM4,PROD115403,General,46375,24,No Claim
CUSZP36SQYSTMNI,PROD115405,General,146714,14,No Claim
CUS43UUYALJONBD,PROD115411,Health,177918,20,No Claim
CUSOS1R7DWBIAQE,PROD115427,Life,158429,19,No Claim
881687402550,PROD115435,Life,119537,11,No Claim
CUSXVY9Q8UMBJER,PROD115437,Life,52180,25,No Claim
CUSGRUKB7HTF7F7,PROD115451,Life,35320,12,No Claim
CUSSXLI45JPSH06,PROD115454,General,86046,16,No Claim
CUSTIGZ2RGCJWUW,PROD115460,Life,153788,7,No Claim
CUS12I50U1JOL8A,PROD115468,Health,194219,21,Claim Settled
CUSBT68OXWGG6IV,PROD115475,General,69101,14,No Claim
CUSHHZVUYFK1PVS,PROD115490,General,162811,23,No Claim
CUS0FP54WB2CVB6,PROD115493,Health,126659,9,No Claim
CUSSR90USVVQAA1,PROD115495,Health,42190,15,No Claim
CUSHUL3RXSYL30K,PROD115496,General,186623,11,No Claim
CUSVP0B1L9COYJZ,PROD115499,General,200163,17,No Claim
379193658085,PROD115500,Health,234782,25,No Claim
CUS84IWS4TIVSUP,PROD115516,Health,146594,13,No Claim
CUSQIE5EKNE4CAQ,PROD115517,Health,219144,18,No Claim
CUSXC48GDXLAF30,PROD115522,General,168577,10,No Claim
CUSKDXLYP49BM8U,PROD115524,General,31275,9,No Claim
CUSDWYTTJ8IU1PZ,PROD115531,Life,28094,12,No Claim
CUSC1FJOTG6JNA9,PROD115537,Life,164037,25,No Claim
CUSL2ROLSRPLP0D,PROD115544,General,60808,20,No Claim
CUSC173BN4QUZ06,PROD115547,Health,178295,6,No Claim
913284930272,PROD115549,General,170947,15,No Claim
CUSQMYCGY5CQCTM,PROD115554,Life,96469,12,No Claim
CUSYZMBL5F3088B,PROD115557,Life,134131,21,No Claim
CUSUUOMIPFQ78SA,PROD115562,General,57992,18,No Claim
CUSZ7SOED56IZW9,PROD115563,Health,59764,17,No Claim
CUSNANN67CPFFSI,PROD115567,Life,195569,22,No Claim
CUSTX8LU725VY9L,PROD115578,Health,110395,24,Claim Filed
CUSKF4AGRI3WOJE,PROD115581,Life,45464,13,No Claim
CUSFLNIBEEWFDN2,PROD115585,Health,203845,15,No Claim
CUS95R7U89I8PIU,PROD115588,Health,162034,24,No Claim
CUS0XRQH4JU9LEQ,PROD115591,General,57486,14,No Claim
CUS86BTDUWJ95T5,PROD115592,Life,143601,15,No Claim
CUSBIOVCWM14JGD,PROD115595,Life,212985,6,No Claim
CUS9SK9CNK3T5MV,PROD115604,Life,62475,16,No Claim
359899347805,PROD115609,Health,58247,7,No Claim
CUS2M8Z6FGLZNXO,PROD115628,Health,60336,12,No Claim
CUS1RG73EM2I3XR,PROD115652,Health,72159,24,No Claim
CUS4JTL5TNIHB7M,PROD115654,General,127116,16,No Claim
CUS7KM18AHF625O,PROD115659,General,89006,22,No Claim
CUSL3IT87SPU31V,PROD115660,Life,52688,12,No Claim
CUS1NYZDBIJ458L,PROD115665,General,153268,7,No Claim
CUSY66H45Z8QHNZ,PROD115672,General,189966,18,No Claim
CUSA7KOC2QQGQP6,PROD115679,General,115132,8,No Claim
CUSGEA7LW9X6S24,PROD115685,General,189260,24,No Claim
CUSI0KQ0HSXQK7M,PROD115691,Health,112468,23,No Claim
171909400949,PROD115701,General,115181,22,No Claim
CUS2Y7QBZ3A1T0D,PROD115709,Life,53952,16,No Claim
CUS3FHH99UB85RE,PROD115712,Health,237615,14,No Claim
CUSIWLT3PBZEEMU,PROD115715,Life,65367,7,No Claim
CUSH7MRP6J809AH,PROD115720,Health,226958,9,No Claim
CUSCERNFXSXNZXS,PROD115727,Health,208323,12,No Claim
CUSGR6YUAXAJQMA,PROD115728,General,185273,17,No Claim
CUSLHAO2POZ4XV8,PROD115734,Health,139115,6,No Claim
CUSLRD2ABIT7YO4,PROD115744,Life,36162,11,No Claim
754926396325,PROD115748,Life,57037,23,No Claim
CUSLR5PRNHB7CF3,PROD115753,Life,249230,10,No Claim
CUSOUKIJ6HDDX5E,PROD115756,Health,149868,18,No Claim
CUS4Y2B68ROXP5A,PROD115758,Life,103134,5,No Claim
CUSP47UPV1HKA2N,PROD115762,Life,189844,21,No Claim
CUSKF33XHS18EW7,PROD115775,General,53495,24,No Claim
666285781037,PROD115776,General,239124,6,No Claim
CUSMM2CWKWG4OP5,PROD115780,Health,222378,24,No Claim
CUSAHM74LWWGP6R,PROD115785,Health,84866,17,Claim Settled
CUS41086H73FR9W,PROD115789,Health,76919,23,No Claim
CUSMIL1AFK3ZUID,PROD115803,Life,208119,16,No Claim
CUSGHTL9AV865DR,PROD115804,General,59202,8,No Claim
CUSRQ3K1F2ZEHTB,PROD115807,Life,155273,18,No Claim
CUSWI0ARZGZVB07,PROD115816,Life,168757,7,No Claim
289294721931,PROD115826,General,51247,19,No Claim
CUSYADISQKDHUWZ,PROD115827,Life,140306,14,No Claim
CUS69CDOTVOIWAT,PROD115835,General,84243,19,No Claim
CUST5V48714NBI2,PROD115836,General,86600,14,No Claim
CUSQCFQ7P17NXUO,PROD115841,General,188163,12,No Claim
CUSHXIMFL2EE4L7,PROD115850,General,102760,23,No Claim
CUSNUKM7Y1UVJYT,PROD115857,Life,87856,11,No Claim
CUS0T4O7VBCIGDR,PROD115862,General,57780,5,No Claim
CUSK0YTJO1B6GH3,PROD115880,General,169923,7,No Claim
CUS6I0NQ5QBTG8T,PROD115881,General,158510,13,No Claim
CUS6JMEUC2MS92P,PROD115884,Health,71201,20,Claim Filed
CUSVIFWXDDI83UJ,PROD115886,Health,150854,6,No Claim
CUSPCVTPKE30Q4Q,PROD115890,Health,211487,17,No Claim
CUSYCBTZBHISBVK,PROD115895,Life,32999,19,No Claim
CUS5NG78WSX9LJK,PROD115899,General,203233,14,No Claim
CUSZMCG1ONRRHRB,PROD115901,Health,138218,11,No Claim
CUS7TI9EE3QQM3F,PROD115906,General,169180,10,No Claim
CUSJ9BWZLO23CZU,PROD115912,Life,175814,12,No Claim
CUS49ILR6P3CF42,PROD115916,Life,128197,6,No Claim
CUSF8AJ9PS9R7XL,PROD115920,General,133174,13,No Claim
CUSQZG2R7UC5UX8,PROD115924,Life,80250,21,No Claim
CUS4XAR48R74LIA,PROD115932,Life,37513,25,No Claim
CUS0D6RB8JCWLHI,PROD115934,General,93356,9,No Claim
CUSFVUK7748DEJF,PROD115937,Health,124686,6,No Claim
CUSPNMTZW77ECLF,PROD115939,General,129608,18,No Claim
CUS22U6U6LGWTP4,PROD115950,Health,189604,18,No Claim
CUS8CIJH3X32R2B,PROD115953,Health,26630,7,No Claim
CUSJW5O8MSXEXXQ,PROD115956,Health,248277,18,No Claim
CUSWOHQD3YNLTED,PROD115958,Health,91879,10,No Claim
CUSNLWIQ788K7SY,PROD115959,Health,160582,17,No Claim
CUSBRV52ATSB0ZX,PROD115961,General,88489,9,No Claim
CUS91Y38E2Z4G1Q,PROD115963,Life,97067,8,No Claim
CUS4RN1TCVTUBTP,PROD115968,Life,197529,15,No Claim
578964834405,PROD115980,Health,148969,18,No Claim
CUSD8CEYN6CKEJ8,PROD115981,Health,183252,14,No Claim
CUSRMKC0SF5TFVH,PROD115983,Life,154988,20,No Claim
CUS8RPLHAOIHAPN,PROD115998,General,47357,10,No Claim
CUS8K9KJP7EKSUG,PROD115999,Life,186036,10,No Claim
234776286681,PROD116002,Health,229235,25,No Claim
CUS4A52PIHFKW5G,PROD116005,General,244322,9,No Claim
CUS6M9MEKH0QOIU,PROD116012,Health,159510,13,No Claim
CUSIFMW5CB0MYG8,PROD116016,Health,69566,10,No Claim
CUSUWWZAQM0JTW6,PROD116019,General,146893,23,No Claim
CUSFWANWXOVL0U3,PROD116021,General,147822,25,No Claim
CUS0LO1NI89YT6N,PROD116028,Health,134314,25,Claim Settled
580807151384,PROD116030,Health,42052,9,Claim Filed
CUSB4YSE9UQYTLK,PROD116032,Life,51738,6,No Claim
CUSTW7QSZJ9MSOW,PROD116038,Health,101393,6,No Claim
CUSS2PSRI8RP4KG,PROD116039,Health,179704,5,No Claim
CUS07R2Q7KZF7OF,PROD116054,Health,215165,10,No Claim
CUSNHPNZYVUL1S2,PROD116066,Health,27700,5,No Claim
CUS0GMRICV9PWU1,PROD116078,Life,199209,17,No Claim
CUSMIDNZKTD5B9X,PROD116083,Life,41364,6,No Claim
CUSSV5608E1XP4E,PROD116086,Health,37994,11,No Claim
CUSN2OG4VPCD2PK,PROD116087,General,171659,25,No Claim
CUSE1FPQQG06E54,PROD116090,Life,120052,6,No Claim
CUSU9EE9X07AMT6,PROD116094,Life,159249,20,No Claim
CUSNCCD3WD6GENR,PROD116098,Life,168835,9,No Claim
CUSFG8CX0TM93WR,PROD116102,Health,101037,24,No Claim
CUSJYZOZWX67KJK,PROD116106,Health,110004,20,No Claim
CUSHE6ZYJ2V2V2E,PROD116108,General,195433,8,No Claim
CUS15KPT5DV0TM6,PROD116110,General,106980,12,No Claim
CUSAI3CE0DTFI67,PROD116115,Life,128794,12,No Claim
CUSAN252U059O7A,PROD116116,Health,187432,14,No Claim
CUSBIEVZEX99D9S,PROD116137,Health,57816,15,No Claim
CUSPM7N8DINA0BG,PROD116141,Health,94760,14,No Claim
CUS31MX2YO59K1I,PROD116145,General,133259,9,No Claim
CUSA74LI19ZA96F,PROD116149,Health,119362,19,No Claim
CUS7QU8R7XI3WGA,PROD116153,General,189089,19,Claim Filed
CUS0O4K0MUL3FVL,PROD116156,Life,163713,25,No Claim
CUS0EDSPY9Q3SFI,PROD116173,General,93197,5,No Claim
CUSUBHVY2PXRQ2H,PROD116185,Life,100099,15,No Claim
CUS1KYR2LC7DUY6,PROD116186,General,107148,25,Claim Settled
CUS0FODRO8BNP84,PROD116196,Health,126175,10,No Claim
CUSUVTJ6RNIKP9N,PROD116200,Health,182564,21,No Claim
CUS3FUJJ7B0Y3W3,PROD116203,General,197540,7,No Claim
CUSAWFP6F25B5EE,PROD116212,General,163557,18,No Claim
CUSYO3QITPEG2YR,PROD116214,General,139276,12,No Claim
CUSMGKF07X1PAUR,PROD116215,Life,79375,16,No Claim
CUSOLERZHE037FH,PROD116216,Life,126029,12,No Claim
CUS8IMBI77T3JV8,PROD116223,General,167282,22,No Claim
CUSNX3M4CLEN7CT,PROD116242,Life,196521,19,No Claim
CUSYLCRLY16ELTE,PROD116246,Life,153496,6,No Claim
829455242298,PROD116256,Life,149315,25,No Claim
CUSX7CMKWVX91AL,PROD116268,Health,35826,21,No Claim
CUSJ7LPIW2URYKK,PROD116269,Life,45122,5,No Claim
CUSE1LB1GWST6T8,PROD116273,General,156525,18,No Claim
CUS5IVXWWNUXASC,PROD116275,Life,238598,21,No Claim
CUSAOKIIWYBP95S,PROD116277,Life,195042,17,No Claim
CUSQM2M1KU5CB54,PROD116278,Health,228321,10,No Claim
CUSRA5BQN8W0AHB,PROD116280,General,222795,9,No Claim
855698734456,PROD116281,Life,77568,9,No Claim
CUSA6J6GCD9FJ7R,PROD116283,Health,109053,6,No Claim
CUSBH1MOAXVHVOF,PROD116285,General,117710,16,No Claim
394664683853,PROD116289,General,73737,21,No Claim
CUS6RVZHKA1AKSG,PROD116290,Health,207547,17,No Claim
CUSL7RQ8F7UO10K,PROD116294,Health,145495,19,No Claim
CUS965T83EE4NH9,PROD116303,General,90827,13,No Claim
CUSKB66AVYLAERX,PROD116305,General,78213,13,No Claim
CUSSGRRJ29D65L9,PROD116315,Health,44341,8,No Claim
CUS6IIRHJ8H6ANY,PROD116316,Health,55838,10,No Claim
465985610952,PROD116336,General,154003,12,No Claim
CUSRWJVTXPALVVM,PROD116337,General,222510,11,No Claim
CUS0GTUZ9EQKELB,PROD116341,General,65394,6,No Claim
CUSGPRXCVIDJBUO,PROD116345,Life,55093,16,Claim Settled
CUSLRLZZM1DG2EG,PROD116349,Health,122412,18,No Claim
CUSESBE47NOA7L6,PROD116360,Life,218889,6,No Claim
CUSTTOBD0GU1AX4,PROD116363,Health,132429,20,No Claim
CUSXW3IM2LV89TB,PROD116365,Health,214634,25,No Claim
CUSAGHKE79E8CDK,PROD116374,Life,100665,10,No Claim
CUSQHPXW72MNSLE,PROD116381,General,145247,23,No Claim
CUSMAWQE4FL9TNH,PROD116388,General,227058,21,No Claim
CUSLKG3ARRQ9WVG,PROD116391,Life,106375,8,Claim Settled
CUSMUJ4RJP8WW1P,PROD116396,Health,32315,19,No Claim
CUS4NNMCVMOBMHE,PROD116408,General,59955,20,No Claim
CUSTXCBUA363VIU,PROD116416,General,158804,13,No Claim
CUSKBOTDCG1PTCG,PROD116418,Life,227760,8,No Claim
CUS6MTC36J7LM6P,PROD116421,Health,128761,11,No Claim
CUSXV6B4S3J0NC9,PROD116427,General,90389,11,No Claim
CUS8S1WY5HXF3ON,PROD116428,Health,54578,12,No Claim
CUSAE58HUXG2MYR,PROD116432,General,26284,18,No Claim
CUSAIR7SXA7A6G7,PROD116436,Life,54416,10,No Claim
CUS6P9Z3L3HRZP7,PROD116442,Health,43358,17,No Claim
CUS1ECLS6D1LN5V,PROD116444,General,180059,14,No Claim
CUS15BTZ7O5D5PW,PROD116456,Life,221459,9,Claim Settled
CUSJ35VRUE6I3J2,PROD116457,Health,140719,21,No Claim
303411682535,PROD116459,Health,69958,11,No Claim
CUSDGD8OPOCMVH0,PROD116478,Health,45048,17,No Claim
CUS38D7KRYMO87Z,PROD116482,Health,87831,21,No Claim
CUS48LRMQSSI1VP,PROD116492,Health,202354,5,No Claim
CUS0PZFEMRZWV94,PROD116505,General,216507,14,No Claim
758702916038,PROD116507,General,161695,23,No Claim
CUSSV037NKGPH4P,PROD116510,General,54532,24,No Claim
CUSPTS2Q4EHV1WN,PROD116520,General,65602,6,No Claim
490532116282,PROD116528,General,232629,14,No Claim
CUSE1QQC9JZY29V,PROD116534,Health,132664,15,No Claim
CUS2QH8KHCO67XG,PROD116541,Life,120737,8,No Claim
CUSIZEGLXPJ4WEM,PROD116547,General,87682,15,No Claim
CUS0W8M8G5DM12H,PROD116552,Health,75606,17,No Claim
CUSVPAYP4GZT935,PROD116553,Health,199495,18,No Claim
CUSQP1SNP1GY1AU,PROD116554,Life,77788,8,No Claim
CUS1PSBBSFXI9ON,PROD116558,General,241177,23,No Claim
CUS594L3MHPQI23,PROD116570,Health,187772,9,No Claim
CUSSA2TECC9ALMJ,PROD116573,Health,80216,18,No Claim
CUSFNE46FWXZCFK,PROD116574,General,235974,21,Claim Filed
CUS1MQ5LHMYHND9,PROD116578,General,47512,9,No Claim
CUSDZNNIB11G7XQ,PROD116579,Health,234737,24,No Claim
CUS2BG3Q185Q69T,PROD116591,Life,190002,15,No Claim
CUS9LG05SL6KHBF,PROD116602,Health,128354,25,No Claim
893311341639,PROD116605,Life,76052,13,No Claim
CUSXLJA9VGN5D6C,PROD116606,General,240654,21,No Claim
291619233250,PROD116608,General,210555,22,No Claim
CUSCNE1D3B7F6MQ,PROD116611,General,125235,17,No Claim
CUSYOAFKN53B6OJ,PROD116617,General,186657,21,No Claim
CUSR2PTSJ3RI5A6,PROD116626,General,110086,23,No Claim
CUSNUBJAUTDLRUR,PROD116634,Health,43319,17,No Claim
CUS3ZJFSYERAJFT,PROD116635,General,240161,25,No Claim
CUSUORDGBSXMY0R,PROD116637,Life,168682,25,No Claim
CUSIUVKC45D4IT6,PROD116652,General,177861,25,No Claim
CUSLUG8T8ZRX1MQ,PROD116654,General,37476,18,No Claim
241912152491,PROD116661,Life,129772,11,No Claim
280697123914,PROD116662,Life,44477,6,Claim Settled
CUSLY0KILP4E253,PROD116663,Health,182095,17,No Claim
CUSMJDFZGHJZ6LV,PROD116675,Health,48424,21,No Claim
CUSS8G8TACY15PD,PROD116676,Health,242702,15,No Claim
CUS3YGMX86S0QAO,PROD116682,General,107948,24,No Claim
CUSDCSWQ0YG2DXM,PROD116689,Life,63962,12,No Claim
CUSCS6VUP9PJ85L,PROD116691,Health,63316,17,No Claim
CUSWC99CO0PMM7G,PROD116693,General,152060,11,No Claim
CUS3XXHVUG53S79,PROD116695,General,137357,17,No Claim
CUSGZYPQ48FWTMY,PROD116698,General,187823,10,No Claim
CUSPBP3BGDMVLYV,PROD116710,General,249208,7,No Claim
CUSN1XSMIZABVUV,PROD116726,Life,249501,12,No Claim
CUS2X1J3VO8ENSB,PROD116728,Health,243140,21,No Claim
998520518411,PROD116731,Life,185035,23,Claim Settled
CUSO0MD26YMQXAR,PROD116732,General,230266,9,No Claim
CUSYFWK6IIVF8S7,PROD116738,Life,181140,18,No Claim
CUS25G4GA22LMIY,PROD116739,Life,125103,15,No Claim
CUSVEA4MJIJSJ1W,PROD116750,Life,101986,16,No Claim
CUSHKRT4MWSDAN8,PROD116756,Health,179466,15,No Claim
CUSD7WPPDY5K1MM,PROD116757,General,196498,5,No Claim
CUS0SVUVR287GPV,PROD116766,General,188190,21,No Claim
CUS5V2AXMWFH1D4,PROD116768,Health,196818,24,No Claim
CUSHXXH7RTIJP4J,PROD116771,Life,176458,5,No Claim
CUSWAOY6U8SK73U,PROD116779,Life,195652,20,No Claim
CUS1NKTI5DKQ5H7,PROD116790,General,111343,10,No Claim
CUSFBVABWZ8KC4Q,PROD116798,Life,103962,19,No Claim
CUS6D32X570LA5T,PROD116799,Life,66885,22,No Claim
CUSYXDSSMBNHSAG,PROD116804,Health,162526,15,No Claim
435484121842,PROD116808,General,194798,11,No Claim
123673029897,PROD116811,General,71250,20,No Claim
CUSZ8FTNSZMQV37,PROD116816,General,73158,20,No Claim
CUS0HXJS2LO8D0F,PROD116819,General,51678,8,Claim Settled
CUSRP0XCB6A3623,PROD116825,Health,246910,17,No Claim
CUS2LVRZND8H6MU,PROD116844,General,184120,16,No Claim
CUSGY768CALWP9I,PROD116852,Life,29700,18,No Claim
CUS3V67B4EK7AYQ,PROD116856,Health,215752,15,No Claim
CUSEZ6IZ8ER6U0E,PROD116858,General,28234,5,No Claim
CUSMJDFZGHJZ6LV,PROD116859,Health,163060,12,No Claim
CUSL6E2YE38D1N1,PROD116862,Health,34916,22,No Claim
CUS3PA6JY3E1BBG,PROD116866,Life,88287,16,No Claim
CUSLRSN02WSXRK3,PROD116868,General,124941,18,Claim Filed
CUS2BQJFDB2ZA69,PROD116873,Health,32358,16,No Claim
CUS4A622G7FYAJU,PROD116874,Life,71693,20,No Claim
CUSEODUC58ATHB8,PROD116879,General,73282,13,No Claim
CUS4GL7JVC9MWYM,PROD116881,Life,25785,7,No Claim
CUSXCJWLNZOJ56Q,PROD116882,General,227792,20,No Claim
CUSZX37WYIASWRY,PROD116883,Health,238735,8,Claim Filed
316256994803,PROD116884,General,148607,23,No Claim
CUSFS59H9XDELLT,PROD116889,Life,228985,13,No Claim
CUS38EQ4CYYF66X,PROD116892,Health,140082,25,No Claim
CUS157KOKYMMBOJ,PROD116896,General,225202,8,Claim Settled
CUSMQ9IUQNIPNIM,PROD116898,Health,223845,15,No Claim
CUSNQQ2D3NLUK04,PROD116900,Life,182568,15,No Claim
CUSE8AM2RDSUWDQ,PROD116903,General,185808,19,Claim Filed
CUSF5J2MLNKUV8W,PROD116906,Health,164675,5,Claim Settled
CUSXZSP6AT3PMNJ,PROD116913,Life,214921,17,No Claim
CUSEWILYPILQAVQ,PROD116916,General,77588,24,No Claim
CUSVJJK7I2SM5E8,PROD116927,General,206231,23,No Claim
578906700285,PROD116929,Health,111250,25,No Claim
CUSL1MHFN9Q1QG1,PROD116937,General,218467,13,No Claim
CUS5SXSTCIXMVC1,PROD116941,Life,64724,22,No Claim
172236605125,PROD116949,General,73727,21,No Claim
CUS749F53CQ1DQ9,PROD116951,Health,233973,25,No Claim
CUSOYWC9AF1BZCF,PROD116957,Life,142405,7,No Claim
CUSDL6AITVX5EUP,PROD116963,Life,200615,17,No Claim
CUSIICBITAJ3LYX,PROD116967,Life,164405,5,No Claim
CUSTWAYH1WV33CE,PROD116974,Life,62401,9,No Claim
CUSBZOKIYG190FE,PROD116975,Life,36058,14,No Claim
CUSVG6ZB9F1INPI,PROD116982,General,31959,15,No Claim
CUSLD862VW7BGYG,PROD116987,Life,54441,13,No Claim
CUS43FRNR8FE2HG,PROD116990,General,171768,15,No Claim
309937948615,PROD116991,Life,156862,9,No Claim
CUSTM6BV3SXW6ZV,PROD116996,Life,216368,24,Claim Settled
CUSZV6ZECN3SSZI,PROD116997,General,187583,17,No Claim
CUSMTD07CJKO93J,PROD116999,Life,163498,17,No Claim
CUS19F0LLJGKRH8,PROD117006,General,231355,22,No Claim
CUSC33MOEKBWNVE,PROD117007,Life,26394,23,No Claim
CUSAMHBUJYFPNUJ,PROD117009,Health,243953,19,No Claim
CUS5VNYYZZ5E9VE,PROD117016,Life,41672,10,No Claim
CUSND4G1HY9I3VP,PROD117020,General,136420,17,No Claim
CUSM1K0BMSK80C8,PROD117030,General,196360,6,No Claim
CUSU01AGQ4D2OSJ,PROD117033,Life,104862,21,No Claim
CUSNNNL3IIGBPDI,PROD117037,Life,55553,24,No Claim
CUSOTOENQ43QMBH,PROD117038,Life,101610,25,No Claim
CUS931E6EZRXUT7,PROD117041,Health,38154,22,No Claim
757651780397,PROD117045,General,229576,8,No Claim
CUS7FLO8CRQU48E,PROD117049,Health,224458,15,No Claim
CUSF08TGORX8OKM,PROD117055,Life,168896,20,No Claim
CUS210NOLQQZL2T,PROD117056,Life,72094,5,No Claim
CUSOOLMOW99W1R9,PROD117057,General,234395,19,No Claim
CUSV0JN4HC9KRZB,PROD117058,Life,110356,18,No Claim
CUS22TDKH2JI72M,PROD117059,Health,156062,16,No Claim
CUSE6LE1RTPD19A,PROD117060,Life,161245,18,No Claim
CUS312BQDU6E36T,PROD117063,Life,128488,16,No Claim
CUS2GND6VAU0YPU,PROD117064,Life,54784,23,No Claim
CUSXHKZ4T5G5WJ5,PROD117065,Life,121409,16,No Claim
CUSZUI1INMBK18K,PROD117066,Life,151451,8,No Claim
CUSU1LXF7NTG8IZ,PROD117088,Health,71980,16,No Claim
CUSCSAC2BZYXTJM,PROD117108,Health,89354,14,No Claim
CUSFDACUXHKJ6Y8,PROD117112,Life,85760,16,No Claim
CUS2BZZVZCZS4ZQ,PROD117117,General,84258,21,No Claim
CUS5NRXBBF73UEC,PROD117120,General,197060,13,No Claim
CUSFT21II0Y1T0A,PROD117124,General,78636,6,No Claim
CUSZ05RJ16QEAYD,PROD117126,Life,240521,25,No Claim
CUS5D7EFJGC46HD,PROD117130,Health,75753,15,No Claim
CUS2ING1FTOBDDF,PROD117133,Health,218049,9,Claim Filed
CUSKGTCH4JB5DF7,PROD117145,Life,37606,18,Claim Filed
815161022055,PROD117149,Health,35815,14,No Claim
CUSYT00MZKQO9OD,PROD117157,Health,224557,16,Claim Filed
CUSIP1KMQ816N3J,PROD117170,General,192087,18,No Claim
CUSI9W1TCD0LKXK,PROD117173,Life,121268,18,No Claim
500093321388,PROD117181,Health,87400,24,No Claim
CUSSC2ECV6SW862,PROD117190,Health,126940,6,No Claim
CUSBI2SZ1G8XFHF,PROD117191,Health,165100,23,Claim Settled
CUSSZOYMGJMDQQZ,PROD117192,Life,92113,25,No Claim
CUSX6XQSTPG0W6T,PROD117197,Life,165058,17,No Claim
CUSH2IKNLBL2YX1,PROD117210,Health,86449,11,No Claim
CUS3YWSLS0CIHSJ,PROD117211,Health,245517,14,No Claim
CUS5ZX13GUSOSIR,PROD117215,Life,212468,6,No Claim
CUSZX8UBES81DE0,PROD117217,General,135611,19,Claim Settled
CUSUJ9ZWI6HKP2O,PROD117219,Life,68232,7,Claim Filed
CUS3O7I3G5L1F7K,PROD117227,General,108196,25,No Claim
CUSS1Q0FXTVP85P,PROD117236,General,189961,11,No Claim
CUSVV8WZBQ7W9XR,PROD117238,Life,101352,9,No Claim
CUSCACASAUKSHGQ,PROD117244,Life,107076,17,No Claim
CUS7Z1CASPCA2O0,PROD117245,Life,243265,5,No Claim
CUSFCFTQWJXF67B,PROD117246,Life,245890,21,No Claim
CUSAOJDZZR5IEC3,PROD117264,General,147924,22,No Claim
CUSD2RAPR4TSALU,PROD117268,General,91789,20,Claim Settled
CUSLSVRYL36Q556,PROD117270,General,179164,21,Claim Settled
CUSWRY9V9048Z4Z,PROD117277,Health,230695,20,No Claim
CUSC8YV65O9KF8G,PROD117286,General,191435,22,No Claim
CUS7L66D2UFXH52,PROD117287,Life,74088,22,No Claim
CUSGPXPYS49SCJQ,PROD117296,Life,122058,14,No Claim
CUS0LVUWDPL0F63,PROD117297,Health,29600,15,Claim Filed
CUSIX9LP8E4HIZV,PROD117298,General,118729,24,No Claim
CUS8V4LASWJLDDM,PROD117303,General,108260,12,No Claim
CUSNP7KDMNFKUDS,PROD117306,Life,185845,20,No Claim
CUSSWY1ZE5HBHAQ,PROD117308,General,217371,25,No Claim
CUS2HIFKJMBXNLX,PROD117309,General,249885,22,No Claim
CUSW8TM9951VYW5,PROD117312,Life,206206,14,No Claim
306570963880,PROD117323,Life,222449,10,No Claim
CUS53JS3FUXF02W,PROD117325,General,130834,14,No Claim
CUS7T3VP2NYPVC5,PROD117331,Life,183782,14,No Claim
CUS1J0PEYC844M7,PROD117340,Health,230639,12,No Claim
104242203713,PROD117347,Life,84688,15,No Claim
CUS99U542ZP03KM,PROD117350,Life,38953,6,No Claim
CUSUHUXMNFIKUB7,PROD117361,Health,135681,9,No Claim
CUSVDG462JAF4RM,PROD117365,Health,209938,6,No Claim
CUS3WS27GNU5AIV,PROD117368,General,96894,9,No Claim
CUSIM3M2ZS8BE42,PROD117370,Life,159663,17,Claim Filed
CUSAV4GTE7S1WNB,PROD117375,General,33564,22,No Claim
CUS7WG1VPPNY9WF,PROD117382,Health,181309,20,No Claim
CUSO432J3SUW3VJ,PROD117385,Life,179362,19,No Claim
CUSWA69W7Z0RHCX,PROD117390,Health,193611,18,No Claim
CUSO052V4ZPYEHC,PROD117392,General,26515,11,No Claim
CUSP693PLTBH4JO,PROD117398,Health,92671,25,Claim Filed
CUSPC4WPLGW8NNS,PROD117400,Health,226188,19,No Claim
CUSPW75FKRCHO42,PROD117403,General,126407,12,No Claim
522152190792,PROD117407,Life,113699,23,No Claim
CUSS5IVW3M20QT4,PROD117411,Health,91451,19,No Claim
CUS0SGS440VZQW8,PROD117412,Life,45040,19,No Claim
CUSCPY70AAWSNXM,PROD117414,Life,42154,12,No Claim
CUSY2W1V2CETU4N,PROD117417,Health,200678,23,No Claim
CUSJVVNXI6F85FY,PROD117422,Health,217046,13,Claim Filed
CUSYWQOACBEC51A,PROD117427,General,76650,17,No Claim
CUSIS7LST2JQWSO,PROD117428,General,54385,25,No Claim
CUS3EYYLJDPCL12,PROD117433,Health,49746,25,No Claim
CUSR6LOPI50BVJY,PROD117440,General,50291,8,No Claim
CUS8WNWNJT6GKU0,PROD117444,Health,196954,12,No Claim
CUSQZTJE22UJEPI,PROD117448,Health,248435,14,No Claim
CUSSBG2XVCXSZLW,PROD117471,Life,163200,9,No Claim
CUSK4LLQD3JEVIL,PROD117475,General,169975,23,Claim Settled
CUSY1IAOSIYQ7KH,PROD117479,General,105329,21,No Claim
CUSU0WQ5DD2KXNV,PROD117486,Life,242969,23,No Claim
CUS7U31JEJAK273,PROD117492,Life,148275,25,No Claim
CUSCEWLKMVIV1OS,PROD117494,Health,117182,12,No Claim
CUSXI1Y7JET3FGP,PROD117496,Health,47680,7,No Claim
CUS2TBDK24FJHZI,PROD117498,General,136666,18,No Claim
774483663597,PROD117506,Life,158710,16,No Claim
CUSRGWECC27TL9W,PROD117509,General,224735,6,No Claim
CUSFFLF9I4OE87B,PROD117511,Life,135063,12,No Claim
CUSDAGQPGBLOHXX,PROD117515,General,218471,7,No Claim
CUS4V4NUPD2UMZG,PROD117518,Life,107029,5,No Claim
CUSY2HQ2IDWQE53,PROD117526,General,215571,7,No Claim
CUSLKYSXPYJ1VVM,PROD117532,Health,142708,8,No Claim
CUS13BGKDV7I5CQ,PROD117544,General,132954,15,Claim Settled
CUS6IFR5ATWVLZ5,PROD117554,Health,193029,8,No Claim
CUS46E3VXV0TRPV,PROD117560,Life,245038,10,No Claim
CUSPWGBL63YCA42,PROD117564,Health,184043,14,No Claim
CUSNUS8743BBRK2,PROD117566,Health,87436,7,No Claim
CUSPF51Z6TAYVOY,PROD117568,General,47163,20,No Claim
CUS1S7ZFYE3QP20,PROD117570,General,98877,25,No Claim
456787825551,PROD117572,Life,146417,5,Claim Settled
CUS6Y68B6UD8SKF,PROD117576,Life,27394,14,No Claim
CUSENZN8DC0567Y,PROD117580,Health,240668,25,No Claim
CUSSHFIJK4UR0M7,PROD117587,Life,89770,11,No Claim
CUSRHSN7LCPYKMY,PROD117611,Life,186801,25,No Claim
CUS2M6Q8H9SPCKT,PROD117613,Life,99251,15,No Claim
CUSDRTH4A8UCSRF,PROD117616,Health,111921,16,No Claim
CUS2YBRV2ADPDJ1,PROD117623,General,159926,22,Claim Settled
CUSQYECAE4VLAS9,PROD117626,General,57124,23,No Claim
CUSX6JDIRQ43XWF,PROD117634,Life,166251,7,No Claim
CUSQ6E61XCRMINP,PROD117641,Health,198764,13,No Claim
CUSTIM10E9P7WYA,PROD117644,Life,49060,5,No Claim
CUS8DDLFNZYYNR6,PROD117649,General,109924,8,No Claim
391142408858,PROD117659,Life,219999,12,No Claim
CUS75JPXI6AXEEN,PROD117660,Life,227338,24,No Claim
648880629461,PROD117663,Life,154153,18,No Claim
CUS8QZE3DLS2PTP,PROD117664,Health,210110,23,No Claim
CUSKOQNNVDG2TLS,PROD117674,Life,140839,25,No Claim
CUSA9QLDFCISXWP,PROD117676,General,107660,14,No Claim
CUSUY4S6CZ9GFTJ,PROD117677,General,56574,21,No Claim
CUSV0TYFEQAYMOD,PROD117682,Life,36332,17,No Claim
CUS0TQWU2OUCBI2,PROD117685,Life,138839,18,No Claim
CUS1V4NQ2VMDJL4,PROD117688,Health,72901,17,No Claim
CUSLXD2P7Q3WSJS,PROD117691,Health,143520,24,No Claim
CUSR54YXSN3JQP5,PROD117694,General,122755,13,No Claim
CUS8B5CHGNRF4IQ,PROD117695,General,77566,19,No Claim
CUSBA5LYY3G0SFS,PROD117700,Health,200766,23,No Claim
CUSFPVW4NH81TJR,PROD117703,General,164517,19,No Claim
CUSCYAZY9GAE52M,PROD117704,Health,152442,5,No Claim
CUSGTR97798P2EP,PROD117706,Health,103415,5,No Claim
CUS161RYR7XSQQ6,PROD117708,General,142242,20,No Claim
CUS62GXE4WAHFH2,PROD117718,Health,158811,20,No Claim
CUSQ8I0Q1RIS5JD,PROD117725,Health,190991,13,No Claim
CUSCJE9EP2WJCFP,PROD117726,General,205785,21,No Claim
CUS4PH29H9IZ9H9,PROD117728,Life,140296,14,No Claim
CUSBZ2AL4KTES05,PROD117729,Health,76300,19,No Claim
CUS3VOL8XC10PVW,PROD117731,General,106094,22,No Claim
CUS9B1FI2DU8QKE,PROD117735,General,57724,9,No Claim
CUSK3UHDFKNQCX7,PROD117747,General,127280,23,No Claim
CUSRFL7NI857SIG,PROD117748,Health,247291,18,No Claim
CUS37IMT8RUHFCW,PROD117749,Life,214024,9,No Claim
968135999701,PROD117750,General,152427,17,No Claim
CUSG2BQXWMN8FZW,PROD117751,General,66238,24,No Claim
CUS4WKQCJX7DM7P,PROD117757,General,205404,22,No Claim
CUSOSIT7E0BFCRL,PROD117758,General,46004,13,No Claim
CUSZP3CCPWD8C5O,PROD117767,General,80012,25,No Claim
CUS86SF1NXEIYED,PROD117768,Life,205781,22,No Claim
CUS8VIPPQEH14SX,PROD117779,General,70780,14,No Claim
CUS7IRYUZMSHFHH,PROD117781,Health,172290,12,No Claim
CUS5GU85Y46FKPK,PROD117789,Life,49963,18,Claim Settled
CUSIETZTOQ26SQU,PROD117793,General,127096,9,No Claim
CUSWUSM8H3BWDGB,PROD117813,General,80135,9,Claim Filed
CUS8SUPCL6V95IU,PROD117814,Life,206870,10,Claim Filed
CUSIUR77AQ8PITX,PROD117819,Health,130653,19,No Claim
CUSD7XVBN8KBJF7,PROD117825,Life,225966,17,No Claim
CUSU5W0JB6O8H6V,PROD117827,General,26742,10,No Claim
166500719098,PROD117829,General,44498,6,No Claim
CUSY8XPUUQH0EG9,PROD117832,Life,143443,8,No Claim
CUSWNQXFMZHHOQQ,PROD117843,Life,60292,17,No Claim
CUSYSAX6MZSKLFM,PROD117847,Health,205080,17,No Claim
CUS55TJAQRE6ENI,PROD117852,General,190235,11,No Claim
CUSLEM324TT9TOV,PROD117859,General,152716,14,No Claim
CUSED0GV812HNC0,PROD117860,Health,214650,5,No Claim
CUSQT090FS6QIJ8,PROD117875,General,212645,15,No Claim
CUS0Q0EHFYX7FKV,PROD117880,Life,114982,16,No Claim
CUSI5K82SLSA9PT,PROD117884,Life,107410,5,No Claim
CUSU2VD3P3DA3F2,PROD117889,General,173335,16,No Claim
CUS06QF47QYKHV3,PROD117893,Health,46434,7,No Claim
CUSHX3KRZPHUYQC,PROD117894,Health,90088,6,No Claim
CUS7PMNUKAWV4PN,PROD117896,Health,80863,21,No Claim
CUSR8Q8WAN9KPOD,PROD117897,Life,224640,16,No Claim
CUS22DBN8EN4GD6,PROD117899,General,67181,20,No Claim
CUSXTKBASONDKZI,PROD117902,Health,247737,7,No Claim
CUSD4ZKFFZ67A8X,PROD117904,Health,54690,16,No Claim
CUSF6D704PHZMP2,PROD117909,General,128524,18,No Claim
CUSN6VU4FQOLYTH,PROD117911,Health,36271,18,No Claim
CUSRJSSQGZ30Q5X,PROD117912,Life,167790,9,No Claim
CUS2DO5F8ZO0CVD,PROD117914,Health,99260,22,No Claim
CUS79UBMGD1EIE6,PROD117916,Life,106012,25,No Claim
CUSUXP4IUX779GJ,PROD117918,Health,108020,25,No Claim
CUSTS5GC13YJ09T,PROD117919,Life,244545,21,No Claim
CUS49Z2VYGIMXFC,PROD117935,General,123557,5,No Claim
CUS1X3WCQ917KLF,PROD117944,General,81253,7,No Claim
CUSKVPLMTF8HB3K,PROD117949,Health,139849,24,No Claim
CUSY4NL7S2H909D,PROD117950,General,203672,13,No Claim
CUS1W1NZ8WFOGRR,PROD117952,Health,156575,9,No Claim
CUSRQH4S03B0HXZ,PROD117959,Life,227705,18,No Claim
CUS4X3LQN046UNP,PROD117966,General,173000,22,No Claim
CUSKAGIQDZ7Y95C,PROD117971,Health,193179,6,No Claim
CUSZAXH5GX5Q1MU,PROD117973,Life,242217,16,No Claim
CUS6WT0K7TDPMST,PROD117975,Life,241477,5,No Claim
CUS4Z3OAPB9TJOO,PROD117983,Health,57666,14,No Claim
CUS2R32F0Z563UJ,PROD117991,Health,156372,8,No Claim
CUSQ1PV7WN4V4LW,PROD117997,General,153999,6,No Claim
CUSTRE9QDI3G13I,PROD118001,Health,47488,11,No Claim
CUSVPP3L116FVVC,PROD118002,Life,30930,9,No Claim
CUSRTHBZ5LIDD0J,PROD118008,Life,207655,6,No Claim
CUS2NRR67REMBMR,PROD118009,Life,51531,17,No Claim
CUSBB73QTMTXR2F,PROD118013,Health,26651,11,No Claim
CUSO4IPM9ZJ3WTK,PROD118014,General,70367,18,No Claim
CUSN5L44ZS6PJPS,PROD118029,Health,113646,11,No Claim
CUS0N7AEE0A9C6R,PROD118030,Health,125080,14,No Claim
CUSGZYSZNE3OQQU,PROD118033,Health,107834,14,No Claim
CUS7DFOS70H92S2,PROD118038,Life,29998,17,No Claim
CUSJA6YBLH4MTTM,PROD118044,General,170454,22,No Claim
CUSDFU1QDN6P9RO,PROD118049,General,28101,20,No Claim
CUSFYGR8Y32SHXZ,PROD118053,Health,224442,24,No Claim
CUS0AY1ZOJIWET8,PROD118054,General,204488,9,No Claim
CUSVKWJ5MOADFBF,PROD118062,Health,175403,16,No Claim
CUSWIRCKWFYQP7A,PROD118065,General,184420,21,No Claim
320642147745,PROD118066,Health,166147,24,No Claim
CUS0VU1F2HVEGCK,PROD118068,Health,86414,19,No Claim
CUS32QL4K0GOMNK,PROD118069,Health,127748,7,No Claim
CUSA5C990IBZB1V,PROD118079,Health,201352,14,No Claim
CUS3DPXFZI1S3N1,PROD118080,Life,60366,16,No Claim
CUS1J2ASL5W9CFB,PROD118082,General,116187,15,No Claim
CUSEWCHV9HVCLAZ,PROD118084,Health,228171,14,No Claim
CUSWAUG3CPI6Z8I,PROD118093,Life,90730,21,No Claim
CUSNNOYKOIXW54N,PROD118094,Health,70841,25,No Claim
CUSB21JQSBFBL0U,PROD118095,General,166314,20,No Claim
CUS87P58HNHESFK,PROD118105,Life,210122,7,No Claim
CUSWMK628DZ4OT5,PROD118115,Life,122913,25,No Claim
CUS0NAVDE8FXB0P,PROD118119,General,25164,18,No Claim
CUS9WIESIPWOYAH,PROD118121,Life,63719,21,No Claim
CUSE7AVES9Z6E1U,PROD118123,General,59219,16,No Claim
CUSTFEI7CJ7RXV0,PROD118124,Health,229239,5,No Claim
CUSQNF74T60PLOZ,PROD118159,General,135866,19,No Claim
CUS7BF0ZAVP2NQG,PROD118169,Health,58489,25,No Claim
CUS4E7PONX9HTX1,PROD118170,Health,163047,5,No Claim
CUSLA7UYI1PAPFE,PROD118181,Health,37862,21,No Claim
CUSQ81HRULHH9BT,PROD118185,General,239829,8,No Claim
172494774224,PROD118187,Life,44512,12,No Claim
CUSZ69IZXWR5RFE,PROD118189,General,208835,12,No Claim
CUS00FSPOJCW0NC,PROD118200,General,212444,18,No Claim
CUSW7WXPTD128IL,PROD118202,Life,155930,5,No Claim
CUSTZ10VBD7KO28,PROD118209,General,48465,21,No Claim
CUSYMIIM84G4YQS,PROD118210,Life,52468,5,No Claim
CUSVB7YEMCNEYW3,PROD118212,Life,235192,25,No Claim
CUSQC8LOSZIVJ1Q,PROD118213,Health,40581,10,No Claim
CUSSNYEQFZHEN4M,PROD118220,Health,152242,8,No Claim
CUS2NTIYDG95LGT,PROD118225,Health,27682,11,No Claim
CUSE9H2P5HQILYF,PROD118233,General,101565,16,No Claim
CUSUEE5646ZQZH5,PROD118236,General,103135,6,No Claim
CUSBTTU9QOGMNN0,PROD118247,General,228427,17,Claim Settled
699052235571,PROD118248,General,149396,16,No Claim
CUS5PEO938ZBO2I,PROD118254,General,177075,25,No Claim
CUSYMICN4WPWA3N,PROD118259,General,203471,24,No Claim
198729024508,PROD118260,Life,151508,24,No Claim
CUSASARXZFIFLH1,PROD118266,Life,110750,16,No Claim
CUSVRHJ3V92FLNQ,PROD118269,General,42966,14,No Claim
CUSF4BZUPVW38JN,PROD118270,General,174584,22,No Claim
CUSCX8Z7ED5GQVY,PROD118271,Health,202266,24,No Claim
CUSEZQ48IU46WUS,PROD118274,Life,87762,6,No Claim
CUSMTFYWJTNK1TJ,PROD118289,Health,32856,16,No Claim
CUSVKTKZJM10Q5D,PROD118290,Life,99545,5,No Claim
CUS97IZ3MH3KWNR,PROD118294,General,225952,6,No Claim
CUSSQI6SSX8PX1R,PROD118305,General,237213,13,No Claim
CUSJQO5BT5OHAM6,PROD118307,Life,36489,9,No Claim
CUSPIRFVTD5WVRE,PROD118309,Health,246962,24,No Claim
CUSBHWKUBUOAYMQ,PROD118323,Health,223973,18,No Claim
CUSI0B8098Q7E0I,PROD118329,General,187845,9,No Claim
CUSEFROQLZ4JJHE,PROD118343,Life,232880,19,No Claim
CUS90MG2ZZBO43Q,PROD118349,Health,91179,18,Claim Settled
CUSCWXXDW2MVHPL,PROD118358,Health,35910,22,No Claim
CUSWHGUFE0BIY5G,PROD118364,Health,243698,6,No Claim
CUSU7TGU0GGVTPB,PROD118365,General,183393,9,No Claim
CUSIOQG9SH86WJC,PROD118367,Life,206105,14,No Claim
CUSHJSEC3B0VF3N,PROD118368,General,146483,13,No Claim
CUS0R8ELSQMLF7U,PROD118369,Life,160631,24,No Claim
CUSU3MR2U0JZ4L8,PROD118373,General,120240,23,No Claim
CUSNAXR541AHSY8,PROD118377,General,151441,10,No Claim
CUSOB5QSNIKGO6U,PROD118391,Health,146931,24,No Claim
719452188263,PROD118392,Health,150296,16,No Claim
CUSJHU1A7KGQE9X,PROD118398,Life,38463,23,No Claim
CUSEVJBZRKDZNI4,PROD118401,Life,129683,18,No Claim
CUSRR1V5V7PN2DC,PROD118403,General,50589,14,No Claim
CUS09FMGIJ5MQ6S,PROD118405,Life,162586,12,No Claim
CUS1ATQJ5YWGJU3,PROD118410,General,68169,23,No Claim
CUSTCFI4PLMVK5S,PROD118412,Health,193005,18,No Claim
CUS6FHW9HDR239M,PROD118413,Life,117374,11,Claim Filed
CUSVVHPV21DKO09,PROD118423,Life,229431,11,No Claim
CUSTAWDS3YP0RXB,PROD118424,Life,48547,6,No Claim
CUS60COA9LSQY38,PROD118455,General,237685,5,No Claim
CUSP7D8FBFN1YCE,PROD118459,Health,68382,12,No Claim
CUSD1MQJMYYWQO4,PROD118461,Health,236055,13,No Claim
CUSH6SSSD7GVUH1,PROD118463,Health,176960,14,No Claim
CUSXB4MRYJ83E7X,PROD118476,General,189244,20,No Claim
CUSR9XIGUO2KMTT,PROD118477,Health,178192,8,No Claim
CUSV1T4DEKOX8UQ,PROD118480,Health,155392,25,No Claim
CUS8F3EIHBE41OR,PROD118482,Health,63618,8,No Claim
CUSORT7HT4BA3BW,PROD118486,General,180370,17,No Claim
CUS1X3WCQ917KLF,PROD118488,General,125006,7,No Claim
CUS8QVI131W63NJ,PROD118498,Life,123367,17,No Claim
CUSHHNNQ81UY9KF,PROD118504,Health,245524,25,No Claim
CUSO34IMNZE9BFL,PROD118506,Health,177188,22,No Claim
CUS0VKC92NFVV4W,PROD118508,General,246249,24,No Claim
CUSXN12T5VOMPG8,PROD118510,Health,32300,22,No Claim
CUSK6U33JNA72FB,PROD118514,General,148622,14,No Claim
CUS7CFAZD9GS93H,PROD118530,Life,248006,18,No Claim
CUST0G72VZDLLN3,PROD118531,General,180273,6,No Claim
220755424858,PROD118534,Life,179056,8,No Claim
CUSZLLL86YA3IV2,PROD118538,General,230342,25,No Claim
CUSCBF89KYH0AA1,PROD118540,Health,114266,17,No Claim
917867800987,PROD118542,General,178493,11,No Claim
CUS35IJZ9J3YTCG,PROD118547,Health,57193,9,No Claim
CUSX6A990BSH1FY,PROD118552,General,38884,19,No Claim
CUSS51VHJMVTAAO,PROD118556,Life,159481,13,No Claim
CUSHELCROTKHYL5,PROD118562,Health,201880,23,No Claim
CUSIHHOZJU2U97W,PROD118567,Health,137128,12,No Claim
CUSKCOJ3JRDNKOU,PROD118568,Life,230949,8,No Claim
CUSCKR4WV2CH65E,PROD118573,General,30041,16,No Claim
CUS8HJLDQR9B67R,PROD118575,General,168038,19,Claim Settled
CUSWUG40S71RA2Y,PROD118582,Life,120779,25,No Claim
CUS9MT6SNTAZVW7,PROD118584,Life,184453,9,No Claim
CUSMTEJBJXVHTCD,PROD118603,General,211425,15,No Claim
CUSNN4KH4TEGDSK,PROD118607,Health,194904,14,No Claim
CUS86PJT4S9F0AD,PROD118609,General,242701,5,Claim Filed
CUS9MYZG8YCQOAR,PROD118612,Health,187959,12,No Claim
CUSQWAV4EXJVK36,PROD118613,Life,171530,25,No Claim
CUSC01PK13J46SC,PROD118621,Health,138016,18,No Claim
CUSDCR8DY4EAP4M,PROD118622,Life,40580,25,No Claim
CUSFGLZLROKHUSS,PROD118628,Life,119286,10,No Claim
CUSIUMI22XS4J7Z,PROD118630,General,223909,7,No Claim
925820581333,PROD118638,Life,129615,6,No Claim
CUSJRVIO6QSNDDC,PROD118639,General,40698,22,No Claim
CUSGMW0GNBNV5UI,PROD118640,Life,198505,10,No Claim
534987537763,PROD118644,General,116499,14,No Claim
149745606970,PROD118647,General,84948,11,No Claim
CUSY9K0URVXTU5F,PROD118648,Health,230852,12,No Claim
CUS8OFNEKWT57NY,PROD118650,General,64550,14,No Claim
CUSJYE9QVZMIU86,PROD118657,Life,221145,24,No Claim
CUS6OYBY9YBOL8L,PROD118658,General,149821,6,No Claim
CUSI92FEQUOC8O3,PROD118659,Life,32322,11,No Claim
CUSLTNX4POEI1HB,PROD118669,Life,52291,16,No Claim
CUSSD6SOAVILZU0,PROD118678,Health,229564,5,No Claim
CUSHCJOJZ5K9IT5,PROD118680,Life,91939,24,No Claim
CUSW4H7YPJ0W995,PROD118686,General,96552,21,No Claim
CUSM2FX8BG37GTJ,PROD118687,Health,97283,25,No Claim
CUSEN3T268O26JA,PROD118695,General,116896,11,No Claim
933382512015,PROD118696,Life,66417,14,No Claim
CUS52XRERPF97TD,PROD118701,Health,185132,8,No Claim
CUSHTB4VEOW1LZ9,PROD118706,General,102262,15,No Claim
CUSRP4F0MEHQSAJ,PROD118707,Life,239274,8,No Claim
CUSUUA5FJTDTI1Q,PROD118708,General,146672,17,No Claim
CUSOZ4NMC3L25NK,PROD118715,General,84320,18,No Claim
CUSRZO7A9WDJY1H,PROD118717,General,129660,18,No Claim
CUS9P7WIOPZG3RJ,PROD118718,General,174773,5,No Claim
CUSSW48GMCYMHF4,PROD118727,General,81495,14,No Claim
CUS6Y68B6UD8SKF,PROD118732,General,61107,14,No Claim
CUS03RHVVFIJCTZ,PROD118735,General,127042,18,No Claim
CUSTIKZURAOKJ6Y,PROD118737,General,120252,7,No Claim
CUS8SVRHEEE7B5H,PROD118739,Health,214199,7,No Claim
CUSPK7FFANTDOCX,PROD118741,Health,88224,19,No Claim
CUSCUSRQ33QICO1,PROD118747,Health,249187,20,No Claim
CUSOZ4NMC3L25NK,PROD118752,General,118888,21,No Claim
CUSLL8EZM2XG8Y5,PROD118754,Health,192770,11,No Claim
CUS4MDDZ6HKLBG4,PROD118758,Health,241864,12,No Claim
CUS68EE2OONL01A,PROD118759,General,26311,24,Claim Filed
CUSU5G16GJYCYCR,PROD118760,Life,38377,6,No Claim
CUSWG7XC3JKYEL3,PROD118765,Health,62969,11,No Claim
CUSUA9J6ZUM39F1,PROD118771,Life,56166,13,No Claim
CUSBQPVJC3QA295,PROD118780,Life,129263,11,Claim Filed
CUSO5OZ1SY30OQN,PROD118781,General,154803,16,No Claim
CUSWJRSINX4U9Q8,PROD118786,Health,52330,20,No Claim
CUS6PQNNAE63IZJ,PROD118787,General,35246,20,No Claim
311282613983,PROD118795,General,96774,22,Claim Settled
CUS390FLIPTA1E1,PROD118804,Life,66905,21,No Claim
CUSY6JE8PH142CM,PROD118816,Life,225453,8,No Claim
CUS73MFOVE30BQ6,PROD118827,General,165007,13,No Claim
CUS0GTUZ9EQKELB,PROD118830,Health,135455,5,No Claim
CUSCAR436VMABGX,PROD118849,General,143197,15,Claim Filed
CUSYT3YFFV5ZI95,PROD118854,General,161115,18,No Claim
CUSJNIYZJ3ZFAYG,PROD118865,General,56341,22,No Claim
CUSRW1MZSNBP6O2,PROD118875,Health,215538,7,No Claim
CUSKQZL07RA880A,PROD118881,General,177782,19,No Claim
CUSDD5S0Q7OC0QP,PROD118897,Life,203802,16,No Claim
187217020043,PROD118906,Health,106696,23,No Claim
CUSC65IVBIG5M1H,PROD118910,Life,49119,9,No Claim
471764029339,PROD118920,Life,70525,12,No Claim
CUSXI164XRAIT60,PROD118925,General,142238,17,No Claim
CUSQ51GQTTEP7UE,PROD118927,Health,194221,21,Claim Filed
CUSYOAALYQ61LLU,PROD118930,General,212618,8,No Claim
956983862294,PROD118932,Life,87196,22,No Claim
CUSU187EAIDL0IP,PROD118940,Life,78101,25,No Claim
CUS3XUI8LPY058E,PROD118946,Life,91627,19,No Claim
CUS9GP1X1PJLABY,PROD118951,Life,95035,14,No Claim
CUS7MXPAZVDOVP0,PROD118957,Health,200210,10,No Claim
CUS4F63D42IBLMW,PROD118964,General,96622,11,No Claim
CUSA359HO9ETRC3,PROD118965,Life,37956,22,No Claim
694212391480,PROD118967,General,105809,8,No Claim
CUSZCVI3C1EFMFL,PROD118969,Life,96262,15,No Claim
CUSK09C5TYO8V05,PROD118970,General,241901,24,No Claim
CUSSB7S043PEW2D,PROD118973,General,174106,10,No Claim
CUS64HD5WVUUD7A,PROD118975,General,108069,12,No Claim
CUSQRK3B7RQRPR7,PROD118980,General,46031,15,No Claim
CUSKUP2IV869VPF,PROD118986,Life,207627,23,No Claim
CUSTTJVZR06K38T,PROD118990,Life,114835,8,No Claim
CUS9J49Q207YU5Q,PROD118993,Health,66075,14,No Claim
CUSFRPDR9IYRPPP,PROD118998,Life,161584,7,No Claim
CUS4W9K6YYS2EXL,PROD119003,Life,210611,25,No Claim
CUS3IF9AIZH5P3F,PROD119007,Life,87736,22,No Claim
CUS86CQSNO175Z4,PROD119008,Health,82892,9,No Claim
CUS8NO7NQOTSVFK,PROD119018,Health,82089,8,Claim Settled
CUSUAWBSUWLDTD5,PROD119029,Health,216870,11,No Claim
CUSNB8BT818V0QX,PROD119032,Health,70181,9,No Claim
CUSKFKSPUIL9A6P,PROD119034,Life,245259,16,No Claim
CUSN0JNWNYQW7LV,PROD119035,General,240803,24,No Claim
CUSKXDIRSNEOA9N,PROD119037,Life,99240,21,No Claim
CUS2WZPE2VR4IM5,PROD119041,Life,191336,24,No Claim
CUSZJB7M07XQQP0,PROD119054,Life,215133,8,No Claim
CUSD207TEHQH7AN,PROD119056,General,132557,23,No Claim
CUS3MVH3BGACXGQ,PROD119068,Health,229682,24,No Claim
CUS8935RR0QHPU5,PROD119070,General,190728,12,No Claim
CUS679797VUMX01,PROD119072,Life,160161,15,No Claim
CUS16HUNJT6ED3P,PROD119074,Life,130848,25,No Claim
CUSHRB7ML2PUYPT,PROD119082,Life,45812,9,No Claim
CUSNKMRQVI5CVK7,PROD119084,General,138508,21,No Claim
767960041385,PROD119088,Health,102857,24,No Claim
CUSW0G3JPG373R7,PROD119091,Life,58882,7,No Claim
CUSKDTPLIWHVBBG,PROD119093,Health,62146,17,No Claim
CUSZO7M1ST2PYYU,PROD119096,General,232254,9,No Claim
CUSU5W0JB6O8H6V,PROD119103,Life,224049,10,No Claim
CUS6FMZXK8Z63KU,PROD119105,General,241070,16,No Claim
CUS4FZ9KWNNOD52,PROD119107,General,120974,21,No Claim
166969311076,PROD119117,Life,43187,20,No Claim
CUSTR21NE2PHZMH,PROD119123,Health,217797,6,No Claim
CUSCT8OF5YIJEZO,PROD119125,General,131563,19,No Claim
CUSGYDQZWFW6UY5,PROD119140,Life,77670,9,No Claim
CUS161RYR7XSQQ6,PROD119144,Health,30347,8,No Claim
CUSVPFXVXFRUVFX,PROD119154,Life,89251,8,No Claim
CUS4IAT7IGQM4QS,PROD119159,General,85209,9,No Claim
225016468966,PROD119160,Life,240905,17,No Claim
CUSC3NIPJVX5635,PROD119167,Life,243842,9,No Claim
CUS0WF6RD6RT3OJ,PROD119170,General,210118,23,No Claim
CUSQBGUHJCHA4ZD,PROD119175,Life,245081,9,No Claim
CUS1XPHP6K0ICAA,PROD119184,General,132427,15,No Claim
CUSK650WXC3MF05,PROD119186,Health,35088,15,No Claim
CUSRYM0NIY0RFFX,PROD119188,General,130692,6,No Claim
CUSK5PIX2N6AARH,PROD119189,General,33573,18,Claim Filed
CUS5H8KQ4496L4V,PROD119203,Health,193131,14,No Claim
CUS6WO2H8BJBGY7,PROD119211,Health,134931,19,No Claim
CUSFSUULYQA4AR4,PROD119220,Life,168253,24,No Claim
CUS5CRB6T09VW0Z,PROD119223,Life,194105,18,No Claim
CUSLAH18WHS4OT1,PROD119229,General,133771,13,No Claim
CUS4QBGVIDOAM57,PROD119231,Life,140255,16,No Claim
CUSE0BDY2D6YMNW,PROD119232,Life,55683,11,No Claim
CUSO60OMXB6B4CA,PROD119240,Life,182182,19,No Claim
840592578548,PROD119244,Life,171034,20,Claim Filed
CUSYDVSWU0NGU5Y,PROD119245,Life,70549,24,No Claim
CUSR8H22SN5Q94U,PROD119257,General,215381,12,Claim Filed
CUS18IY8HIBU03C,PROD119265,Health,246024,23,No Claim
CUSVYLDCYLF6C1N,PROD119268,General,220743,16,No Claim
CUSRCU2U4OR1ZLC,PROD119279,General,111856,16,No Claim
CUSHSO2I42MWXD9,PROD119281,General,56638,8,No Claim
CUSNWUEFMMSVHTW,PROD119286,Life,216764,12,No Claim
CUSYQ187QEMTK81,PROD119287,General,75488,12,No Claim
993243446189,PROD119291,Life,228707,20,Claim Settled
CUSJ11YEDWB2BNE,PROD119293,Health,54911,24,No Claim
CUS3JKVH0JCP5A1,PROD119296,General,124552,13,No Claim
CUS7ZQ63GPSXKSR,PROD119297,General,162957,5,No Claim
CUS5I9V0LK6148S,PROD119298,General,105086,21,No Claim
CUSGVYJEXLYBG8J,PROD119306,Health,223262,10,No Claim
CUS2GHUHOY7QTYM,PROD119312,Life,99509,15,No Claim
CUS17VNXEPYDD1D,PROD119314,General,157262,5,No Claim
CUSD166V51DJGLV,PROD119318,Life,202836,21,No Claim
CUS8GGTFIK3B3U2,PROD119322,General,229005,19,No Claim
CUSV5PIFW6572UD,PROD119325,Life,221910,22,No Claim
CUS8UPVZ7S8DOSQ,PROD119331,General,176172,14,No Claim
CUS3BFPDBX52NI0,PROD119348,Health,89621,19,No Claim
CUSX9LVLXSKABO2,PROD119350,Health,100248,8,No Claim
CUSZVYVZEYB6DGZ,PROD119359,General,73696,21,No Claim
CUSNSQLENCLUJ5L,PROD119364,Life,107353,19,No Claim
CUSZML79R16PDDT,PROD119365,Health,222505,17,No Claim
CUS5199TMH6K1WX,PROD119373,Life,108528,11,No Claim
280697123914,PROD119383,Life,45371,7,No Claim
CUSLCC3JGXMIXW0,PROD119384,Health,159946,13,No Claim
CUSZN5O2J3IRS3I,PROD119388,General,228216,9,No Claim
701156938913,PROD119389,Health,235925,5,No Claim
566984499309,PROD119391,Life,28820,5,No Claim
CUSMB42O3Q825Q3,PROD119393,General,197085,25,No Claim
CUSCBN34V5ZNF5U,PROD119401,General,130571,15,No Claim
CUSK650WXC3MF05,PROD119408,Health,136190,20,No Claim
CUSE6L2ZUADGS5H,PROD119415,General,81815,15,No Claim
CUSWWQBSC4S28R8,PROD119423,Life,52695,25,No Claim
758803557585,PROD119424,General,110841,10,No Claim
CUSYSZK6CEPWHLX,PROD119425,Health,152035,22,No Claim
CUSUS9SDEW1A349,PROD119426,Life,90735,9,No Claim
CUSXA1EATSCU13H,PROD119433,Life,183072,8,No Claim
CUSA21IE4JV9KLF,PROD119438,General,121737,20,No Claim
CUSCJY8KUA7AUMX,PROD119440,Life,206565,7,No Claim
CUSGGWGDMIKBQVY,PROD119444,General,32288,22,No Claim
CUSJ8MXG0FH92MU,PROD119451,Health,48674,16,No Claim
CUS7CBSEWGXKBEI,PROD119455,Life,79647,5,No Claim
CUS2FMBHLMJDO2K,PROD119464,Life,136257,8,No Claim
CUSVGQNXKLEKMZ8,PROD119473,Health,30972,22,No Claim
CUSA00MSSIWR8DO,PROD119479,Health,187867,19,No Claim
CUSEJCB98L8GAU1,PROD119485,General,197563,8,No Claim
CUSIQA1Q0GN1WQ1,PROD119497,General,203281,8,No Claim
CUSEPA70HYW81GU,PROD119500,Health,140610,19,No Claim
CUSSANT1PV4A2B6,PROD119502,Health,69197,17,No Claim
CUSYDZIXIJSK8FT,PROD119503,Life,175428,17,No Claim
CUSKA4J625AAVX7,PROD119506,General,139624,11,No Claim
CUSRWSPDWZ0B4ZZ,PROD119537,Health,224024,11,No Claim
CUSRQQG26BZPHLE,PROD119544,Life,201904,9,No Claim
CUSGF7QS5F44A75,PROD119550,Life,169108,13,No Claim
677255663556,PROD119555,Life,123143,24,No Claim
CUSBMGWAD0QTVB0,PROD119558,Life,232297,5,No Claim
CUSKW6M7O2RHCYW,PROD119560,General,118746,7,No Claim
CUS69A5I8RDN16R,PROD119562,General,145331,24,No Claim
CUSAJVPXYWZJ44U,PROD119571,Health,216557,13,No Claim
CUSZLTOB4AGC00R,PROD119582,Life,202218,25,No Claim
CUSNBOGPBNRVNMC,PROD119583,General,202514,6,No Claim
CUSCARP4RKI96XD,PROD119584,Health,143106,16,No Claim
CUSJ893YVTF5FJ1,PROD119586,Health,224956,12,No Claim
146353730042,PROD119589,Health,205500,8,No Claim
CUSBYFG5FZKV1ZN,PROD119591,Health,45189,9,No Claim
CUSSBTT1N02GEFR,PROD119604,General,245930,14,No Claim
CUS2ZOOU6JBL8ZS,PROD119610,General,216932,5,No Claim
CUS9YCC63E6Z4CA,PROD119621,Health,35287,10,No Claim
CUSXYGPQTI8PK1Q,PROD119627,Life,124424,7,No Claim
CUSVN30AS50CD3U,PROD119629,Health,136882,7,No Claim
CUS46GA2SDFC8IO,PROD119631,Life,145027,10,No Claim
CUS23NBIDQBDH7X,PROD119643,General,217229,10,No Claim
CUS75AJO72IF2QZ,PROD119648,General,199899,15,No Claim
CUSNWO5RLJO98NM,PROD119649,Life,236907,6,No Claim
CUSF07UCG9JT76B,PROD119651,General,49765,21,No Claim
CUSBFQLXKRDOXWV,PROD119655,Health,224536,18,Claim Filed
CUS7MO5A3BVYP9S,PROD119661,Health,97221,9,No Claim
CUSJ6N1RIDXLH1X,PROD119663,Life,174472,16,No Claim
CUS65PDB1U0OHCO,PROD119667,General,65942,7,Claim Filed
CUSNHK95HFDCA8U,PROD119674,Life,82146,10,No Claim
CUSBQPVJC3QA295,PROD119675,Health,171954,19,No Claim
913531496066,PROD119677,Life,171562,16,No Claim
655146626250,PROD119682,General,25662,23,No Claim
CUSPZ2TU7HA7JYP,PROD119695,Health,126166,22,Claim Filed
CUS9FVHBMFXF3TD,PROD119696,General,242014,16,No Claim
CUSF20VLDRA0CO4,PROD119705,Life,214937,13,No Claim
CUS77OHSUZMO6B1,PROD119720,Life,30670,20,No Claim
CUS0ZU6V2N97WOV,PROD119726,Life,101431,7,No Claim
CUSPLAIBE7DLO2A,PROD119727,Life,106259,15,No Claim
CUS4F7T8X9LFXAF,PROD119737,General,25948,23,No Claim
CUSCVBMK8I6RQ97,PROD119738,Life,116261,18,No Claim
925963386232,PROD119740,Health,248496,22,No Claim
617232302875,PROD119751,Life,194811,10,No Claim
CUS1FVGYY027K7G,PROD119768,General,191276,24,No Claim
CUSPBNVTYRODYPV,PROD119769,General,32482,22,No Claim
CUS74KMVXOR5NZT,PROD119778,Health,30442,7,No Claim
CUS39PSFEQKKE0V,PROD119780,Life,153509,7,No Claim
CUSV8DDDO8ZU524,PROD119781,Life,203125,22,No Claim
380795233574,PROD119804,General,117852,18,No Claim
CUS7XANAMPLD4VA,PROD119806,Life,188453,11,No Claim
CUSZHGWPKGSZOQF,PROD119811,General,39185,10,No Claim
CUS1GIUZ5OLCEFI,PROD119814,Health,189069,23,No Claim
CUSV4EKKBSZZVR9,PROD119818,Life,215785,10,No Claim
CUS473GHIIOMUYX,PROD119820,Health,190246,11,Claim Filed
CUS6NPQ286ZF576,PROD119826,Life,45471,6,No Claim
CUS132RB7V0IEQK,PROD119827,General,218259,22,No Claim
856994948172,PROD119828,Life,75590,12,No Claim
CUSMEZITC33EXT1,PROD119840,General,221244,21,No Claim
CUSK3KEC3MCXZNW,PROD119843,Life,248504,22,No Claim
CUS66E30Y5GTMJJ,PROD119856,Life,148293,17,No Claim
CUSNWOMX3HSZRE4,PROD119869,Health,76791,12,No Claim
CUS88OJJSYK10BL,PROD119872,General,168037,21,No Claim
CUSK6R7IJZ0ZNFU,PROD119875,Life,81713,5,No Claim
CUSNR56H1IDKJYG,PROD119877,Life,230890,6,No Claim
CUS3WYFGFH5Z1YT,PROD119878,Health,35232,25,No Claim
CUSNI5ZVLFRV22W,PROD119879,Health,88966,16,Claim Settled
CUSQUHZIPK9WAX2,PROD119880,Life,107480,9,No Claim
CUSOHOR9UA70SZN,PROD119890,General,133690,15,No Claim
CUSE24WQO4Y2LB9,PROD119896,Health,101921,11,No Claim
CUSR1PXKVTVKNQ1,PROD119904,Life,199177,21,No Claim
CUS4DZ5DQJRMPTV,PROD119924,General,142230,13,No Claim
CUSW3KHKT9IFVDQ,PROD119931,General,59120,21,Claim Settled
CUSMGOUASZ79TGJ,PROD119932,General,88877,7,Claim Filed
968605008445,PROD119935,Life,167065,7,No Claim
CUSXVCMPT5T0QXY,PROD119939,General,201984,7,No Claim
CUSN3YYJ5PIYREY,PROD119940,Health,111786,5,No Claim
CUSNTPO48JNJ5S5,PROD119954,Life,164759,9,No Claim
CUSBMOBNTSSKYT8,PROD119959,Health,180509,15,No Claim
CUS4PVH11RSB327,PROD119961,General,189548,16,No Claim
CUSCSAC2BZYXTJM,PROD119964,Health,197569,14,No Claim
CUSBSV0MJFV55O4,PROD119967,Health,52171,13,No Claim
CUS4HUVJP6R8GXK,PROD119973,General,160463,22,No Claim
CUSY8RCF2DN9G02,PROD119974,General,43685,7,No Claim
CUS0740C98UZZY0,PROD119975,Health,192862,19,No Claim
CUSVAN2LQDXYFRW,PROD119980,Health,145237,11,No Claim
CUST2LYF7XFBL0H,PROD119990,General,147747,22,No Claim
CUSGXL12DRVO9MY,PROD119992,Health,42193,15,No Claim
CUSCMJOFH5BSRJ9,PROD119994,Health,113591,18,No Claim
CUSKT3HSHSSKTT7,PROD120001,Health,147299,20,No Claim
CUSJ5E513BWADE8,PROD120011,General,225798,22,No Claim
CUSRKZXODKQ36WV,PROD120018,Health,143032,21,No Claim
CUSUJV9P2NPF7BO,PROD120024,Life,158877,17,No Claim
CUSPM4Z4ACTQXZD,PROD120025,Health,49115,6,No Claim
CUSYNTL2UG05WH2,PROD120031,Health,98855,14,No Claim
CUS9E3OBJ086A7Z,PROD120036,General,120073,16,No Claim
542332518287,PROD120038,Health,130890,12,No Claim
CUSTJDX55AX0O06,PROD120039,Life,110766,7,No Claim
CUSJ46XOO5TQNM9,PROD120044,General,152202,5,No Claim
CUSRIP30IJYOKMF,PROD120049,General,86639,11,No Claim
CUSDC3J7GKO9FCF,PROD120051,Life,217369,22,No Claim
CUSNHQR0BODEW78,PROD120055,General,128765,13,Claim Settled
CUST8K9HR21IJH6,PROD120056,General,174657,10,No Claim
CUSFOMY294VOI9P,PROD120063,Health,67495,14,No Claim
146896334253,PROD120067,Life,206999,16,No Claim
CUS36U9CYRVEOW0,PROD120071,Health,103760,24,No Claim
CUSVG9OFB21RFRU,PROD120075,General,146527,22,No Claim
CUS7YRAT92TD3NZ,PROD120084,General,45727,5,No Claim
CUSWCZ10HHAM8N4,PROD120089,Life,109805,15,No Claim
CUSXO0NH52H6JYK,PROD120094,Life,128058,19,No Claim
CUSB53R3U50RU6T,PROD120095,Life,114399,10,No Claim
CUSLUK7THMNYJ4A,PROD120102,Health,166099,15,No Claim
846195537727,PROD120105,Life,118175,9,No Claim
CUS05DUNVXH9OFP,PROD120106,Life,37878,20,No Claim
CUSXBXAGRXJKB49,PROD120108,General,190090,17,No Claim
CUSGTGIOLF63YA2,PROD120130,Health,183998,11,No Claim
CUS38TDGZ1WCNHV,PROD120144,Life,94822,8,No Claim
462604388987,PROD120147,General,121713,20,No Claim
CUSGTY1BZZSFZ2Z,PROD120155,General,151687,6,No Claim
CUSHSC2EP33TVZ7,PROD120167,General,214965,6,No Claim
CUSW2AAF1KZTKDK,PROD120172,Health,99897,21,No Claim
CUSOPTA3ZUPAIB6,PROD120176,General,36889,10,No Claim
CUS43765509T4E0,PROD120177,Life,84624,18,Claim Settled
CUS16P3VFWWHDYR,PROD120185,Health,146893,16,No Claim
CUSNQ3ADA5Z0669,PROD120186,Life,196883,25,No Claim
CUSF1E62QY2FUYN,PROD120187,General,164399,9,No Claim
307182906547,PROD120190,General,166947,13,No Claim
CUSGEIQSLFZHP26,PROD120195,General,212118,20,Claim Filed
CUSZ79W9T3OFMYC,PROD120197,General,162458,8,No Claim
CUSUVCM6LCDEW66,PROD120199,General,245530,11,No Claim
CUSK4OTBGDPUH4G,PROD120205,General,238342,11,No Claim
CUSO2UYT21XJSNK,PROD120208,Life,50117,18,No Claim
CUSEJC2PD8LHKX1,PROD120213,General,90773,21,No Claim
CUSXCRH6SBYD1RK,PROD120217,Life,48460,9,No Claim
CUSUKYNH02BHXXS,PROD120218,General,218887,5,No Claim
CUS1ZSL7N28YJ9L,PROD120225,Life,112899,23,No Claim
CUSM9BJUDL3AF6K,PROD120236,Health,48790,7,No Claim
CUSK3WW8OSU78V5,PROD120242,Life,96584,7,No Claim
CUS676WOH2ND4PU,PROD120244,Life,28351,25,No Claim
CUSRAF9CNQCJBR8,PROD120249,Health,171535,16,No Claim
CUSM89RH7W34ASB,PROD120252,General,120439,15,No Claim
CUSU6J67Q4CTW4E,PROD120254,Life,147225,19,No Claim
CUS1UWCR5VQS0GH,PROD120255,Life,178375,20,No Claim
CUSUVLD7P441JWY,PROD120263,General,35368,6,Claim Settled
CUS39GJL54XO8FN,PROD120264,General,249116,6,No Claim
CUSEXS66TFCJP0F,PROD120265,General,143887,8,No Claim
166761172902,PROD120267,Life,209792,24,No Claim
CUS8L55SFYVW1L7,PROD120271,Health,151033,13,No Claim
CUSAY5LJG6FYWF3,PROD120286,Health,215682,8,No Claim
CUSVNC35B0P7YOG,PROD120292,Life,75621,5,No Claim
800263446450,PROD120304,Health,38477,14,No Claim
CUSG2XI1M4Q97V5,PROD120308,General,77545,8,No Claim
CUSVPDMPM312DO4,PROD120331,General,56471,5,No Claim
CUSU2XUCU20J5VT,PROD120332,General,161590,9,No Claim
CUS9ABPUW825HNR,PROD120338,Health,179965,25,No Claim
CUSEVM1ZKTMHZ4Z,PROD120339,Life,221169,23,No Claim
CUSL2MBRUO2X3YV,PROD120341,Health,166472,13,No Claim
CUSFYTTU4W3JZTT,PROD120345,Life,208371,11,No Claim
CUS7B003AV59R4Z,PROD120350,Health,158600,16,No Claim
CUSYCNIDS13PMNC,PROD120351,Health,41712,15,Claim Filed
CUS8OZYKIZGGTQF,PROD120352,General,189328,10,Claim Settled
CUS4SARHADWINX1,PROD120356,Life,35517,16,No Claim
CUSXLTK9ZEJTYE8,PROD120362,General,201186,11,No Claim
CUSQSBWEF182YC5,PROD120371,Life,104872,23,No Claim
CUSWWAGLMNEKI53,PROD120373,Health,171434,12,No Claim
CUSTR00Q5BDWCTJ,PROD120374,Life,118873,19,No Claim
CUSTIWBSR1NHRUK,PROD120383,Life,128464,25,Claim Filed
CUS0CIAFMQE2MZ1,PROD120384,General,49023,24,No Claim
CUSU1WSO5OUO0W3,PROD120385,General,171978,19,No Claim
CUS5R2BZ1E451XD,PROD120387,Life,62384,14,No Claim
CUSDBT2R53WUE9S,PROD120392,Life,137243,12,No Claim
CUSH79EZMVD77R5,PROD120394,Health,82625,25,No Claim
CUS04RMJPP0L0P4,PROD120405,General,32328,20,No Claim
CUSODFWSZEJEIS4,PROD120408,Life,230314,13,No Claim
CUSEY71XOGDJIIE,PROD120412,Health,94053,16,No Claim
CUSP91IK9PWKWXX,PROD120419,General,160137,6,No Claim
CUSP9JHT82GQJIT,PROD120420,General,51428,5,No Claim
CUSM456O0MYRG90,PROD120422,Health,188578,19,No Claim
CUS5P96OY9ONNMI,PROD120424,Life,108072,17,No Claim
CUS7JLC0S8IVTR3,PROD120427,General,85480,22,No Claim
CUS2ZC8GSIQLYS7,PROD120428,Life,246179,25,No Claim
CUSS9RZ9UUQTM09,PROD120439,Life,112872,18,No Claim
CUSF2RZ9W2YT9WU,PROD120452,General,158904,19,No Claim
CUS6G260W3TN525,PROD120457,General,74529,20,No Claim
681373136172,PROD120463,Life,166305,19,No Claim
CUSHK1UITONS7VY,PROD120488,Health,92708,24,No Claim
CUSAQIQ9KQN48Y6,PROD120490,Life,94485,22,No Claim
CUSGRN7Q5ZQDMF5,PROD120495,General,196200,18,No Claim
CUS9MYZG8YCQOAR,PROD120501,Health,153285,17,No Claim
CUSUARPOWGEEJ6Z,PROD120502,Life,181278,25,No Claim
618280868986,PROD120509,Life,243227,23,No Claim
CUSXL9J2Y68YQ4S,PROD120511,Health,82197,8,No Claim
CUSFLD6HJB653FY,PROD120512,General,163479,6,No Claim
CUSDAZV6RKZTJHW,PROD120517,Life,133010,16,No Claim
CUS2EN8YJBPOB9O,PROD120518,General,151683,7,No Claim
CUS1510AXZQFFG4,PROD120523,General,198845,24,No Claim
CUSVFPBI30Y15F6,PROD120536,General,219754,15,No Claim
CUSU2MU3LE5GR0P,PROD120537,General,25179,8,No Claim
CUSQU08QQRR17ZW,PROD120547,Life,64562,14,No Claim
CUSBEDWSYEUWFEU,PROD120551,Life,139693,12,No Claim
CUSCKRKUTRXLXLI,PROD120556,General,55095,16,No Claim
CUSIH0RMXHUQ4KP,PROD120562,Health,128007,9,No Claim
CUSTRFSQQUVIR08,PROD120563,Health,95960,16,No Claim
CUSE1LET5VSGKBK,PROD120564,General,167184,6,No Claim
CUS4GPX6A5D1U1P,PROD120578,Life,67476,11,No Claim
CUSVPYP50OCR2PT,PROD120579,Life,127415,23,No Claim
CUSI3RPNIQGCBD9,PROD120581,Life,124522,20,No Claim
CUSYDOTFHS0FOD2,PROD120597,Life,128614,9,No Claim
CUSQF0HU2TS2Z8O,PROD120603,Life,60297,5,No Claim
403707925639,PROD120604,Health,213500,13,No Claim
CUS5HIUR5QL910W,PROD120605,General,228145,8,Claim Settled
CUS9EKQRNUINW2B,PROD120608,Health,136964,18,No Claim
CUSSZTN42E0M7QM,PROD120612,Health,214111,12,No Claim
CUS3WLII0R177OH,PROD120618,Life,173228,16,No Claim
CUSNHTYKMP3FL7D,PROD120619,Health,25303,11,No Claim
CUSH7N7FH0RLX4J,PROD120626,Life,94323,13,No Claim
CUSTBGKOSUG8NML,PROD120639,General,172179,9,No Claim
CUSZ95BRFJ7KOHG,PROD120648,Health,172662,13,No Claim
CUSW6RUL3TBDI3G,PROD120651,Health,73030,23,No Claim
CUSF7HUZSWVL3KJ,PROD120654,Life,105121,12,No Claim
CUSAKTT764KFXN4,PROD120659,Health,229640,11,No Claim
CUSL5MZ1LIC5SWU,PROD120663,General,87921,22,Claim Filed
176139818628,PROD120667,General,245672,12,No Claim
CUSTNXYRX7H299K,PROD120673,Life,54654,25,No Claim
CUSPWUM3ZCYEE3L,PROD120674,Health,234766,8,No Claim
832094142219,PROD120681,Life,99117,24,No Claim
CUSZKFY5PC5F8YW,PROD120683,Life,243684,20,No Claim
244012701402,PROD120701,Life,153903,16,No Claim
CUS7A8YAN7W5VC9,PROD120718,Health,92597,21,Claim Filed
CUS365TFEY2Y4JM,PROD120725,Health,99629,23,No Claim
359260695772,PROD120738,General,43232,11,No Claim
CUSG7R7QRKACJVS,PROD120744,Life,207871,10,No Claim
CUS28G54TTH8OPR,PROD120745,Health,38678,9,No Claim
CUSJ12L6JVV64S5,PROD120748,Health,101902,16,No Claim
CUSRKPOZMEVV07M,PROD120751,Life,219788,24,No Claim
CUSM7QUI2V1UJZA,PROD120756,Life,92044,12,No Claim
CUS0IMTBBWE28ED,PROD120758,Health,107098,24,No Claim
CUSXKG9O2HLR8UX,PROD120762,Health,120141,21,No Claim
CUSHE81BRTP16AC,PROD120766,General,55794,6,No Claim
CUS56IFNM9NCRQV,PROD120782,Life,138957,17,No Claim
CUSSXK6ZTHSKB7U,PROD120786,Health,211949,9,No Claim
CUSTDAEYGWHTR1W,PROD120791,General,75035,22,No Claim
CUS7ZNVBL9M12WJ,PROD120797,Health,249190,11,No Claim
CUSE94ZEO67A24A,PROD120798,General,88339,15,Claim Filed
CUSQAO2BVXRP3Z7,PROD120808,Health,119696,9,No Claim
CUSRE4FKV31IX1O,PROD120819,General,67654,15,No Claim
CUS7QMGB5MUA58C,PROD120823,Health,243947,22,No Claim
CUSXZN77I8UCTPV,PROD120829,Health,128270,20,No Claim
CUSQ4XESGX1WU1I,PROD120830,Life,95509,9,No Claim
CUSI4Z2M3ZAS1MN,PROD120832,Health,77558,21,No Claim
CUS3UTIUMW6ASGF,PROD120837,Life,142120,14,No Claim
675171084138,PROD120839,Health,65970,18,No Claim
CUSJYV3FNNPMMAF,PROD120840,Life,36205,14,No Claim
CUSTJ91AZ1YAN1U,PROD120856,General,249838,21,No Claim
CUSRVTFMRMQ9PKL,PROD120863,Life,71089,19,No Claim
CUSGCRMIGHTK3PZ,PROD120867,Health,130945,17,No Claim
CUSDEEYVHAW0ZL4,PROD120869,Health,71068,25,No Claim
CUSOJNWAC5ZN6JF,PROD120871,Life,85252,10,No Claim
CUST5FQS1DYKNN2,PROD120876,General,196236,10,No Claim
CUSHA0WOS7KA2I5,PROD120877,Life,177689,18,No Claim
CUSYNGNHG7KBDZ7,PROD120879,Health,64668,17,No Claim
CUSIPWT56AZS207,PROD120881,General,118953,18,No Claim
CUSEM1OVLIN2VRG,PROD120891,Life,42804,19,No Claim
CUSUO7Z6I04NFVA,PROD120895,Health,93828,15,No Claim
169191256124,PROD120910,Life,224045,5,No Claim
CUSU6B15X8G1HZV,PROD120913,General,151920,6,No Claim
CUS0O0G4UDNR32I,PROD120922,Health,223010,10,No Claim
CUSFXWY2XO5YB5I,PROD120928,Health,111319,22,No Claim
CUS6DQFP8FQOD8A,PROD120932,General,85716,24,No Claim
898748550610,PROD120938,Life,50893,14,No Claim
CUS42AHPFJYRE16,PROD120939,Health,64972,10,No Claim
CUSTT7G4V7HZQQC,PROD120940,General,144788,11,No Claim
CUS7K2NYMOLEBLZ,PROD120941,Life,134055,11,No Claim
CUSJ08V0B9Z2QAR,PROD120947,Life,44798,25,No Claim
CUSN9CWYW8NQ3OC,PROD120948,Health,194228,7,Claim Settled
CUS14SGAC43Q95T,PROD120955,Life,151847,21,No Claim
CUSMX61ZW3PU61K,PROD120957,General,31905,25,No Claim
CUS5JBHT17UX02M,PROD120958,Health,217344,5,No Claim
309108798316,PROD120962,Health,129166,15,No Claim
CUS18B850PK5LMF,PROD120964,General,68957,14,No Claim
669774190454,PROD120973,Life,182078,15,No Claim
CUSQT78T1ZSFVAP,PROD120990,Life,228048,7,No Claim
CUSE4GQGWE7T7UA,PROD120991,General,194727,20,No Claim
CUSKVD08RYDYJ28,PROD121009,Health,245430,8,No Claim
CUSYKAQB6J9ME1V,PROD121010,Life,104619,15,No Claim
CUSILP0E6DIVVO2,PROD121015,General,244063,10,No Claim
CUS20BKAW2CGWW5,PROD121018,Health,73293,15,No Claim
CUS4LF30EKIA3HY,PROD121024,General,175623,16,No Claim
CUSGTZAEFJ9GBE8,PROD121026,Health,64029,18,No Claim
CUS1XS3QERX5DOL,PROD121032,Health,163018,9,No Claim
CUSH972E47AHOW5,PROD121033,Health,168164,6,No Claim
CUSW2QGH7JL8YOU,PROD121048,Life,153587,15,No Claim
CUSMFCBJ5LEZMV0,PROD121052,Life,147806,22,No Claim
CUS36DTR3X64M0Z,PROD121053,Life,112590,5,No Claim
CUSECLPSRM3MH11,PROD121055,Health,72950,12,No Claim
CUSJNSDZOY2TC85,PROD121056,Health,222717,15,No Claim
CUSVSB33YRFY8FT,PROD121057,Life,68256,22,No Claim
CUSJB97OTAI5THQ,PROD121065,Health,51171,15,No Claim
CUSQ3KVJ9Z1CA9I,PROD121070,Life,198111,25,No Claim
CUS9PZD2YYPBW4L,PROD121071,General,105470,23,No Claim
CUSFDY4SN40T3RL,PROD121073,Health,151248,9,Claim Settled
CUS6J3M3O5PQ7AG,PROD121084,General,96570,14,No Claim
CUS698UC5TWGWLH,PROD121085,General,94934,21,No Claim
CUS64A02SJQ7OLO,PROD121096,General,48202,21,No Claim
CUSY3LNCE01LUS9,PROD121097,Health,137674,8,Claim Filed
951140621761,PROD121105,Health,81344,25,No Claim
CUSZIMHIPIQEAG3,PROD121107,General,242410,12,No Claim
154594962878,PROD121109,Health,168349,11,No Claim
CUS9L8JATIBJ327,PROD121114,Health,36979,13,No Claim
CUS4RW2SP2E7XWX,PROD121115,Life,214989,15,No Claim
CUSCOXKQ5P52DWH,PROD121118,General,213506,11,No Claim
CUSB9H9WCI268XZ,PROD121121,Life,36256,23,No Claim
CUSEARXWU2P8NF3,PROD121123,General,141946,5,No Claim
CUSUWEWSMSTRVBB,PROD121126,Life,190256,25,No Claim
CUSC4SL05SC51SJ,PROD121129,Life,99924,25,No Claim
CUSO9C2GEZSGC1P,PROD121131,Life,179827,16,No Claim
CUSUSX2A9RCHKMY,PROD121132,General,186102,15,Claim Settled
CUSFFYRIJQ5P9KL,PROD121133,Health,46607,7,No Claim
CUSXXSYKQVOX2N5,PROD121144,Health,113777,18,No Claim
CUS335OPMVDH405,PROD121145,Life,238416,25,No Claim
CUSV6ZQE164GXZ7,PROD121163,Life,165748,14,No Claim
CUSQBCU0AKNSCCZ,PROD121171,General,59724,13,No Claim
CUSHTAB92WC3BNE,PROD121177,Health,67859,6,No Claim
CUSVQI6AOQZX5AF,PROD121183,General,231826,25,No Claim
CUSOYTOL2JJJMGL,PROD121189,Life,114070,12,No Claim
936052928942,PROD121190,Health,56635,18,No Claim
CUSK02AIBQLSNBF,PROD121196,Life,130086,9,No Claim
CUSL8F88CCHGSW3,PROD121205,Health,202050,10,No Claim
CUSMQ1MBCDMJVLF,PROD121206,General,54381,9,No Claim
CUS36I8S41CN97W,PROD121215,General,226713,5,No Claim
CUSCDWJ6RISMWVD,PROD121228,Life,244546,14,No Claim
CUSW6MIRTWGKCRN,PROD121234,General,119285,16,No Claim
CUSGCMCXOCCV8V2,PROD121239,Health,177950,19,No Claim
CUSYZR7I97EMG1L,PROD121244,General,109011,14,No Claim
CUS97QZ74WBZHMU,PROD121251,Life,146301,8,No Claim
CUSAD39DCYINRTT,PROD121263,Life,238057,9,No Claim
CUSUX925NGKQC22,PROD121264,Health,69156,9,No Claim
CUSNDQ76UQHDE77,PROD121266,Health,245283,8,No Claim
CUSUM51TL35BDLH,PROD121273,General,144397,15,No Claim
CUSBFOZBRGLJRAV,PROD121275,Life,43889,19,No Claim
CUSSM60ALQ1GIGV,PROD121280,Health,206836,25,No Claim
CUSH9SQ0RFPYK93,PROD121291,Life,180445,12,No Claim
679733782541,PROD121299,General,147525,9,No Claim
CUSEVKENCPON439,PROD121306,Health,130977,21,No Claim
CUSYN0QGV1RCXCR,PROD121314,Life,135977,7,No Claim
CUS2XL5WS6UN87W,PROD121318,Health,46335,9,No Claim
CUSQTVVA9UQ6HH4,PROD121326,Health,244775,16,No Claim
CUSTHJUV775ZCBW,PROD121328,Life,57851,21,Claim Settled
CUSRTDJBPSL1GW2,PROD121332,Life,48389,15,No Claim
CUSJGJOP89FWLFZ,PROD121334,Health,187167,21,No Claim
589683649336,PROD121343,Health,58840,6,No Claim
CUSQOKB32EWMS8M,PROD121359,Health,116049,17,No Claim
CUSX37ZOWFD09DK,PROD121361,Life,50269,16,No Claim
CUSM625HUHAAG64,PROD121365,Health,249326,10,No Claim
CUSG3J7D1R4MW86,PROD121383,Health,81104,17,Claim Filed
552158290273,PROD121405,General,120959,12,No Claim
CUSDIR2FRHRIQPF,PROD121411,Health,235077,13,No Claim
CUS8PAJSSUUQO1V,PROD121417,Life,161010,13,No Claim
CUSWGCXRXGT8D9E,PROD121427,Life,154019,16,No Claim
CUSCSUI01MUMKMO,PROD121433,Life,166890,15,No Claim
CUSZAHT0ALQJY51,PROD121462,General,132045,12,No Claim
CUS5962FKX2RQMQ,PROD121466,General,214161,17,No Claim
CUSKW2CO821XF5P,PROD121469,Life,89735,12,No Claim
CUS1ZXWL8GL23VV,PROD121474,General,220803,9,No Claim
CUSBHGWLS7IB1SB,PROD121480,Health,180121,6,No Claim
CUSD4NAZ9SIPJZ7,PROD121484,Health,54634,12,No Claim
CUS0SXO6TIQJERT,PROD121486,Life,144202,24,No Claim
CUSJJ4DFDT3DZS4,PROD121490,General,91436,17,No Claim
CUSEIO9QZO3SXL2,PROD121493,General,143140,22,No Claim
CUSQC2LA1VYI3EK,PROD121494,General,189428,25,No Claim
CUS590UOQVBDN4D,PROD121497,Health,112596,11,No Claim
CUS3NEV01D8IDPH,PROD121508,Life,179930,10,No Claim
CUSDSBTQUV8ZINS,PROD121509,Health,234552,7,No Claim
CUSDP00NXFFBSRZ,PROD121510,General,121291,13,No Claim
CUSF2XFQ8QHXAB8,PROD121512,Life,67439,13,No Claim
CUS981EWE1NOU9B,PROD121516,Health,113711,6,No Claim
CUSA0QUQKQJLYEB,PROD121523,Health,141840,10,Claim Filed
118286007502,PROD121524,Life,55723,8,No Claim
CUSRG20DF7NDSZ0,PROD121525,Life,36849,18,No Claim
CUSE2QV91T7BMSR,PROD121529,Health,248572,15,No Claim
CUSSNRQRV88QHP5,PROD121530,Health,235355,20,No Claim
CUSB5LZ713R2LYK,PROD121536,Health,170085,9,No Claim
CUSMQ2JB1ZQXG03,PROD121542,Health,67917,7,No Claim
CUSYDQ6NB5TP7UH,PROD121550,Life,197036,14,No Claim
CUSCT07EVC8USAO,PROD121554,General,207147,14,No Claim
CUSRY0QOWW3METM,PROD121560,Life,160358,8,No Claim
CUS6EPCEW8F6N32,PROD121565,Health,78209,16,Claim Filed
CUS8V4LASWJLDDM,PROD121568,Health,121062,12,No Claim
CUSRME9AT9TVJ9P,PROD121571,Life,132159,24,No Claim
CUSYHD3A7P1NLWW,PROD121588,Life,233997,11,No Claim
CUSB4UCJ9TM0FH6,PROD121602,General,200702,14,Claim Filed
CUS3QBIMB21IVQF,PROD121605,Life,166004,15,No Claim
CUSL2ULE4V60EZ3,PROD121608,General,181575,15,No Claim
CUSLI08JOSBL0QT,PROD121610,Health,119070,5,No Claim
CUSXET1PLDU4LAL,PROD121612,Health,195562,17,No Claim
CUSNZAXZ6F7J68P,PROD121613,Health,95302,12,No Claim
CUSBA6EPCPOHZ1M,PROD121618,Health,76992,17,No Claim
CUSDF9KT2RK0BSF,PROD121630,General,247108,25,No Claim
512738656163,PROD121633,General,209567,23,No Claim
CUSA1NZRECJ0JWU,PROD121638,Health,159701,7,No Claim
CUSJWNQ5G9JFNNN,PROD121641,Health,226455,23,No Claim
CUS1J3L4E5BMEQZ,PROD121646,Health,31360,8,No Claim
CUSBCK88D0TGSIW,PROD121663,General,217070,14,No Claim
CUSQB3KS9C0FXW2,PROD121666,Health,149710,17,No Claim
CUSJMEP5QTAVF6N,PROD121668,Life,35501,24,No Claim
CUS6V2DNPCX4XYG,PROD121669,Life,243550,20,No Claim
CUSE1ENC0MYC9ES,PROD121677,General,168252,24,No Claim
CUSVYHBAII11QQX,PROD121686,Life,234929,23,No Claim
CUSYFI7Y01MUT84,PROD121692,Health,187730,6,No Claim
CUSP2CYHMW5BOVF,PROD121699,Health,225577,10,No Claim
CUS1PE1GXRD0KXD,PROD121702,Health,149214,23,No Claim
CUSO0DOEHCZSVDC,PROD121705,Life,100050,16,No Claim
CUSBYK7PKTNKQLR,PROD121712,General,221792,23,No Claim
CUSC3C5CZQWXD2Q,PROD121725,Life,100789,10,No Claim
CUSBLFO33H31HDC,PROD121727,Life,65052,24,No Claim
CUSNN1NCT6T9UWQ,PROD121742,General,55503,8,No Claim
CUSSIGE0PIOK0F7,PROD121747,Health,67231,22,No Claim
CUSA69AQNC64TKH,PROD121753,General,201594,14,No Claim
CUSHATT9BUNILQX,PROD121768,Life,99515,15,No Claim
757271344007,PROD121773,General,225390,21,No Claim
CUSY5JD9HPISYHV,PROD121778,Health,133304,20,No Claim
CUSNN18GXPCNYV7,PROD121784,Health,241088,13,No Claim
CUSRESTMUVRD0BP,PROD121786,Health,42511,8,No Claim
CUSR449WGLU438Q,PROD121791,General,192210,8,No Claim
CUS10QBMGGGFOKH,PROD121793,General,64801,10,No Claim
CUSW09R99EHUUS5,PROD121794,Life,189250,24,No Claim
CUSQSFVXHEIKX7Z,PROD121799,Life,63648,9,No Claim
479433340120,PROD121802,Life,217625,23,No Claim
CUSNF2TR0FQHIRG,PROD121805,Health,132865,21,No Claim
CUSFXTCXKNF7ONV,PROD121826,Life,69573,14,No Claim
CUSBKP9EBYESZUG,PROD121830,Life,71260,8,No Claim
CUS99J1YCPZ05RU,PROD121832,General,169576,17,No Claim
CUSRLA0ZYBEVZ63,PROD121833,Health,94776,13,No Claim
CUSWPKWIB8EXUUI,PROD121836,Health,95181,9,No Claim
CUS7J6VO0HSW299,PROD121840,Life,33261,12,No Claim
CUSP4H4Z2GIS3ID,PROD121847,Life,150773,8,No Claim
CUS23RT5O0RV7CO,PROD121853,General,112053,12,No Claim
CUSRITIDOIMN12A,PROD121857,General,200324,20,No Claim
CUSFTA08CHWCNC1,PROD121860,Life,68123,12,No Claim
CUSTCTH7DG9RFGN,PROD121866,Life,140814,19,Claim Settled
946934372604,PROD121870,Life,58311,6,No Claim
CUS9WI9IJBN9FQ5,PROD121874,General,111809,16,No Claim
173351013194,PROD121880,Life,248019,15,Claim Filed
CUSZC4BNE24TIGF,PROD121883,General,124745,5,No Claim
CUS6FUQGLBU647Z,PROD121888,General,164204,7,No Claim
CUSARGHNC2B3D5P,PROD121894,Life,177363,20,No Claim
CUS7HIWPWU29PUG,PROD121903,Life,54618,17,No Claim
CUSJ3QKNVSGS7AG,PROD121904,Health,211364,20,No Claim
CUSZIKSK9XCHD9B,PROD121909,Life,167989,23,No Claim
CUSJLSFX2R52E7T,PROD121915,Health,107217,12,No Claim
CUSRN71OP4QES1L,PROD121917,General,166935,14,No Claim
CUSJI7FDTRP2I9I,PROD121919,Health,206620,8,No Claim
CUSUCCBF079AU77,PROD121920,Health,128575,22,No Claim
CUSQWXK8ARUOEWS,PROD121939,Life,48392,21,No Claim
CUSCSFKJZA3UE1K,PROD121941,General,29442,8,No Claim
CUSEAXGHKTIGVHS,PROD121942,General,188629,13,No Claim
CUS3QJMMTOZ3CPP,PROD121943,Health,236226,18,No Claim
CUSUWYFRWC8OYNO,PROD121947,Life,91022,16,No Claim
727506766287,PROD121953,Health,231712,5,No Claim
CUS60TOROLH1C31,PROD121954,General,39190,7,No Claim
CUSCQXVQUXK3K0F,PROD121966,Health,160318,25,Claim Settled
827351855446,PROD121974,General,142220,19,No Claim
CUSLKROMOLGZSA8,PROD121975,Life,198089,18,No Claim
CUSP89FKBI4O6Q0,PROD121987,Life,236996,5,No Claim
CUS2D9QRS02WRSH,PROD121997,Health,190050,20,No Claim
CUS2V4C1USDQHDK,PROD121998,Health,216493,8,No Claim
CUS6T6X0GQLK8FH,PROD122002,General,114089,6,No Claim
CUS4R6D8YFSONSR,PROD122005,Life,230769,22,No Claim
794353776841,PROD122007,Life,219806,14,No Claim
CUSDY7ZSB3Y84BB,PROD122012,Health,177830,16,No Claim
CUSUM4Y4DE8EEDF,PROD122026,Life,200000,10,No Claim
CUSQ4XESGX1WU1I,PROD122032,Life,160953,15,No Claim
408534689081,PROD122040,General,197699,21,No Claim
CUSWR0R5FCGM6QI,PROD122044,General,207173,13,No Claim
CUSB2O9ZHKBS3SA,PROD122048,Health,67808,23,No Claim
386768302811,PROD122051,Health,184732,23,No Claim
CUSWN8AARD7DQ8V,PROD122054,Health,85716,13,No Claim
CUS5PVA5GJ5XZ6M,PROD122057,General,80139,18,No Claim
579796382557,PROD122062,General,164117,25,Claim Settled
CUS5J4MHK836IX2,PROD122070,Life,176267,7,No Claim
196914463217,PROD122077,General,240522,9,No Claim
CUS5W9D6M895FA1,PROD122080,General,77187,17,No Claim
CUS7BGU51G5715V,PROD122083,General,95508,19,No Claim
CUSNWAC1ZWB4QWS,PROD122094,Health,178813,6,No Claim
CUSIN91BA7VDVK9,PROD122095,General,137666,8,No Claim
CUS9P3MBB0DN1KJ,PROD122103,Life,163181,24,No Claim
208475435880,PROD122107,Health,176480,21,No Claim
CUSRMRZIOL4QS3M,PROD122109,General,189508,10,No Claim
CUS72ELC7R553WY,PROD122111,Life,146910,5,No Claim
CUSAZPT8V0TGTM5,PROD122119,Health,68938,21,No Claim
CUSEVG09UIOPMMY,PROD122124,General,227674,21,No Claim
CUS2C5UN97BNYU8,PROD122130,Life,240318,20,No Claim
CUSU50B7IOOIUTN,PROD122143,General,198759,21,No Claim
CUSCN7T1A9E61A2,PROD122154,Health,166208,7,No Claim
CUS3KZ4NGU3PDLA,PROD122155,General,147821,6,No Claim
CUSBMNB5VYMWSNM,PROD122156,General,230331,6,No Claim
CUSKB19GS2UTTS6,PROD122158,Health,98412,25,No Claim
CUSR2GVZ86GX6A2,PROD122159,Health,168845,15,No Claim
CUSOZ3UP70QNIQC,PROD122167,Life,206407,10,No Claim
CUSYPJTLAI4XOD6,PROD122169,Life,188174,7,No Claim
844469929176,PROD122173,Life,200281,21,No Claim
CUSTU2K1R8WJHC9,PROD122179,Health,73860,18,No Claim
CUSANAPDAE7SKGJ,PROD122181,Life,97928,13,No Claim
CUSZX37WYIASWRY,PROD122185,Health,207274,23,No Claim
CUS654IZ6KDL7NW,PROD122186,General,25878,18,No Claim
CUSU2ZM22OUWB3J,PROD122189,General,53848,18,No Claim
CUSSXI57OZJ5D64,PROD122193,Life,197984,21,No Claim
CUSVH7RHEEQL4CG,PROD122198,Life,37275,15,Claim Filed
CUSCT0IGZ4ZIBZC,PROD122221,Life,239971,7,No Claim
CUSIFPOUDQQY1L0,PROD122223,General,51647,22,No Claim
CUSIQJPLVEL38WI,PROD122224,Health,174093,17,No Claim
CUSCUGKAZ1PAI9S,PROD122233,Life,199444,13,No Claim
CUSJP5DC39UJW1T,PROD122240,General,51586,9,No Claim
685909491921,PROD122247,Health,242487,17,No Claim
CUS679797VUMX01,PROD122253,General,125684,21,No Claim
CUSEWIXIR8A42VL,PROD122254,General,168539,22,No Claim
789427725748,PROD122255,Health,138812,15,No Claim
CUSU2TJ6H0PA1K7,PROD122260,Life,223457,10,No Claim
CUS0UA4RZABH3VE,PROD122267,Health,191198,21,No Claim
CUS13H6Y8UAEJUN,PROD122268,General,198050,24,No Claim
CUS6AZYLXV8K9EB,PROD122273,Health,215919,14,No Claim
CUSZ6A6M1N7XQ7L,PROD122277,Health,182486,16,No Claim
CUSXWR04W8ZGE0X,PROD122283,General,156973,14,No Claim
CUSI9X7W6MNPZX3,PROD122287,General,49547,18,No Claim
CUSO34H3FFZB5BA,PROD122292,General,170138,12,No Claim
CUS9GBJM3NEEOUO,PROD122293,Health,183458,21,No Claim
CUSST0QGR0TEO6N,PROD122301,Life,136857,7,No Claim
CUSKUPBZBEKB0PJ,PROD122304,Health,218665,12,No Claim
212461530926,PROD122313,Health,189872,22,No Claim
CUS5FE89VSXDX5I,PROD122315,General,72984,11,No Claim
CUSI9AEL4STFJ9J,PROD122316,General,79518,20,No Claim
CUS4F63D42IBLMW,PROD122324,General,117743,19,No Claim
CUSSLOLMVFAUAEA,PROD122325,General,43613,12,No Claim
CUSEVKENCPON439,PROD122328,Health,82876,8,Claim Settled
CUSRN8HCNS4PJY9,PROD122329,Life,30941,15,No Claim
CUS8S9RB91TK9J1,PROD122330,Health,42855,19,No Claim
CUSDFR2JF6NSU3O,PROD122335,Life,109617,21,No Claim
CUSRYKHZP7VA3ER,PROD122336,General,46053,14,No Claim
CUSCOGLQ9EANJMN,PROD122349,Health,126259,8,No Claim
CUSZVN5HFN0DW1P,PROD122351,Health,173858,22,No Claim
CUSBC3OGF9FTBFA,PROD122352,Life,58290,17,No Claim
CUSCFMH8AA1OKIW,PROD122360,Life,113072,9,No Claim
CUSD85QCQ4XEZX5,PROD122372,General,102481,25,No Claim
CUSIJKT7E0U5NTH,PROD122373,General,154163,10,No Claim
CUS722K3NH8138U,PROD122382,Life,142847,6,No Claim
CUSSM8QKR05RS1C,PROD122389,Health,121631,13,No Claim
CUSXIHXZM79V9VW,PROD122392,Health,76025,24,No Claim
CUSDMMNWX0L33ST,PROD122396,General,207150,18,No Claim
CUSI24RMJU1ZE50,PROD122398,General,118046,24,No Claim
904635585158,PROD122404,Life,211587,25,No Claim
CUS4A1I7QM7AC7R,PROD122405,General,184071,16,No Claim
CUS9QESJWK52SXW,PROD122406,General,69638,18,No Claim
CUSUZRYD1PV9FAA,PROD122409,Life,212242,18,No Claim
CUSSTAC8P8T1QMN,PROD122410,General,102718,14,No Claim
902980338417,PROD122415,General,82681,14,No Claim
CUSEJ5PM2X3O8VI,PROD122422,Life,249749,9,No Claim
CUSLEJ8NMLUZAWL,PROD122433,Health,72301,22,No Claim
CUSAYFJ6O38LU26,PROD122435,Health,225671,12,No Claim
CUSZPGEHLF7JMIR,PROD122436,Health,38642,10,No Claim
CUSANBB9QS66SZS,PROD122439,Health,237851,25,No Claim
324772792402,PROD122445,General,115973,19,No Claim
CUSE1FXUUAIZWZU,PROD122453,General,148646,19,No Claim
883583020258,PROD122457,Health,85383,18,No Claim
CUSXQ97NNAOWE3D,PROD122465,General,247274,21,No Claim
CUSPJZYG2CWIVDJ,PROD122478,Life,32508,22,No Claim
CUS8VYCIZ6PJAIZ,PROD122482,Health,153677,12,No Claim
CUSRVV6JTI6V7ZB,PROD122483,Life,172799,20,No Claim
CUSNMKPSRNBLHZM,PROD122485,Life,155291,7,Claim Settled
CUSNFZUWC8UDGB5,PROD122490,Health,192636,18,No Claim
CUS90L4RNQV3G5S,PROD122493,Health,169071,12,No Claim
CUSRMLQQ76VGEGM,PROD122502,General,206297,24,No Claim
572175857936,PROD122504,Health,53182,13,Claim Settled
CUS9EROTP8RNN79,PROD122507,Life,63609,23,No Claim
CUSM1W2EKPDVVJQ,PROD122509,General,141775,18,No Claim
CUSUT9EENULMKUE,PROD122517,General,116830,17,No Claim
CUSILXYSMYJ4HOW,PROD122520,General,134778,24,No Claim
CUS6L9X3E4TMQWE,PROD122526,General,92969,16,No Claim
CUSSTIX3SZLVPC5,PROD122530,General,89486,21,No Claim
CUSFQNBKOOGD1I3,PROD122532,Health,212861,25,No Claim
CUSJZ1X76508283,PROD122539,Life,84765,10,No Claim
CUSPB93LSBR1LF7,PROD122541,Life,97214,15,No Claim
CUSD6QY2VWJ1MR7,PROD122542,Health,146922,18,No Claim
CUS8DGO62Q58AUY,PROD122543,General,120635,6,No Claim
CUSFZX0PH8M8F58,PROD122557,Health,89962,17,No Claim
CUSAO1KVLDHP3A0,PROD122573,General,238126,20,No Claim
CUSW6M9HKHJG4IH,PROD122600,General,135060,24,Claim Filed
CUS3VBC0GUYWISA,PROD122602,Life,120747,20,No Claim
CUSJ52LBRAY5M8Z,PROD122606,General,186434,5,No Claim
931434589510,PROD122608,Life,50070,9,No Claim
CUS15YIUPTW341I,PROD122617,General,238021,19,No Claim
CUSQHDX8V94IRM2,PROD122623,Health,234104,11,No Claim
646442945950,PROD122625,Life,67811,18,No Claim
CUSSHYBREY2IKNI,PROD122626,Health,211584,21,No Claim
CUSSC839CD2RSP2,PROD122627,General,44141,9,No Claim
CUSHFLO0MOHNLX5,PROD122635,Life,99902,20,No Claim
CUS2QW7M4V5DE3B,PROD122636,General,167691,9,No Claim
912538571485,PROD122639,Life,120396,6,No Claim
CUSWU3CG87KGK7D,PROD122643,Health,86634,12,No Claim
CUS8SI77J17VH8H,PROD122644,Health,206517,22,No Claim
CUSXH18STXGKCEZ,PROD122646,Life,233595,20,No Claim
CUSEDHZ9D2F6FMH,PROD122649,General,209198,20,No Claim
CUS249GZ81U8ZHI,PROD122650,Health,140308,19,No Claim
CUS5ZVSYA6WE1XL,PROD122653,General,62003,6,No Claim
CUS76X6HJGNZCLM,PROD122659,Health,68575,6,No Claim
CUS5FIG55C34TDS,PROD122660,General,182745,6,No Claim
CUSW8IJUQD1GOVP,PROD122661,Health,93713,18,No Claim
CUSMOV2ALHKCEBE,PROD122665,Life,51827,13,No Claim
CUSPGVTN4YPKW74,PROD122669,Health,113533,9,No Claim
CUSN5EETUYXPOOC,PROD122672,General,102406,16,No Claim
CUSM7KB6JNP8OY9,PROD122676,Life,220887,15,No Claim
CUSYJFS5PZ6A44B,PROD122683,Life,42974,14,No Claim
CUSL7ARD8Z23W8G,PROD122684,Life,224275,12,No Claim
423747223016,PROD122692,General,155205,12,No Claim
CUSVJ3PTTYZTIEU,PROD122696,Health,200209,15,No Claim
195043831906,PROD122697,General,169854,21,No Claim
CUSC5BJWSJ4CTLU,PROD122698,Health,232243,22,No Claim
CUSDPFGYXWTY3N0,PROD122704,Life,129562,6,No Claim
444878719593,PROD122726,General,207375,25,No Claim
CUSBC7GBR320A5C,PROD122727,General,108527,19,No Claim
CUSO0RQP40YDBTL,PROD122730,Life,66029,8,No Claim
CUSIUPFPKPIJJTV,PROD122731,General,107888,19,No Claim
CUSSGR09R19F9WB,PROD122732,General,28750,8,No Claim
CUSMUSK84L0DDIN,PROD122740,General,245280,11,No Claim
CUSB0PO8BYVPJGX,PROD122743,Life,163060,16,No Claim
CUSMOV2ALHKCEBE,PROD122763,Life,247390,14,No Claim
CUS3NUYNUDI3J5N,PROD122764,Health,174105,12,No Claim
CUSSKZH0SZOHX2H,PROD122766,Life,66884,7,No Claim
CUSUH1Z50QIHKY0,PROD122771,Health,155928,21,No Claim
CUSNH33HR6KZTZK,PROD122775,General,207507,14,No Claim
CUSJUTJSBME8ZGB,PROD122778,Health,213268,10,No Claim
919083230386,PROD122782,General,54232,21,No Claim
CUS9OU7P9DQYCRV,PROD122786,Health,208134,10,No Claim
CUSJA5AUEC309U6,PROD122788,Health,114394,17,Claim Settled
677255663556,PROD122792,General,74880,18,No Claim
CUSMHNEN5A38JNL,PROD122795,General,183725,21,No Claim
CUSG2C2350534NG,PROD122802,Life,161018,13,Claim Settled
CUS2E51YEXW6PL8,PROD122805,Health,246916,11,No Claim
CUS8TCIBOCJOQGL,PROD122817,General,163835,15,No Claim
CUS6QY8X5LD74TH,PROD122823,Life,78694,8,No Claim
CUS4RWJ4HIPFBK6,PROD122825,Life,214139,20,No Claim
CUSW2G4AVF5Z7XN,PROD122827,Health,229777,6,No Claim
CUSUKT1D5O2BLV1,PROD122834,Health,187453,23,No Claim
CUSO80X2545MAN7,PROD122835,Health,146267,10,No Claim
CUS9AG4KQA7YEZA,PROD122850,General,72869,21,No Claim
CUSB85TNTG6GIUS,PROD122851,Health,219327,25,No Claim
CUSD4DJXMVMTYGL,PROD122852,General,52967,16,No Claim
CUSE1FPQQG06E54,PROD122853,General,219244,12,No Claim
CUSTF6LN824TL7J,PROD122855,Health,105386,17,No Claim
CUS9H7ISIPTE5NQ,PROD122862,General,43181,21,Claim Settled
CUS9Y4UGKT41O2Q,PROD122866,General,116351,7,Claim Settled
CUS1QAQLMICV6M5,PROD122878,Health,89483,20,No Claim
400521900295,PROD122882,General,186134,14,No Claim
CUSKHYXOM3FDIXV,PROD122889,General,91856,16,No Claim
CUSV2EODL1OEQEH,PROD122906,General,102452,22,No Claim
CUSRC48PDCS5UA8,PROD122910,General,79369,14,No Claim
CUSNZD9HZKCAZ8R,PROD122913,Health,203822,5,No Claim
983325304475,PROD122920,General,83866,9,No Claim
CUSJ7UPFLN4RXYJ,PROD122921,General,67427,25,No Claim
CUSKF0P22H7PUEM,PROD122929,Life,200664,20,No Claim
436004988558,PROD122939,Life,202131,8,No Claim
CUSUYMTUFS91BGU,PROD122947,Health,32656,15,No Claim
CUS1MC4XWI7G3C3,PROD122956,Health,187301,8,No Claim
CUS9LGZ540E1YGK,PROD122958,Life,234194,23,No Claim
CUSQZUBI2VM5X9V,PROD122959,General,99881,7,Claim Filed
CUS5J8C6L8ZQ3CN,PROD122962,General,204392,6,No Claim
CUSOVLHGNXUE502,PROD122965,Health,191900,16,No Claim
CUSDUUOOZ7PVYA3,PROD122973,Life,247302,17,No Claim
CUS2BCY7TXB60I8,PROD122974,Health,181132,11,No Claim
CUSU67XPCDVVXCF,PROD122976,Health,210160,18,No Claim
CUSI1C106NPRYN5,PROD122978,Health,44833,12,No Claim
CUSDZNFZASXDZJ1,PROD122981,Health,176005,6,Claim Filed
CUSAVKJF4XAO7A3,PROD122982,General,142813,9,Claim Settled
CUSE3SHLUI94ANS,PROD122991,Life,33305,8,No Claim
CUSLT3IJE7XJIW7,PROD122992,General,120177,7,No Claim
811531905227,PROD122996,General,61201,16,No Claim
CUS465N89XNZK61,PROD122997,General,56523,25,Claim Filed
CUSMCCHHU7YCLES,PROD123007,General,107674,6,No Claim
CUS3S2DE1629090,PROD123012,Health,68397,9,No Claim
CUSJ4A0571D1ALY,PROD123013,General,95031,22,No Claim
CUSOAHBF47EQ5RW,PROD123018,General,40918,15,No Claim
CUSSPA6NCPXLGRD,PROD123020,General,26253,23,No Claim
CUSO1N7J0MVRE1M,PROD123021,Life,122749,18,No Claim
CUSS58BQZACGBVQ,PROD123022,Life,57355,14,No Claim
CUSD2R9LNR7CZAH,PROD123024,Life,198408,12,No Claim
CUS1XILARP96V1L,PROD123029,General,225343,24,No Claim
CUSCWRI6H8BPTEE,PROD123030,Life,139430,9,Claim Filed
CUS8KY3QUZNUKQO,PROD123038,Life,139873,6,No Claim
CUSTTN1HM8V5T53,PROD123047,Life,178329,9,No Claim
CUSUPXW4WVSV1RS,PROD123053,General,91893,13,No Claim
CUSYY3J1LU0LGUE,PROD123056,Life,193685,9,No Claim
CUSMPLRPMXYRAEO,PROD123058,Health,115255,11,No Claim
CUSEGTPCBFONH6F,PROD123067,Life,127355,6,No Claim
CUS9KT9EZ29GU65,PROD123074,General,203681,14,No Claim
CUSCTP309UDFQ9C,PROD123077,Life,199716,12,No Claim
CUSAPQFYAM7UQY6,PROD123083,General,235266,24,No Claim
CUSNG3DOWRSGBCT,PROD123091,Health,41367,9,No Claim
CUSEJ908CZGF0H3,PROD123096,Life,73290,15,No Claim
618840716909,PROD123109,Health,48793,13,No Claim
CUSAI3CE0DTFI67,PROD123112,Life,172215,13,No Claim
CUSF5F2BTSNQBE0,PROD123115,General,205381,18,No Claim
CUS717VWP66J937,PROD123116,General,220220,13,No Claim
493843221902,PROD123118,Life,145805,24,No Claim
CUSULIIX8GFVEA5,PROD123119,Health,95573,23,No Claim
CUSVSU3FUEB0JGX,PROD123121,Life,176677,16,No Claim
CUSRZVCPU1W93FQ,PROD123127,Life,117352,5,No Claim
CUSOVGDU35H2ZSI,PROD123132,Health,213903,6,No Claim
CUS0QJ7FTWD25MI,PROD123133,Health,217825,18,No Claim
CUSW62JMQLQ3432,PROD123135,Health,194135,16,No Claim
CUS2WD6ISXRIO78,PROD123137,Health,95970,20,No Claim
CUSR1KCUWD53LO7,PROD123148,General,238974,11,No Claim
739626385968,PROD123150,Health,205166,8,No Claim
CUSE1MC3SDIHJ6W,PROD123152,Health,194958,21,No Claim
CUS2JGWJZQE061Q,PROD123163,Life,240617,14,No Claim
CUSS4TO3RVEB4EF,PROD123164,General,240726,16,No Claim
975987570795,PROD123165,Health,41433,24,No Claim
CUSWLHMN2BOJP5D,PROD123166,Health,92418,6,No Claim
CUSNWQVESEUQZ85,PROD123170,Health,38193,25,No Claim
CUSA1IG6M0MPYVN,PROD123172,Health,89813,6,No Claim
767789168350,PROD123179,Life,119778,14,No Claim
CUSARGHNC2B3D5P,PROD123182,Health,42423,17,No Claim
CUSDZ36WGNGXMO8,PROD123184,General,78477,5,No Claim
CUS43OAE95DBZM5,PROD123186,Health,233852,9,No Claim
CUSUP8JGOSFESKL,PROD123198,Health,227463,18,No Claim
CUSVFU4JPX5I4BV,PROD123203,Life,117716,21,No Claim
CUSDVV0U8LO5X16,PROD123204,Health,151913,16,No Claim
CUSCFQCQED0FVZ3,PROD123207,Health,185871,16,No Claim
120521493027,PROD123216,General,232530,6,No Claim
CUS8UP8ZG759EYL,PROD123217,Life,140270,19,No Claim
567706739802,PROD123220,Health,183788,23,No Claim
CUSINW9NCNQDCN1,PROD123222,General,93977,12,Claim Settled
306490978378,PROD123226,Life,74667,8,No Claim
CUSBN993BKLNDA3,PROD123229,General,102031,23,No Claim
CUSDXES8XASCO9U,PROD123232,Life,234755,21,No Claim
CUSN2LWQV1UR1PY,PROD123235,General,85731,8,No Claim
791286978347,PROD123240,General,127957,23,No Claim
CUSVJ4UMSG9SX3K,PROD123242,Health,107189,19,No Claim
CUS471IFV9DHWAG,PROD123244,Life,173023,18,No Claim
965130278566,PROD123246,General,160921,22,No Claim
CUSUMQTIM9QFB8K,PROD123247,Life,159227,6,No Claim
683975792508,PROD123260,General,90926,21,No Claim
CUSXHKZ4T5G5WJ5,PROD123261,Life,205555,21,No Claim
CUS7BIVVX6LAII0,PROD123262,Life,147016,10,No Claim
CUSPT9MGPCKACEN,PROD123269,Health,133922,14,No Claim
CUS1XPHP6K0ICAA,PROD123273,Life,187434,9,No Claim
CUSFB6G880C13WF,PROD123275,General,182660,21,No Claim
CUSNFJ9DRTFUBHR,PROD123280,Health,187164,17,No Claim
CUSRJ0VZLC6OJUR,PROD123281,Life,48945,17,No Claim
CUSK96KIMEOBAI8,PROD123289,General,92484,13,Claim Settled
CUS05VOW78AOGNI,PROD123293,General,87698,22,No Claim
CUS5XV17URYKFD2,PROD123296,Life,54219,16,No Claim
CUSH7W2IVOGTS0X,PROD123301,Life,120172,18,No Claim
CUSFNGQYMF63CMQ,PROD123307,General,49234,14,No Claim
CUSLMTKYU1TDW8P,PROD123308,Life,122737,23,No Claim
CUSCKCTRQLN03EE,PROD123311,Health,81533,12,No Claim
CUSMFLWYGQRHT61,PROD123314,Life,152697,22,No Claim
CUSTKQOK8YBF6BL,PROD123319,Health,103526,21,No Claim
CUSS95GNQCEIFVV,PROD123322,Life,189030,16,No Claim
CUSSF2R7KEQCZFX,PROD123326,Health,188219,16,No Claim
CUS4MOOML43XLXS,PROD123329,Health,233124,24,No Claim
CUS174ZZB727FOR,PROD123330,Health,241898,7,No Claim
CUS33TR11TSWBQ9,PROD123334,Health,48811,21,No Claim
CUSA3WX6ILJ42CW,PROD123348,General,230097,21,Claim Settled
CUSDQUD9U6FMQLJ,PROD123351,Life,120348,14,No Claim
CUSGZX4198ISTIM,PROD123354,Health,103175,14,No Claim
CUSGW7GX5AQKMSA,PROD123361,General,158412,7,No Claim
CUSSB1DYK48ZDPY,PROD123363,Health,72644,24,No Claim
CUS4EFF1GV22GEY,PROD123372,General,211212,5,No Claim
362407376101,PROD123374,Health,229645,5,No Claim
CUS4XL69DH0905R,PROD123376,Health,242343,14,No Claim
CUSABBF8VTHHG38,PROD123386,Life,247257,9,No Claim
CUS79U4DT115KIR,PROD123389,General,207365,11,No Claim
CUS7SM2511TAE8Q,PROD123391,Life,211225,20,No Claim
CUSTJPCFV7HS1TL,PROD123392,Life,29344,16,No Claim
CUS77XO3522MKOQ,PROD123395,General,136604,13,No Claim
CUSR1E8UXTR13IT,PROD123396,Life,195129,16,No Claim
CUSJYZOZWX67KJK,PROD123409,Health,163125,10,No Claim
CUSYPVBJJL96PLA,PROD123420,Health,191845,20,No Claim
CUSF35R0HT2R32N,PROD123425,Life,211068,13,No Claim
CUS3V9ZS4BF1Q2B,PROD123426,Life,243009,17,No Claim
CUSKINGK9UHCJ6I,PROD123432,Life,41665,10,No Claim
CUS3NPUVROPHMJ6,PROD123447,General,47961,9,No Claim
CUSJ0ZA4PJ0RF16,PROD123452,General,222505,19,No Claim
CUSYT4OHA4ZHORO,PROD123453,General,91622,20,No Claim
CUSXR2YQ373ZN5R,PROD123457,General,31412,7,No Claim
CUS2C0WDB0ECGKZ,PROD123459,Life,159506,10,No Claim
CUSMJB73DYWSZ4X,PROD123467,Life,30281,5,No Claim
CUSC8FU10H7A1FF,PROD123482,General,222631,22,No Claim
CUSN1XSMIZABVUV,PROD123489,Health,129434,21,No Claim
899257873454,PROD123501,Health,176560,10,Claim Filed
CUSB8PWREPB15AV,PROD123502,Life,128313,8,No Claim
CUSPCSRWALVSI6X,PROD123503,Life,73721,24,No Claim
CUSASFEN0B09ZIV,PROD123514,General,121545,24,No Claim
CUSCLVVAGY1E6WW,PROD123516,Health,130678,21,No Claim
CUS5YGQTJZV37EA,PROD123523,General,242485,20,No Claim
881256473605,PROD123524,Life,130213,19,No Claim
CUSIP8R6BOODWZU,PROD123525,Life,113576,10,No Claim
CUSGE1JWESGKPL7,PROD123533,Health,189411,5,No Claim
CUSVAJE3GRGZXFQ,PROD123538,Life,106116,15,No Claim
CUSK4RQJWOJWF50,PROD123541,General,53553,22,No Claim
CUSPQCN9FZBPFZM,PROD123548,Life,181214,20,No Claim
753241376301,PROD123569,General,117953,17,No Claim
CUSLTTF5MCHA3CU,PROD123571,Life,70997,10,No Claim
CUSNA7HN98X16F4,PROD123577,Life,91786,19,No Claim
CUSA4XGOPTZPVG2,PROD123581,Health,27076,10,No Claim
CUSJDHPN2ZTMTG0,PROD123582,Health,204211,13,No Claim
CUSW2C3F52KQFCB,PROD123583,Life,236089,19,No Claim
CUSDDR3BS62IK2D,PROD123584,Life,208877,6,No Claim
CUSKMV1PUB4YIMG,PROD123585,Life,157872,14,No Claim
CUSNZOB2E83JTR0,PROD123592,Health,152386,24,No Claim
CUSPJYY4FC9KTQI,PROD123596,General,87310,19,No Claim
CUSIXCIJQN6C4W7,PROD123600,Health,55939,6,No Claim
CUSPHTN0UONQAIP,PROD123613,Life,180699,19,No Claim
CUSTC2SCR8SW5UT,PROD123614,General,33426,13,No Claim
CUS4S4FW00R3FDT,PROD123617,General,30917,20,No Claim
CUSU66KFZNFQ2YR,PROD123618,Health,142583,24,No Claim
CUS1LI8ARE104RP,PROD123624,Health,210445,24,No Claim
CUS16O9BQ5WH9DP,PROD123626,Health,218033,8,No Claim
CUSDGDBRNID5R6D,PROD123635,General,222498,25,No Claim
CUSGRKGUH7L6BPX,PROD123639,Life,241124,5,No Claim
CUS84B7KLZTSKND,PROD123641,General,171499,11,No Claim
CUS3YPQ5LYYP6S0,PROD123642,Life,236168,19,No Claim
CUSV80HD46EK38B,PROD123645,General,220721,23,No Claim
CUSHT4YPRTNDJNI,PROD123646,Life,164292,15,No Claim
CUSJKAIE51RT72D,PROD123651,General,192270,11,No Claim
CUSSNAEG7W1RACZ,PROD123655,General,127459,11,No Claim
203384229283,PROD123656,General,174504,15,No Claim
373991045853,PROD123657,Life,232556,9,No Claim
903040086436,PROD123658,General,249068,21,No Claim
CUSENTHBI6OFCBL,PROD123687,Health,249526,25,Claim Settled
CUS4XPYHAH8CROH,PROD123695,General,78669,22,No Claim
CUSDQC4W7DKKQYB,PROD123698,Life,242943,20,No Claim
CUS1GB0WX4L14P6,PROD123701,Life,62276,20,No Claim
CUSLI0DSOXE8EI2,PROD123704,General,44912,10,No Claim
CUSKTPV4CJLWY1X,PROD123705,General,173681,8,No Claim
CUSVJWZ1ZEAAWTQ,PROD123707,General,161670,15,No Claim
CUS767Z4RNPQKRY,PROD123713,General,154698,14,Claim Settled
CUS074GNRB0IWTT,PROD123715,Health,167313,14,No Claim
CUS1WKM7HVJ13AI,PROD123721,Life,33286,19,Claim Settled
591032415411,PROD123726,Health,248782,22,No Claim
CUSA3DADDUNTYZK,PROD123737,Life,195398,13,No Claim
CUS6ZPI288H23TU,PROD123745,Life,39044,12,No Claim
CUSXJ6Q2WSWSB3Z,PROD123748,General,174335,23,No Claim
CUS2AB9TDPVCMDF,PROD123749,Health,28180,18,No Claim
364378175534,PROD123752,Health,157931,14,No Claim
CUSVPRZBYJJI6ND,PROD123760,General,49648,12,No Claim
CUS4MAL2SWZWMPU,PROD123761,Life,198965,5,No Claim
CUSFMMEN4052W8L,PROD123762,Life,82353,11,No Claim
CUSO1QZ9B6S3F78,PROD123763,Health,242858,25,No Claim
CUSFDAP1YRUHG2G,PROD123766,General,154222,12,No Claim
325582845312,PROD123770,Health,116073,14,Claim Filed
CUSNO2A17GYAFH8,PROD123777,General,130316,9,No Claim
CUSR7O1CHKLZJ3D,PROD123780,Life,147508,21,No Claim
CUSWLLOF0EWW6Q3,PROD123783,Health,112949,20,No Claim
CUSIUE0XPH8IGZ3,PROD123786,Life,134741,9,No Claim
CUSD2DTC6L45DOP,PROD123797,Health,208366,25,No Claim
CUS3YTLJTXSRH6D,PROD123799,General,101894,9,No Claim
CUSI6VDXFVUEAF8,PROD123812,General,214055,24,No Claim
CUS280EHIWA4RCE,PROD123815,Life,43613,5,No Claim
711267517370,PROD123817,General,241083,19,No Claim
CUSLPK8CTNBK05W,PROD123820,Health,125090,11,No Claim
CUS80M7Q6PW1Z4R,PROD123827,General,248755,17,No Claim
908502689636,PROD123833,Health,138626,15,No Claim
CUSV445DWGN2OVO,PROD123840,General,77077,19,No Claim
CUSZJRH9FIOQ7A6,PROD123843,Health,203661,24,No Claim
CUSTPNA7OGPJVAE,PROD123844,General,235725,6,No Claim
CUSBH70Z6QGEAJX,PROD123851,General,195096,12,No Claim
CUSBD7EXKV50VSJ,PROD123852,Life,151483,5,No Claim
144392205931,PROD123859,Health,150528,22,No Claim
681995735489,PROD123860,Health,236351,24,No Claim
895618867192,PROD123864,Life,137825,18,Claim Settled
CUSV5L8UF8M7EIT,PROD123870,General,192836,25,Claim Settled
CUSG1S1RBZEDEPA,PROD123876,General,150588,12,No Claim
CUSVLTBIDXTI905,PROD123879,Life,128804,6,No Claim
CUSVKYM1IV2DGI0,PROD123883,Health,215858,9,No Claim
415799532417,PROD123885,Life,118546,17,No Claim
CUSJOW0Z874RBJC,PROD123890,Health,197922,15,No Claim
CUSHZCRYN7NLSH7,PROD123893,Life,43546,22,No Claim
CUSN9GF8KYASD39,PROD123894,Health,242562,23,No Claim
CUS54FWOL71JWTQ,PROD123895,Health,46323,10,No Claim
CUSO0CQ5VUQ0CBW,PROD123896,Health,43214,12,No Claim
980856988742,PROD123898,Health,232985,24,No Claim
CUS9FVHBMFXF3TD,PROD123899,General,56041,8,No Claim
CUS2J5ZB4FH5BF3,PROD123901,Life,36541,21,No Claim
CUSYYK9VJQCIRVO,PROD123909,General,241267,6,No Claim
CUSCM4D1CXY4TAY,PROD123919,Health,141629,5,No Claim
CUSL5H168287SF1,PROD123923,Life,101165,12,Claim Filed
CUSHXXH7RTIJP4J,PROD123926,Life,196227,21,No Claim
CUSF43SUO70WTJH,PROD123933,General,76910,21,No Claim
CUS6HLS3NZDJPM2,PROD123942,Health,89952,16,Claim Filed
CUSXVEE8LJPEYSY,PROD123947,Health,221457,15,No Claim
CUSBB0NXHF7BKKS,PROD123952,Health,246109,17,No Claim
CUSRI7JBCWWMM03,PROD123955,Health,248508,11,No Claim
CUS2Y4LEFL6S24E,PROD123957,Health,40264,20,No Claim
CUSXPLK1CMQGG3W,PROD123965,Health,87656,13,No Claim
CUS00J1TVH1QWC7,PROD123969,Life,38426,13,No Claim
CUSN5IO7R6FWKBZ,PROD123970,General,128731,11,No Claim
CUSO5H6VPRPI6FT,PROD123976,Health,204627,14,Claim Settled
570877638092,PROD123980,General,60722,21,No Claim
CUSFMS2IQGOVX05,PROD123983,General,36694,16,No Claim
CUSBDPA5MS0IT1V,PROD123987,Life,55352,12,No Claim
CUS3N9EW3CCNUR9,PROD123995,General,192536,23,No Claim
CUS7JKZWFB9CRMB,PROD123997,General,136774,9,No Claim
CUSZ9ZY4IGK6ORJ,PROD123999,Health,187618,17,No Claim
CUSHKRSEEV6NWQM,PROD124007,General,170049,19,No Claim
CUSDRSJFJ277UQQ,PROD124016,Health,68809,14,No Claim
CUSVO0EN9UU2Y4I,PROD124017,General,230245,8,No Claim
CUSFM4GNDU4DJAP,PROD124019,Life,33263,15,Claim Filed
CUSX2KB7LTKJX09,PROD124021,General,141412,25,Claim Settled
290785988961,PROD124023,Health,42072,13,No Claim
CUS3T46KK7DRIZB,PROD124028,Health,171450,23,No Claim
CUSWO77MPJN343Q,PROD124034,Life,177894,24,No Claim
CUSEUBDVYR47WIN,PROD124039,Life,227378,18,No Claim
243010160319,PROD124043,Health,165946,6,No Claim
CUS9DLBNP7HPTE6,PROD124044,Life,191154,9,No Claim
CUSW23AJDD98K7W,PROD124046,General,204243,7,No Claim
CUSNQHUJ0CTXPDC,PROD124057,General,32635,17,No Claim
CUSR6QSM7IEPR6L,PROD124063,Life,97934,17,No Claim
CUSFW9MSS0UPY8E,PROD124071,General,233541,10,No Claim
CUSEOQ4YRP5GE09,PROD124076,Life,176350,17,No Claim
CUS6TIDYXMWWA0M,PROD124077,Health,38834,9,No Claim
CUS6W8GRL0CBJI9,PROD124084,Health,72478,8,No Claim
CUSI8IJCO7DY6PG,PROD124086,Health,61910,8,No Claim
CUSWO07B84M34TU,PROD124098,General,229836,13,No Claim
CUSGE58WK1DUFXU,PROD124099,Life,145490,14,No Claim
CUS6PFQ11BBK6M5,PROD124104,Health,235811,5,Claim Settled
CUSNNB5KFQ5RUPH,PROD124110,General,249497,6,No Claim
CUSUML3SOJPX16F,PROD124111,General,237683,18,No Claim
CUSQ5HEO1SUF2H2,PROD124115,Life,72283,10,No Claim
CUSSM5JQJE4PQWU,PROD124124,Life,104885,10,No Claim
CUSHEYZKWEOAKSL,PROD124136,Life,95773,25,No Claim
772776437288,PROD124138,Life,167552,25,No Claim
CUSS1DE9JV8O07Z,PROD124143,Life,27586,10,No Claim
CUSBAFMJ7ZUYZU9,PROD124147,Life,92147,19,No Claim
CUSY853J5SFMZQR,PROD124155,Health,50910,14,No Claim
CUSTE3BXTDYXVYD,PROD124157,Health,157629,15,No Claim
CUSQIKQ0ZJCDECZ,PROD124163,Life,123067,25,No Claim
CUSWUEXGSKH2FBT,PROD124167,General,118989,24,No Claim
CUSN9GF8KYASD39,PROD124169,Life,145624,18,No Claim
CUS29JFL5CJU8WL,PROD124175,Health,211325,15,No Claim
CUSGA5AEG9174NR,PROD124176,General,229406,23,No Claim
CUS4GUDIC4TRBAR,PROD124191,Health,77890,17,No Claim
CUS1MC4XWI7G3C3,PROD124196,General,48284,25,No Claim
403106975184,PROD124202,General,121524,10,No Claim
CUSPA147OLT0UFH,PROD124205,General,164002,23,No Claim
CUSRVZSQZUCK9O6,PROD124206,General,119801,25,No Claim
CUSVVP8RYAQRWKY,PROD124207,General,110388,13,No Claim
CUSZJET535EMNJG,PROD124213,Life,249113,23,No Claim
CUSPRCVA140RZOC,PROD124216,Health,95354,15,No Claim
CUSVD08NZ394NVE,PROD124217,Health,186184,5,No Claim
CUSTQHHE0QH1XJN,PROD124223,Health,210554,5,No Claim
CUSEL5CVRCAJGJV,PROD124229,Health,112811,16,No Claim
CUS5B3ONXB930BZ,PROD124232,Life,61443,22,No Claim
CUSIN4XZTW15W5N,PROD124242,General,103643,10,No Claim
CUS8RLR4GVOH6DI,PROD124243,Health,197059,16,No Claim
CUSMA2HMMTX3T9E,PROD124251,Life,168423,5,No Claim
CUSF4KC5VX5Y8KT,PROD124253,Life,248744,21,No Claim
CUSTSD2SBZMPEI6,PROD124255,General,59348,6,No Claim
CUSDRQFVFA5QUB0,PROD124258,Life,96284,13,No Claim
CUS3EFEAKLSSZ71,PROD124264,Life,148405,13,No Claim
CUS97JJKG866AWC,PROD124265,Health,40076,16,No Claim
CUSMPBUYCXHOYME,PROD124268,General,35122,24,No Claim
CUSI2F8RPJX0WUZ,PROD124269,General,238477,7,No Claim
CUSNL384XG08GSG,PROD124272,Health,222883,16,No Claim
394647008151,PROD124275,General,150333,6,No Claim
CUS1GSHC9MVE12T,PROD124285,Health,236096,8,No Claim
CUSDSCS5M4EVUGU,PROD124288,Health,165770,23,No Claim
CUSRXONBNPJDN2M,PROD124294,Life,218998,9,No Claim
165650265395,PROD124295,Life,209179,6,No Claim
CUSXUA4DQXIN672,PROD124300,Life,93474,18,No Claim
CUS6ULLB7NMT4E8,PROD124307,General,49444,18,No Claim
CUS20NAJ4OWI713,PROD124314,Life,115647,20,No Claim
CUS8GY4TTTFBN2O,PROD124317,Life,81949,13,No Claim
CUSRK3FY2GDILFL,PROD124321,Life,131475,16,No Claim
CUSU3LEIF05KIYL,PROD124322,General,140312,6,No Claim
CUS8453GZC3OQBK,PROD124327,Life,110790,21,No Claim
CUS0W8DCE3MOFDP,PROD124332,Life,50762,24,No Claim
CUSOS08FFF55V6T,PROD124339,Health,219211,15,No Claim
CUSFUW2S0OTC24B,PROD124340,General,138080,12,No Claim
CUSF8XANPMIJD8R,PROD124341,Life,225273,5,No Claim
CUSPXA6K56P0N6D,PROD124352,Health,164608,16,No Claim
CUSG4NGZQGOMA08,PROD124365,Health,224885,8,No Claim
CUS8I8DF70P2LR5,PROD124370,General,155351,13,No Claim
CUS1Q0TCJAO5UAO,PROD124377,Health,50879,22,No Claim
CUSWXPZ2T5AW2C1,PROD124378,General,132483,6,No Claim
CUS3WNBEMP803HT,PROD124384,General,191878,22,No Claim
CUSNX6E7G1LUQFG,PROD124402,General,121272,12,No Claim
CUSFGHVWUWFQWAH,PROD124403,Life,120868,25,No Claim
CUSUKPI6T7XNBKL,PROD124405,Health,227013,6,No Claim
CUS8YEKUJIIDEA1,PROD124409,General,229089,5,No Claim
CUSLDIJVW88NWKN,PROD124418,General,228223,11,No Claim
CUSLHYFT396QBV3,PROD124420,Health,213533,7,No Claim
CUSGKF5QSV8KTO0,PROD124421,General,101572,20,Claim Settled
CUSUGOY86SMI9U1,PROD124424,Health,186983,8,No Claim
CUS97OWU04E4JRK,PROD124433,Life,66773,19,No Claim
CUSKH2PRANQ3V1U,PROD124437,Health,108687,13,No Claim
178972513400,PROD124438,Life,187621,13,No Claim
CUS9H54K3A4OEBP,PROD124439,General,65415,5,Claim Settled
CUS6H8XNEEU68ML,PROD124449,Health,184571,19,No Claim
CUSP4X4A4MCDY91,PROD124460,General,125105,8,No Claim
CUS70FL17TJ3RGQ,PROD124462,General,142826,18,No Claim
CUSSL76HK0YIFWK,PROD124469,General,101783,11,No Claim
CUSBWTAI0JL7TZW,PROD124472,Life,29099,12,No Claim
CUSMWVK6RXNF0CS,PROD124473,Health,195738,23,No Claim
CUSM4UA1FF0IG45,PROD124480,General,179911,14,No Claim
CUSNPVRR0N6487J,PROD124488,Health,107219,16,No Claim
CUSTFG2O9FMKKQ7,PROD124493,Health,183287,15,No Claim
CUSGMMKGJ2ZOWRF,PROD124500,General,180436,18,No Claim
CUSD021117NYXSV,PROD124502,Health,112978,5,No Claim
CUSIP5UWYURAEG9,PROD124507,Life,160197,8,No Claim
CUS0AU5IK31YUW2,PROD124508,Health,161234,5,No Claim
CUS7NEYHKN77Q2G,PROD124512,Health,142464,16,No Claim
CUSWH4RBFCC5C64,PROD124513,Health,240925,19,No Claim
CUSXRUTT247O0GX,PROD124516,Health,176361,9,No Claim
CUSKXUHVOCZSXLP,PROD124521,General,183446,23,No Claim
CUSYYJ5N860ATH9,PROD124524,Life,34695,5,No Claim
CUSYK5QGF1EZW9A,PROD124525,Health,181263,18,No Claim
CUSWEWXMJ54A7NW,PROD124531,General,105821,11,No Claim
CUSFWA5JF7OASE3,PROD124554,General,58059,16,No Claim
CUSLA1ARZ0QIQIG,PROD124557,General,89471,25,No Claim
CUSDBCPUXOYW8R8,PROD124563,Health,87181,11,No Claim
CUSFZWSNUW4QG52,PROD124567,Life,185799,8,No Claim
CUSVCPA9MVT4Z84,PROD124568,General,170820,15,No Claim
CUS2UDSHS36FM3K,PROD124570,General,178155,20,No Claim
CUSHZ7HOS2OY76M,PROD124572,General,249904,6,No Claim
CUSCB5ZH7XDRPC1,PROD124574,Life,234521,18,No Claim
CUST8IOTH54T7EG,PROD124579,General,51137,9,No Claim
CUSRY0GLR1RM9Z2,PROD124589,Life,31628,7,No Claim
579998054625,PROD124593,Life,217001,21,Claim Filed
CUS7VNAICEBXNCT,PROD124597,Life,134880,19,No Claim
CUS24CUYF84TYP3,PROD124600,Life,232514,15,No Claim
CUSL89P4O4V21MT,PROD124601,General,160894,23,No Claim
CUSRQNH49MX700W,PROD124603,Life,65887,13,No Claim
CUS1MN49KTF8AEL,PROD124606,Health,200051,21,No Claim
CUSULIY8SXA08OM,PROD124614,Health,196084,23,Claim Filed
CUSOG5R8P2Q74P6,PROD124615,General,223086,15,No Claim
CUSN5SRKI3W706S,PROD124617,Health,29954,6,No Claim
CUS50V2W520H1YN,PROD124625,General,225283,11,No Claim
CUSMMVX6E40C4F6,PROD124626,Health,214094,8,No Claim
CUS4VWR730F8IPI,PROD124627,Life,217386,15,No Claim
CUS3ASUL02PJFKJ,PROD124629,General,94712,6,No Claim
CUSHBE03N6AO29G,PROD124631,Life,103634,18,No Claim
CUS59R6M4HOEJDX,PROD124633,Health,230690,9,No Claim
CUS15XP894LB2VI,PROD124639,Health,179842,5,No Claim
663377656786,PROD124642,Health,168906,14,No Claim
CUSFEH42WOL2Z3C,PROD124665,Health,231215,23,No Claim
CUS6D3PFD8GSKOR,PROD124669,General,56366,22,Claim Settled
CUSRFDI4JDV8V1K,PROD124672,Life,25714,10,No Claim
CUSBMYXQF7WG5PB,PROD124674,Health,152847,8,Claim Settled
CUS5SC0SZFCWGTZ,PROD124676,Health,90769,22,No Claim
CUSGUXBR0LXL7C3,PROD124686,Health,240249,18,No Claim
CUSEBNWGZ026HHM,PROD124698,General,235698,19,No Claim
CUS3XDTD4DYXD5C,PROD124703,Life,148322,20,No Claim
CUSG6WMFZVKVPI2,PROD124706,Life,85564,19,No Claim
698918311457,PROD124710,Life,71975,20,No Claim
CUSF5FHJVDVEFK6,PROD124715,Life,159913,25,No Claim
CUSIIP5547TPZTO,PROD124719,Life,110027,10,No Claim
CUSW50QD5KCQ4FU,PROD124720,Life,221774,13,No Claim
CUSL50RGZMQBWPF,PROD124721,Life,120959,24,No Claim
CUS8PWJ1PWJITVS,PROD124725,Life,231723,13,No Claim
CUSOLXCW3OURWB9,PROD124729,Life,138754,23,No Claim
CUS3LQ9UNIVHJYY,PROD124733,Health,176831,13,No Claim
666122153948,PROD124739,Health,198630,11,No Claim
CUSXES1508FGKYH,PROD124746,Life,27513,14,No Claim
CUSOASD7IVIRM7Z,PROD124756,General,139082,22,No Claim
CUSUMQFTPI81HWB,PROD124757,Life,71799,14,No Claim
CUSDAHXRWY8PZG8,PROD124761,Life,170966,15,No Claim
849893853432,PROD124766,Life,216220,12,No Claim
CUSRCQHVMMU1SEV,PROD124767,Health,232166,17,Claim Filed
CUSCM2T8H4ARXLP,PROD124769,Health,58876,21,No Claim
CUSSJY95YC6X1T0,PROD124777,General,41675,5,No Claim
CUS5KE15GFNJD44,PROD124780,Health,223303,7,No Claim
CUSWI1U79WKR6LS,PROD124795,General,28194,8,No Claim
CUSN8HPBY37GAGN,PROD124798,Life,66696,12,No Claim
CUSFMB8ME6HO27V,PROD124811,General,122413,10,No Claim
CUSUUM0MOQSCKP7,PROD124813,Life,183823,12,No Claim
CUSK34RTUAJBQQX,PROD124815,Life,162750,7,Claim Filed
CUSKIC8B9BFNIPB,PROD124823,Health,199301,10,No Claim
CUS8YQHMCY4190Q,PROD124831,General,30505,12,No Claim
CUS22D7FQ41QGGO,PROD124832,General,196723,13,No Claim
CUSFW7H8DY10TLI,PROD124838,General,27395,15,No Claim
CUSCB6QMY5TLFJ2,PROD124841,General,141551,22,No Claim
CUSDQV1FTLB64I3,PROD124842,Life,27047,9,No Claim
CUSJT1VC3A6340Y,PROD124849,Health,71837,19,No Claim
CUSTUTPH8S2T682,PROD124851,Life,174888,18,No Claim
CUS3ADGEPQF3JB0,PROD124852,Life,37533,8,No Claim
CUSBQNIICD6O6W3,PROD124856,Health,29500,11,No Claim
CUS1NUK3LXXLT7I,PROD124857,Health,185972,21,No Claim
882269339831,PROD124858,Health,222990,22,No Claim
CUSTPK09OKDDYO7,PROD124862,Life,142946,11,No Claim
CUSGHWLGQOYM8BS,PROD124875,General,97504,24,No Claim
182696747555,PROD124879,Health,110240,22,No Claim
CUSQU0YY7QB5DDS,PROD124882,Life,33558,23,No Claim
CUSY2OM9EXZWVWA,PROD124887,Life,173174,7,No Claim
CUSE9H2P5HQILYF,PROD124893,General,170695,5,No Claim
CUST73RDDCDGFOZ,PROD124894,Health,106150,21,No Claim
CUSX4LGXLZZCKC3,PROD124900,General,76091,24,No Claim
CUSE7VMT2WDNOVB,PROD124906,Health,178773,11,No Claim
CUSF908TS4ZHMAO,PROD124907,Life,77297,7,No Claim
CUSA74CX6QB7FI2,PROD124908,Life,147617,23,No Claim
CUSDDD6NYI94HFC,PROD124913,Health,156237,20,Claim Settled
CUS0WBQMGL4SDR6,PROD124927,Life,87335,14,No Claim
CUSFTLTP0TGRRXH,PROD124928,Life,233704,18,No Claim
CUSL5N50WJ5FNI3,PROD124931,General,132559,18,No Claim
CUSBC5PC6FY8QJH,PROD124942,Health,94287,17,No Claim
CUSKCK4ZYNFGJ1Y,PROD124946,Life,49871,5,No Claim
CUS05NHQR6F7QNE,PROD124948,Life,148617,19,No Claim
CUSACCDZZC5A8SM,PROD124952,Health,26494,23,No Claim
CUSRTG1U73K97PD,PROD124976,General,230803,12,No Claim
777048799284,PROD124978,General,232596,25,Claim Filed
CUSPTLUOA7L1C8D,PROD124990,Health,30847,17,No Claim
CUSIKRAX1O2FY72,PROD124994,Life,137465,17,No Claim
597733715394,PROD124995,Life,77964,7,No Claim
